unit_uid,org_id,entity_id,name_canonical,name_from_source,name_variants,badges,name_status,admin_level,prov_code,city_code,admin_code,admin_name,admin_short,zone_id,zone_name,zone_short,zone_level,zone_admin_code,admin_relation,relation_evidence,relation_confirmed,parent_admin_code,group_id,co_occurrence_top,role,function_key,entry_id,entry_category,entry_url,entry_path,filter_rule,verify_status,verify_date,record_count,raw_matched,first_notice_date,last_notice_date,county_field_dist,crawl_note,portal_publisher
AH0001,AH0001,AH0001,,安徽省生态环境厅,安徽省环境保护厅 / 省生态环境厅,,在用,省级,340000,,,安徽省,安徽,,,,,,本级政府部门,,是,,,合肥市生态环境局:24 / 六安市生态环境局:9 / 铜陵市生态环境局:7,生态环境,—|省级|生态环境,3400-E019,,https://sthjt.ah.gov.cn/public/column/21691?type=4&catId=32709971&action=list,首页 > 信息公开 > 行政权力运行 > 行政许可 > 建设项目环评审批,,已核实,2026-09-21,503,0,,2026-09-17,,一个混合栏目：受理公示、批前公示、审批意见的函混排，故三列同址；已打开确认有环评条目（503 条记录）。省厅没有面向全省市县的统一环评公示平台，各市自建，见各市录入表,
AH0002,AH0002,AH0002,,中华人民共和国生态环境部,,,在用,国家,340000,,,,,,,,,,本级政府部门,,是,,,日喀则市环境保护局:16 / 安徽省生态环境厅:13 / 安徽省水利厅:5,生态环境,—|国家|生态环境,3400-E018,,https://www.mee.gov.cn/ywgz/hjyxpj/jsxmhjyxpj/xmslqk/,首页 > 业务工作 > 环境影响评价 > 建设项目环境影响评价 > 项目受理情况 / 已批准项目公告,,已核实,2026-09-16,155,0,,2026-07-04,,受理和已批准两个栏目已打开确认标题；拟批准项目公示栏目本次未定位,
AH0003,AH0003,AH0003,,安徽省人民政府,,,在用,省级,340000,,,安徽省,安徽,,,,,,本级政府部门,,是,,,阜阳市太和县生态环境分局:9 / 阜阳市生态环境局:2 / 毛集实验区发展改革局:1,其他部门,—|省级|人民政府,,,,,,,,14,0,,2023-05-24,,,
AH0004,AH0004,AH0004,,安徽省九成监狱管理分局,,,在用,省级,340000,,,安徽省,安徽,,,,,,本级政府部门,,是,,,安庆市生态环境局:1,其他部门,—|省级|九成监狱管理分局,,,,,,,,1,0,,2023-09-19,,,
AH0005,AH0005,AH0005,,民航安徽空管分局,,,在用,省级,340000,,,安徽省,安徽,,,,,,本级政府部门,,是,,,安徽省生态环境厅:1,其他部门,—|省级|民航空管分局,,,,,,,,1,0,,2022-04-22,,,
AH0075,AH0075,AH0075,,合肥市瑶海区生态环境分局,,,在用,区县,340000,340100,340102,瑶海区,瑶海,,,,,,本级政府部门,,是,,,合肥市生态环境局:5,生态环境,合肥市|瑶海|生态环境分局,3400-E001,,https://sthjj.hefei.gov.cn/site/tpl/13847?m=HPSL,首页 > 在线服务 > 建设项目环评受理公示 / 拟审批意见公开 / 已批复项目公告,,已核实,2026-09-21,21,21,2019-08-22,2026-07-17,瑶海:21,合肥全市（含各区县分局、开发区分局、政务服务中心窗口）的环评公示统一发在市局这三个栏目，按公示正文的「受理部门」区分单位；三个栏目均已打开确认有环评条目；21条,
AH0063,AH0063,AH0063,,合肥市庐阳区生态环境分局,,,在用,区县,340000,340100,340103,庐阳区,庐阳,,,,,,本级政府部门,,是,,,合肥市生态环境局:37,生态环境,合肥市|庐阳|生态环境分局,3400-E001,,https://sthjj.hefei.gov.cn/site/tpl/13847?m=HPSL,首页 > 在线服务 > 建设项目环评受理公示 / 拟审批意见公开 / 已批复项目公告,,已核实,2026-09-21,164,164,2014-10-30,2025-08-15,庐阳:160 / (空):4,合肥全市（含各区县分局、开发区分局、政务服务中心窗口）的环评公示统一发在市局这三个栏目，按公示正文的「受理部门」区分单位；三个栏目均已打开确认有环评条目；164条,
AH0061,AH0061,AH0061,,合肥市蜀山区生态环境分局,,,在用,区县,340000,340100,340104,蜀山区,蜀山,,,,,,本级政府部门,,是,,,合肥市生态环境局:24 / 合肥市蜀山区住房和城乡建设局:4 / 合肥市蜀山区环保局项目科:3,生态环境,合肥市|蜀山|生态环境分局,3400-E001,,https://sthjj.hefei.gov.cn/site/tpl/13847?m=HPSL,首页 > 在线服务 > 建设项目环评受理公示 / 拟审批意见公开 / 已批复项目公告,,已核实,2026-09-21,225,225,2016-07-26,2026-02-05,蜀山:213 / (空):12,合肥全市（含各区县分局、开发区分局、政务服务中心窗口）的环评公示统一发在市局这三个栏目，按公示正文的「受理部门」区分单位；三个栏目均已打开确认有环评条目；225条,
AH0100,AH0100,AH0100,,合肥市生态环境局蜀山分局,,,在用,区县,340000,340100,340104,蜀山区,蜀山,,,,,,本级政府部门,,是,,,合肥市蜀山区生态环境分局:1,生态环境,合肥市|蜀山|生态环境,3400-E001,,https://sthjj.hefei.gov.cn/site/tpl/13847?m=HPSL,首页 > 在线服务 > 建设项目环评受理公示 / 拟审批意见公开 / 已批复项目公告,,已核实,2026-09-21,2,2,2025-08-05,2025-08-28,蜀山:2,合肥全市（含各区县分局、开发区分局、政务服务中心窗口）的环评公示统一发在市局这三个栏目，按公示正文的「受理部门」区分单位；三个栏目均已打开确认有环评条目；2条,
AH0107,AH0107,AH0107,,合肥市蜀山区住房和城乡建设局,,,在用,区县,340000,340100,340104,蜀山区,蜀山,,,,,,本级政府部门,,是,,,合肥市蜀山区生态环境分局:1,其他部门,合肥市|蜀山|住房城乡建设局,,,,,,,,1,1,2020-08-20,2020-08-20,蜀山:1,,
AH0108,AH0108,AH0108,,合肥市蜀山区生态环境分局生态科,,,在用,区县,340000,340100,340104,蜀山区,蜀山,,,,,,本级政府部门,,是,,,合肥市蜀山区生态环境分局:1,生态环境,合肥市|蜀山|生态环境分局生态科,3400-E001,,https://sthjj.hefei.gov.cn/site/tpl/13847?m=HPSL,首页 > 在线服务 > 建设项目环评受理公示 / 拟审批意见公开 / 已批复项目公告,,已核实,2026-09-21,1,1,2022-04-08,2022-04-08,蜀山:1,合肥全市（含各区县分局、开发区分局、政务服务中心窗口）的环评公示统一发在市局这三个栏目，按公示正文的「受理部门」区分单位；三个栏目均已打开确认有环评条目；1条,
AH0109,AH0109,AH0109,,合肥市蜀山区生态环境分局项目科,,,在用,区县,340000,340100,340104,蜀山区,蜀山,,,,,,本级政府部门,,是,,,,生态环境,合肥市|蜀山|生态环境分局项目科,3400-E001,,https://sthjj.hefei.gov.cn/site/tpl/13847?m=HPSL,首页 > 在线服务 > 建设项目环评受理公示 / 拟审批意见公开 / 已批复项目公告,,已核实,2026-09-21,1,1,2020-12-14,2020-12-14,蜀山:1,合肥全市（含各区县分局、开发区分局、政务服务中心窗口）的环评公示统一发在市局这三个栏目，按公示正文的「受理部门」区分单位；三个栏目均已打开确认有环评条目；1条,
AH0065,AH0065,AH0065,,合肥市包河区生态环境分局,,,在用,区县,340000,340100,340111,包河区,包河,,,,,,本级政府部门,,是,,,合肥市生态环境局:24 / 合肥市包河区教育体育局:3 / 合肥市城乡建设局:1,生态环境,合肥市|包河|生态环境分局,3400-E001,,https://sthjj.hefei.gov.cn/site/tpl/13847?m=HPSL,首页 > 在线服务 > 建设项目环评受理公示 / 拟审批意见公开 / 已批复项目公告,,已核实,2026-09-21,151,150,2019-09-20,2026-08-28,包河:147 / (空):3,合肥全市（含各区县分局、开发区分局、政务服务中心窗口）的环评公示统一发在市局这三个栏目，按公示正文的「受理部门」区分单位；三个栏目均已打开确认有环评条目；151条,
AH0056,AH0056,AH0056,,合肥市长丰县生态环境分局,,,在用,区县,340000,340100,340121,长丰县,长丰,,,,,,本级政府部门,,是,,,合肥市生态环境局:116 / 长丰县政务服务中心县生态环境分局:104 / 长丰县政务服务南部中心县生态环境分局:73,生态环境,合肥市|长丰|生态环境分局,3400-E001,,https://sthjj.hefei.gov.cn/site/tpl/13847?m=HPSL,首页 > 在线服务 > 建设项目环评受理公示 / 拟审批意见公开 / 已批复项目公告,,已核实,2026-09-21,834,834,2014-03-31,2026-07-20,长丰:833 / (空):1,合肥全市（含各区县分局、开发区分局、政务服务中心窗口）的环评公示统一发在市局这三个栏目，按公示正文的「受理部门」区分单位；三个栏目均已打开确认有环评条目；834条,
AH0064,AH0064,AH0064,,长丰县政务服务中心南部中心生态环境分局,长丰县政务服务中心环保局 / 长丰县水湖镇长丰县环保局 / 长丰县政务服务中心县生态环境分局 / 镇长丰县环保局 / 湖镇长丰县环保局 / 水湖镇长丰县环保局,,在用,区县,340000,340100,340121,长丰县,长丰,,,,,,本级政府部门,,是,,,合肥市长丰县生态环境分局:1,生态环境,合肥市|长丰|生态环境,3400-E001,,https://sthjj.hefei.gov.cn/site/tpl/13847?m=HPSL,首页 > 在线服务 > 建设项目环评受理公示 / 拟审批意见公开 / 已批复项目公告,,已核实,2026-09-21,158,158,2014-05-14,2025-04-15,长丰:157 / (空):1,合肥全市（含各区县分局、开发区分局、政务服务中心窗口）的环评公示统一发在市局这三个栏目，按公示正文的「受理部门」区分单位；三个栏目均已打开确认有环评条目；158条,
AH0073,AH0073,AH0073,,长丰县水湖镇长丰县生态环境分局,,,在用,区县,340000,340100,340121,长丰县,长丰,,,,,,本级政府部门,,是,,,合肥市长丰县生态环境分局:33 / 合肥市生态环境局:13 / 合肥市双凤开发区管委会环保局:1,生态环境,合肥市|长丰|水湖镇生态环境分局,3400-E001,,https://sthjj.hefei.gov.cn/site/tpl/13847?m=HPSL,首页 > 在线服务 > 建设项目环评受理公示 / 拟审批意见公开 / 已批复项目公告,,已核实,2026-09-21,43,43,2020-06-09,2021-12-29,长丰:43,合肥全市（含各区县分局、开发区分局、政务服务中心窗口）的环评公示统一发在市局这三个栏目，按公示正文的「受理部门」区分单位；三个栏目均已打开确认有环评条目；43条,
AH0074,AH0074,AH0074,,长丰县政务服务南部中心生态环境分局,,,在用,区县,340000,340100,340121,长丰县,长丰,,,,,,本级政府部门,,是,,,合肥市长丰县生态环境分局:20 / 合肥市生态环境局:6 / 长丰县政务服务南部中心县生态环境分局:2,生态环境,合肥市|长丰|政务服务南部中心生态环境分局,3400-E001,,https://sthjj.hefei.gov.cn/site/tpl/13847?m=HPSL,首页 > 在线服务 > 建设项目环评受理公示 / 拟审批意见公开 / 已批复项目公告,,已核实,2026-09-21,25,25,2022-09-01,2024-09-16,长丰:25,合肥全市（含各区县分局、开发区分局、政务服务中心窗口）的环评公示统一发在市局这三个栏目，按公示正文的「受理部门」区分单位；三个栏目均已打开确认有环评条目；25条,
AH0076,AH0076,AH0076,,长丰县水湖镇县生态环境分局,,,在用,区县,340000,340100,340121,长丰县,长丰,,,,,,本级政府部门,,是,,,合肥市长丰县生态环境分局:18 / 长丰县水湖镇长丰县生态环境分局:1,生态环境,合肥市|长丰|水湖镇县生态环境分局,3400-E001,,https://sthjj.hefei.gov.cn/site/tpl/13847?m=HPSL,首页 > 在线服务 > 建设项目环评受理公示 / 拟审批意见公开 / 已批复项目公告,,已核实,2026-09-21,19,18,2019-12-13,2021-02-26,长丰:18,合肥全市（含各区县分局、开发区分局、政务服务中心窗口）的环评公示统一发在市局这三个栏目，按公示正文的「受理部门」区分单位；三个栏目均已打开确认有环评条目；19条,
AH0083,AH0083,AH0083,,长丰县政务服务南部分中心县生态环境分局,,,在用,区县,340000,340100,340121,长丰县,长丰,,,,,,本级政府部门,,是,,,合肥市长丰县生态环境分局:9 / 合肥市生态环境局:1 / 长丰县政务服务中心县生态环境分局:1,生态环境,合肥市|长丰|政务服务南部分中心县生态环境分局,3400-E001,,https://sthjj.hefei.gov.cn/site/tpl/13847?m=HPSL,首页 > 在线服务 > 建设项目环评受理公示 / 拟审批意见公开 / 已批复项目公告,,已核实,2026-09-21,9,9,2021-04-01,2021-11-16,长丰:9,合肥全市（含各区县分局、开发区分局、政务服务中心窗口）的环评公示统一发在市局这三个栏目，按公示正文的「受理部门」区分单位；三个栏目均已打开确认有环评条目；9条,
AH0058,AH0058,AH0058,,合肥市肥东县生态环境分局,肥东县生态环境分局,,在用,区县,340000,340100,340122,肥东县,肥东,,,,,,本级政府部门,,是,,,肥东县行政服务中心投资项目综合受理区生态环境分局:49 / 合肥市生态环境局:43 / 肥东县行政服务中心环保局:5,生态环境,合肥市|肥东|生态环境分局,3400-E001,,https://sthjj.hefei.gov.cn/site/tpl/13847?m=HPSL,首页 > 在线服务 > 建设项目环评受理公示 / 拟审批意见公开 / 已批复项目公告,,已核实,2026-09-21,463,463,2018-11-15,2026-09-16,肥东:460 / (空):3,合肥全市（含各区县分局、开发区分局、政务服务中心窗口）的环评公示统一发在市局这三个栏目，按公示正文的「受理部门」区分单位；三个栏目均已打开确认有环评条目；463条,
AH0069,AH0069,AH0069,,肥东县行政服务中心投资项目综合受理区生态环境分局,肥东县行政服务中心环保局,,在用,区县,340000,340100,340122,肥东县,肥东,,,,,,本级政府部门,,是,,,合肥市肥东县生态环境分局:3,生态环境,合肥市|肥东|生态环境,3400-E001,,https://sthjj.hefei.gov.cn/site/tpl/13847?m=HPSL,首页 > 在线服务 > 建设项目环评受理公示 / 拟审批意见公开 / 已批复项目公告,,已核实,2026-09-21,72,72,2017-06-07,2024-05-07,肥东:70 / (空):2,合肥全市（含各区县分局、开发区分局、政务服务中心窗口）的环评公示统一发在市局这三个栏目，按公示正文的「受理部门」区分单位；三个栏目均已打开确认有环评条目；72条,
AH0055,AH0055,AH0055,,合肥市肥西县生态环境分局,,,在用,区县,340000,340100,340123,肥西县,肥西,,,,,,本级政府部门,,是,,,肥西县行政服务中心环保局窗口:381 / 肥西县行政服务中心环保局:94 / 合肥市生态环境局:93,生态环境,合肥市|肥西|生态环境分局,3400-E001,,https://sthjj.hefei.gov.cn/site/tpl/13847?m=HPSL,首页 > 在线服务 > 建设项目环评受理公示 / 拟审批意见公开 / 已批复项目公告,,已核实,2026-09-21,1585,1585,2016-03-16,2026-09-03,肥西:1569 / 蜀山:11 / (空):5,合肥全市（含各区县分局、开发区分局、政务服务中心窗口）的环评公示统一发在市局这三个栏目，按公示正文的「受理部门」区分单位；三个栏目均已打开确认有环评条目；1585条,
AH0070,AH0070,AH0070,,肥西县政务服务中心生态环境分局,肥西县行政服务中心生态环境分局,,在用,区县,340000,340100,340123,肥西县,肥西,,,,,,本级政府部门,,是,,,合肥市肥西县生态环境分局:34 / 合肥市生态环境局:11 / 肥西县人民政府:1,生态环境,合肥市|肥西|生态环境,3400-E001,,https://sthjj.hefei.gov.cn/site/tpl/13847?m=HPSL,首页 > 在线服务 > 建设项目环评受理公示 / 拟审批意见公开 / 已批复项目公告,,已核实,2026-09-21,67,67,2022-11-04,2025-11-28,肥西:66 / (空):1,合肥全市（含各区县分局、开发区分局、政务服务中心窗口）的环评公示统一发在市局这三个栏目，按公示正文的「受理部门」区分单位；三个栏目均已打开确认有环评条目；67条,
AH0080,AH0080,AH0080,,肥西县交通运输局,,,在用,区县,340000,340100,340123,肥西县,肥西,,,,,,本级政府部门,,是,,,合肥市肥西县生态环境分局:6 / 合肥市生态环境局:2,其他部门,合肥市|肥西|交通运输局,,,,,,,,10,10,2020-12-29,2026-03-23,肥西:10,,
AH0091,AH0091,AH0091,,肥西县教育体育局,,,在用,区县,340000,340100,340123,肥西县,肥西,,,,,,本级政府部门,,是,,,肥西县行政服务中心环保局:1,其他部门,合肥市|肥西|教育体育局,,,,,,,,5,5,2017-06-13,2021-08-03,肥西:5,,
AH0095,AH0095,AH0095,,肥西县住房和城乡建设局,,,在用,区县,340000,340100,340123,肥西县,肥西,,,,,,本级政府部门,,是,,,合肥市肥西县生态环境分局:4 / 合肥市生态环境局:2 / 肥西县行政服务中心环保局:2,其他部门,合肥市|肥西|住房城乡建设局,,,,,,,,4,4,2021-01-22,2021-10-08,肥西:4,,
AH0123,AH0123,AH0123,,肥西县人民政府,,,在用,区县,340000,340100,340123,肥西县,肥西,,,,,,本级政府部门,,是,,,肥西县政务服务中心生态环境分局:1,其他部门,合肥市|肥西|人民政府,,,,,,,,1,1,2025-05-28,2025-05-28,肥西:1,,
AH0057,AH0057,AH0057,,合肥市庐江县生态环境分局,,,在用,区县,340000,340100,340124,庐江县,庐江,,,,,,本级政府部门,,是,,,合肥市生态环境局:207 / 庐江县行政服务中心环保局:176 / 庐江县行政服务中心环保局窗口:75,生态环境,合肥市|庐江|生态环境分局,3400-E001,,https://sthjj.hefei.gov.cn/site/tpl/13847?m=HPSL,首页 > 在线服务 > 建设项目环评受理公示 / 拟审批意见公开 / 已批复项目公告,,已核实,2026-09-21,645,645,2015-01-04,2026-05-16,庐江:645,合肥全市（含各区县分局、开发区分局、政务服务中心窗口）的环评公示统一发在市局这三个栏目，按公示正文的「受理部门」区分单位；三个栏目均已打开确认有环评条目；645条,
AH0066,AH0066,AH0066,,行政服务中心生态环境分局,庐江县行政服务中心生态环境分局 / 行政服务中心环保局,,在用,区县,340000,340100,340124,庐江县,庐江,,,,,,本级政府部门,,是,,,合肥市庐江县生态环境分局:4 / 合肥市生态环境局:1,生态环境,合肥市|庐江|生态环境,3400-E001,,https://sthjj.hefei.gov.cn/site/tpl/13847?m=HPSL,首页 > 在线服务 > 建设项目环评受理公示 / 拟审批意见公开 / 已批复项目公告,,已核实,2026-09-21,147,147,2015-01-04,2024-11-28,庐江:138 / 肥西:9,合肥全市（含各区县分局、开发区分局、政务服务中心窗口）的环评公示统一发在市局这三个栏目，按公示正文的「受理部门」区分单位；三个栏目均已打开确认有环评条目；147条,
AH0082,AH0082,AH0082,,庐江县交通运输局,,,在用,区县,340000,340100,340124,庐江县,庐江,,,,,,本级政府部门,,是,,,合肥市生态环境局:4 / 合肥市庐江县生态环境分局:3 / 庐江县教育局:1,其他部门,合肥市|庐江|交通运输局,,,,,,,,9,9,2015-01-14,2025-09-29,庐江:9,,
AH0087,AH0087,AH0087,,庐江县水务局,,,在用,区县,340000,340100,340124,庐江县,庐江,,,,,,本级政府部门,,是,,,庐江县行政服务中心环保局:4 / 合肥市生态环境局:1 / 庐江县行政服务中心环保局窗口:1,其他部门,合肥市|庐江|水务局,,,,,,,,6,6,2018-03-30,2023-02-10,庐江:6,,
AH0116,AH0116,AH0116,,庐江县住房与城乡建设局,,,在用,区县,340000,340100,340124,庐江县,庐江,,,,,,本级政府部门,,是,,,合肥市庐江县生态环境分局:1,其他部门,合肥市|庐江|住房与城乡建设局,,,,,,,,1,1,2015-03-19,2015-03-19,庐江:1,,
AH0117,AH0117,AH0117,,庐江县住房和城乡建设局,,,在用,区县,340000,340100,340124,庐江县,庐江,,,,,,本级政府部门,,是,,,合肥市庐江县生态环境分局:1,其他部门,合肥市|庐江|住房城乡建设局,,,,,,,,1,1,2018-04-09,2018-04-09,庐江:1,,
AH0118,AH0118,AH0118,,庐江县教育体育局,,,在用,区县,340000,340100,340124,庐江县,庐江,,,,,,本级政府部门,,是,,,合肥市庐江县生态环境分局:1 / 庐江县行政服务中心环保局:1,其他部门,合肥市|庐江|教育体育局,,,,,,,,1,1,2023-05-03,2023-05-03,庐江:1,,
AH0119,AH0119,AH0119,,庐江县教育局,,,在用,区县,340000,340100,340124,庐江县,庐江,,,,,,本级政府部门,,是,,,,其他部门,合肥市|庐江|教育局,,,,,,,,1,1,2017-07-21,2017-07-21,庐江:1,,
AH0120,AH0120,AH0120,,庐江县民政局,,,在用,区县,340000,340100,340124,庐江县,庐江,,,,,,本级政府部门,,是,,,,其他部门,合肥市|庐江|民政局,,,,,,,,1,1,2018-12-29,2018-12-29,庐江:1,,
AH0121,AH0121,AH0121,,庐江县重点工程建设管理中心,,,在用,区县,340000,340100,340124,庐江县,庐江,,,,,,本级政府部门,,是,,,,其他部门,合肥市|庐江|重点工程建设管理中心,,,,,,,,1,1,2017-04-25,2017-04-25,庐江:1,,
AH0122,AH0122,AH0122,,肥市庐江县生态环境分局,,,在用,区县,340000,340100,340124,庐江县,庐江,,,,,,本级政府部门,,是,,,合肥市庐江县生态环境分局:1 / 合肥市生态环境局:1,生态环境,合肥市|庐江|肥市生态环境分局,3400-E001,,https://sthjj.hefei.gov.cn/site/tpl/13847?m=HPSL,首页 > 在线服务 > 建设项目环评受理公示 / 拟审批意见公开 / 已批复项目公告,,已核实,2026-09-21,1,1,2024-12-26,2024-12-26,庐江:1,合肥全市（含各区县分局、开发区分局、政务服务中心窗口）的环评公示统一发在市局这三个栏目，按公示正文的「受理部门」区分单位；三个栏目均已打开确认有环评条目；1条,
AH0059,AH0059,AH0059,,合肥市巢湖市生态环境分局,,,在用,区县,340000,340100,340181,巢湖市,巢湖,,,,,,本级政府部门,,是,,,巢湖市行政服务中心环保局:98 / 巢湖市政务服务管理局环保局:34 / 巢湖市行政服务中心环保局窗口:23,生态环境,合肥市|巢湖|生态环境分局,3400-E001,,https://sthjj.hefei.gov.cn/site/tpl/13847?m=HPSL,首页 > 在线服务 > 建设项目环评受理公示 / 拟审批意见公开 / 已批复项目公告,,已核实,2026-09-21,435,435,2015-12-11,2026-03-09,巢湖:435,合肥全市（含各区县分局、开发区分局、政务服务中心窗口）的环评公示统一发在市局这三个栏目，按公示正文的「受理部门」区分单位；三个栏目均已打开确认有环评条目；435条,
AH0067,AH0067,AH0067,,巢湖市政务服务管理局环保局,巢湖市行政服务中心环保局 / 巢湖市政务服务中心环保局 / 巢湖市政务服务管理局环保,,在用,区县,340000,340100,340181,巢湖市,巢湖,,,,,,本级政府部门,,是,,,合肥市巢湖市生态环境分局:7 / 合肥市生态环境局:3,生态环境,合肥市|巢湖|生态环境,3400-E001,,https://sthjj.hefei.gov.cn/site/tpl/13847?m=HPSL,首页 > 在线服务 > 建设项目环评受理公示 / 拟审批意见公开 / 已批复项目公告,,已核实,2026-09-21,143,143,2015-12-18,2022-08-26,巢湖:143,合肥全市（含各区县分局、开发区分局、政务服务中心窗口）的环评公示统一发在市局这三个栏目，按公示正文的「受理部门」区分单位；三个栏目均已打开确认有环评条目；143条,
AH0081,AH0081,AH0081,,巢湖市行政服务中心,,,在用,区县,340000,340100,340181,巢湖市,巢湖,,,,,,本级政府部门,,是,,,合肥市巢湖市生态环境分局:5 / 合肥市生态环境局:2 / 巢湖市政务服务管理局环保:1,行政审批,合肥市|巢湖|行政审批,3400-E001,,https://sthjj.hefei.gov.cn/site/tpl/13847?m=HPSL,首页 > 在线服务 > 建设项目环评受理公示 / 拟审批意见公开 / 已批复项目公告,,已核实,2026-09-21,9,9,2020-08-17,2021-08-09,巢湖:9,合肥全市（含各区县分局、开发区分局、政务服务中心窗口）的环评公示统一发在市局这三个栏目，按公示正文的「受理部门」区分单位；三个栏目均已打开确认有环评条目；9条,
AH0084,AH0084,AH0084,,巢湖市住房和城乡建设局,,,在用,区县,340000,340100,340181,巢湖市,巢湖,,,,,,本级政府部门,,是,,,巢湖市行政服务中心环保局:5 / 合肥市巢湖市生态环境分局:2,其他部门,合肥市|巢湖|住房城乡建设局,,,,,,,,8,8,2016-06-07,2021-08-19,巢湖:8,,
AH0094,AH0094,AH0094,,巢湖市自然资源和规划局,,,在用,区县,340000,340100,340181,巢湖市,巢湖,,,,,,本级政府部门,,是,,,,其他部门,合肥市|巢湖|自然资源规划局,,,,,,,,4,3,2017-05-12,2017-05-12,巢湖:3,,
AH0104,AH0104,AH0104,,驻巢湖市政务服务管理局生态环境,,,在用,区县,340000,340100,340181,巢湖市,巢湖,,,,,,本级政府部门,,是,,,,生态环境,合肥市|巢湖|驻政务服务管理局生态环境,3400-E001,,https://sthjj.hefei.gov.cn/site/tpl/13847?m=HPSL,首页 > 在线服务 > 建设项目环评受理公示 / 拟审批意见公开 / 已批复项目公告,,已核实,2026-09-21,2,2,2022-03-29,2022-04-26,巢湖:2,合肥全市（含各区县分局、开发区分局、政务服务中心窗口）的环评公示统一发在市局这三个栏目，按公示正文的「受理部门」区分单位；三个栏目均已打开确认有环评条目；2条,
AH0111,AH0111,AH0111,,安徽省巢湖管理局,,,在用,区县,340000,340100,340181,巢湖市,巢湖,,,,,,本级政府部门,,是,,,合肥市生态环境局:1 / 驻合肥市政务服务管理局生态环境窗口:1,其他部门,合肥市|巢湖|管理局,,,,,,,,1,1,2026-02-04,2026-02-04,巢湖:1,,
AH0112,AH0112,AH0112,,巢湖市城市管理局,,,在用,区县,340000,340100,340181,巢湖市,巢湖,,,,,,本级政府部门,,是,,,巢湖市行政服务中心环保局:1,其他部门,合肥市|巢湖|城市管理局,,,,,,,,1,1,2017-06-19,2017-06-19,巢湖:1,,
AH0113,AH0113,AH0113,,巢湖市政务服务管理局生态环境分局,,,在用,区县,340000,340100,340181,巢湖市,巢湖,,,,,,本级政府部门,,是,,,,生态环境,合肥市|巢湖|政务服务管理局生态环境分局,3400-E001,,https://sthjj.hefei.gov.cn/site/tpl/13847?m=HPSL,首页 > 在线服务 > 建设项目环评受理公示 / 拟审批意见公开 / 已批复项目公告,,已核实,2026-09-21,1,1,2023-06-05,2023-06-05,巢湖:1,合肥全市（含各区县分局、开发区分局、政务服务中心窗口）的环评公示统一发在市局这三个栏目，按公示正文的「受理部门」区分单位；三个栏目均已打开确认有环评条目；1条,
AH0114,AH0114,AH0114,,巢湖市教育局,,,在用,区县,340000,340100,340181,巢湖市,巢湖,,,,,,本级政府部门,,是,,,,其他部门,合肥市|巢湖|教育局,,,,,,,,1,1,2016-09-07,2016-09-07,巢湖:1,,
AH0115,AH0115,AH0115,,巢湖市重点工程建设管理中心,,,在用,区县,340000,340100,340181,巢湖市,巢湖,,,,,,本级政府部门,,是,,,合肥市巢湖市生态环境分局:1,其他部门,合肥市|巢湖|重点工程建设管理中心,,,,,,,,1,1,2017-12-28,2017-12-28,巢湖:1,,
AH0054,AH0054,AH0054,,合肥市生态环境局,合肥市生态环境局行政服务中心环保分局 / 合肥市生态环境局分局 / 合肥市生态环境局辐射固体处 / 合肥市生态环境局辐射处 / 合肥市环保局辐射处,,在用,市本级,340000,340100,,合肥市,合肥,,,,,,本级政府部门,,是,,,合肥市瑶海区生态环境分局:81 / 合肥市长丰县生态环境分局:61 / 合肥市肥东县生态环境分局:54,生态环境,合肥市|市本级|生态环境,3400-E001,,https://sthjj.hefei.gov.cn/site/tpl/13847?m=HPSL,首页 > 在线服务 > 建设项目环评受理公示 / 拟审批意见公开 / 已批复项目公告,,已核实,2026-09-21,1629,1619,2015-09-29,2026-09-20,(空):459 / 肥东:231 / 蜀山:164 / 长丰:156,合肥全市（含各区县分局、开发区分局、政务服务中心窗口）的环评公示统一发在市局这三个栏目，按公示正文的「受理部门」区分单位；三个栏目均已打开确认有环评条目；1629条,
AH0060,AH0060,AH0060,,合肥市新站高新技术产业开发区生态环境分局,,,在用,开发区/园区,340000,340100,,,,340100-Z06,本级高新区,,,,,,否,,,合肥新站高新区生态环境分局:51 / 新站高新区生态环境分局:41 / 合肥市生态环境局:29,生态环境,合肥市|本级高新区|新站高新技术产业开发区生态环境分局,3400-E001,,https://sthjj.hefei.gov.cn/site/tpl/13847?m=HPSL,首页 > 在线服务 > 建设项目环评受理公示 / 拟审批意见公开 / 已批复项目公告,,已核实,2026-09-21,291,291,2020-06-30,2026-09-17,瑶海:155 / (空):135 / 蜀山:1,合肥全市（含各区县分局、开发区分局、政务服务中心窗口）的环评公示统一发在市局这三个栏目，按公示正文的「受理部门」区分单位；三个栏目均已打开确认有环评条目；291条,
AH0062,AH0062,AH0062,,合肥市双凤开发区管委会环保局,,,在用,开发区/园区,340000,340100,,,,340100-Z01,双凤开发区,,,,,,否,,,合肥市长丰县生态环境分局:76 / 长丰县水湖镇长丰县环保局:3 / 合肥市生态环境局:1,生态环境,合肥市|双凤开发区|生态环境,3400-E001,,https://sthjj.hefei.gov.cn/site/tpl/13847?m=HPSL,首页 > 在线服务 > 建设项目环评受理公示 / 拟审批意见公开 / 已批复项目公告,,已核实,2026-09-21,213,213,2014-06-10,2020-05-22,长丰:212 / (空):1,合肥全市（含各区县分局、开发区分局、政务服务中心窗口）的环评公示统一发在市局这三个栏目，按公示正文的「受理部门」区分单位；三个栏目均已打开确认有环评条目；213条,
AH0068,AH0068,AH0068,,合肥市安徽巢湖经开区生态环境分局,,,在用,开发区/园区,340000,340100,,,,340100-Z03,巢湖开发区,,,,,,否,,,合肥市生态环境局:7 / 合肥市安徽巢湖经济开发区生态环境分局:1 / 合肥市巢湖市生态环境分局:1,生态环境,合肥市|巢湖开发区|经开区生态环境分局,3400-E001,,https://sthjj.hefei.gov.cn/site/tpl/13847?m=HPSL,首页 > 在线服务 > 建设项目环评受理公示 / 拟审批意见公开 / 已批复项目公告,,已核实,2026-09-21,76,76,2020-04-20,2025-12-22,巢湖:76,合肥全市（含各区县分局、开发区分局、政务服务中心窗口）的环评公示统一发在市局这三个栏目，按公示正文的「受理部门」区分单位；三个栏目均已打开确认有环评条目；76条,
AH0071,AH0071,AH0071,,驻合肥市政务服务管理局生态环境,,,在用,市本级,340000,340100,,合肥市,合肥,,,,,,本级政府部门,,是,,,,生态环境,合肥市|市本级|驻政务服务管理局生态环境,3400-E001,,https://sthjj.hefei.gov.cn/site/tpl/13847?m=HPSL,首页 > 在线服务 > 建设项目环评受理公示 / 拟审批意见公开 / 已批复项目公告,,已核实,2026-09-21,53,53,2025-08-04,2026-09-15,肥东:13 / (空):8 / 蜀山:8 / 长丰:5,合肥全市（含各区县分局、开发区分局、政务服务中心窗口）的环评公示统一发在市局这三个栏目，按公示正文的「受理部门」区分单位；三个栏目均已打开确认有环评条目；53条,
AH0072,AH0072,AH0072,,合肥市高新技术产业开发区生态环境分局,,,在用,开发区/园区,340000,340100,,,,340100-Z06,本级高新区,,,,,,否,,,高新区生态环境分局:29 / 合肥市生态环境局:5 / 合肥市环境保护局高新分局:2,生态环境,合肥市|本级高新区|高新技术产业开发区生态环境分局,3400-E001,,https://sthjj.hefei.gov.cn/site/tpl/13847?m=HPSL,首页 > 在线服务 > 建设项目环评受理公示 / 拟审批意见公开 / 已批复项目公告,,已核实,2026-09-21,48,48,2020-05-11,2025-08-18,蜀山:48,合肥全市（含各区县分局、开发区分局、政务服务中心窗口）的环评公示统一发在市局这三个栏目，按公示正文的「受理部门」区分单位；三个栏目均已打开确认有环评条目；48条,
AH0077,AH0077,AH0077,,合肥经济技术开发区管理委员会,合肥经济技术开发区政务服务中心 / 合肥经济技术开发区,,在用,开发区/园区,340000,340100,,,,340100-Z05,本级开发区,,,,,,否,,,合肥市生态环境局:2 / 合肥经济技术开发区政务服务中心:2 / 合肥市经济技术开发区生态环境分局:1,开发区管委会,合肥市|本级开发区|行政审批,3400-E001,,https://sthjj.hefei.gov.cn/site/tpl/13847?m=HPSL,首页 > 在线服务 > 建设项目环评受理公示 / 拟审批意见公开 / 已批复项目公告,,已核实,2026-09-21,18,18,2018-05-22,2025-11-21,蜀山:17 / (空):1,合肥全市（含各区县分局、开发区分局、政务服务中心窗口）的环评公示统一发在市局这三个栏目，按公示正文的「受理部门」区分单位；三个栏目均已打开确认有环评条目；18条,
AH0078,AH0078,AH0078,,合肥市安徽巢湖经济开发区生态环境分局,,,在用,开发区/园区,340000,340100,,,,340100-Z03,巢湖开发区,,,,,,否,,,合肥市生态环境局:3,生态环境,合肥市|巢湖开发区|经济开发区生态环境分局,3400-E001,,https://sthjj.hefei.gov.cn/site/tpl/13847?m=HPSL,首页 > 在线服务 > 建设项目环评受理公示 / 拟审批意见公开 / 已批复项目公告,,已核实,2026-09-21,16,16,2023-09-01,2026-03-12,巢湖:16,合肥全市（含各区县分局、开发区分局、政务服务中心窗口）的环评公示统一发在市局这三个栏目，按公示正文的「受理部门」区分单位；三个栏目均已打开确认有环评条目；16条,
AH0079,AH0079,AH0079,,合肥市经济技术开发区生态环境分局,,,在用,开发区/园区,340000,340100,,,,340100-Z05,本级开发区,,,,,,否,,,合肥经济技术开发区管理委员会:2 / 合肥市生态环境局:1 / 合肥市生态环境局经济开发区分局:1,生态环境,合肥市|本级开发区|经济技术开发区生态环境分局,3400-E001,,https://sthjj.hefei.gov.cn/site/tpl/13847?m=HPSL,首页 > 在线服务 > 建设项目环评受理公示 / 拟审批意见公开 / 已批复项目公告,,已核实,2026-09-21,12,12,2019-09-06,2025-08-26,蜀山:11 / (空):1,合肥全市（含各区县分局、开发区分局、政务服务中心窗口）的环评公示统一发在市局这三个栏目，按公示正文的「受理部门」区分单位；三个栏目均已打开确认有环评条目；12条,
AH0085,AH0085,AH0085,,新站高新区生态环境分局,,,在用,开发区/园区,340000,340100,,,,340100-Z06,本级高新区,,,,,,否,,,合肥市新站高新技术产业开发区生态环境分局:4,生态环境,合肥市|本级高新区|新站高新区生态环境分局,3400-E001,,https://sthjj.hefei.gov.cn/site/tpl/13847?m=HPSL,首页 > 在线服务 > 建设项目环评受理公示 / 拟审批意见公开 / 已批复项目公告,,已核实,2026-09-21,8,8,2025-07-15,2025-10-29,瑶海:7 / (空):1,合肥全市（含各区县分局、开发区分局、政务服务中心窗口）的环评公示统一发在市局这三个栏目，按公示正文的「受理部门」区分单位；三个栏目均已打开确认有环评条目；8条,
AH0086,AH0086,AH0086,,合肥经济技术开发区社会发展局,,,在用,开发区/园区,340000,340100,,,,340100-Z05,本级开发区,,,,,,否,,,合肥市经济技术开发区生态环境分局:3,其他部门,合肥市|本级开发区|经济技术开发区社会发展局,,,,,,,,6,6,2023-06-12,2023-08-30,蜀山:6,,
AH0088,AH0088,AH0088,,新站高新区政务服务中心,合肥新站高新技术产业开发区管委会,,在用,开发区/园区,340000,340100,,,,340100-Z06,本级高新区,,,,,,否,,,合肥市新站高新技术产业开发区生态环境分局:2,行政审批,合肥市|本级高新区|行政审批,3400-E001,,https://sthjj.hefei.gov.cn/site/tpl/13847?m=HPSL,首页 > 在线服务 > 建设项目环评受理公示 / 拟审批意见公开 / 已批复项目公告,,已核实,2026-09-21,6,6,2025-04-23,2025-09-26,瑶海:4 / (空):2,合肥全市（含各区县分局、开发区分局、政务服务中心窗口）的环评公示统一发在市局这三个栏目，按公示正文的「受理部门」区分单位；三个栏目均已打开确认有环评条目；6条,
AH0089,AH0089,AH0089,,合肥市安徽巢湖经济开发区生态环保分局,,,在用,开发区/园区,340000,340100,,,,340100-Z03,巢湖开发区,,,,,,否,,,,生态环境,合肥市|巢湖开发区|经济开发区生态环保分局,3400-E001,,https://sthjj.hefei.gov.cn/site/tpl/13847?m=HPSL,首页 > 在线服务 > 建设项目环评受理公示 / 拟审批意见公开 / 已批复项目公告,,已核实,2026-09-21,5,5,2020-03-26,2020-03-26,巢湖:5,合肥全市（含各区县分局、开发区分局、政务服务中心窗口）的环评公示统一发在市局这三个栏目，按公示正文的「受理部门」区分单位；三个栏目均已打开确认有环评条目；5条,
AH0090,AH0090,AH0090,,合肥新站高新技术产业开发区经贸发展局,,,在用,开发区/园区,340000,340100,,,,340100-Z06,本级高新区,,,,,,否,,,合肥市生态环境局:1,其他部门,合肥市|本级高新区|新站高新技术产业开发区经贸发展局,,,,,,,,5,5,2020-07-10,2021-03-24,(空):4 / 瑶海:1,,
AH0092,AH0092,AH0092,,合肥市生态环境局经济开发区分局,合肥市生态环境局经开区分局 / 合肥生态环境局经开区分局,,在用,开发区/园区,340000,340100,,,,340100-Z05,本级开发区,,,,,,否,,,合肥市经济技术开发区生态环境分局:1,生态环境,合肥市|本级开发区|生态环境,3400-E001,,https://sthjj.hefei.gov.cn/site/tpl/13847?m=HPSL,首页 > 在线服务 > 建设项目环评受理公示 / 拟审批意见公开 / 已批复项目公告,,已核实,2026-09-21,4,4,2024-06-05,2025-01-07,蜀山:4,合肥全市（含各区县分局、开发区分局、政务服务中心窗口）的环评公示统一发在市局这三个栏目，按公示正文的「受理部门」区分单位；三个栏目均已打开确认有环评条目；4条,
AH0093,AH0093,AH0093,,合肥经济技术开发区应急和城市管理局,,,在用,开发区/园区,340000,340100,,,,340100-Z05,本级开发区,,,,,,否,,,合肥市经济技术开发区生态环境分局:1,其他部门,合肥市|本级开发区|经济技术开发区应急城市管理局,,,,,,,,4,4,2023-06-06,2024-03-26,蜀山:4,,
AH0096,AH0096,AH0096,,高新区环保分局,,,在用,开发区/园区,340000,340100,,,,340100-Z07,蜀山高新区,,,,,,否,,,合肥市高新技术产业开发区生态环境分局:1,生态环境,合肥市|蜀山高新区|高新区环保分局,3400-E001,,https://sthjj.hefei.gov.cn/site/tpl/13847?m=HPSL,首页 > 在线服务 > 建设项目环评受理公示 / 拟审批意见公开 / 已批复项目公告,,已核实,2026-09-21,4,4,2019-11-11,2019-11-14,蜀山:4,合肥全市（含各区县分局、开发区分局、政务服务中心窗口）的环评公示统一发在市局这三个栏目，按公示正文的「受理部门」区分单位；三个栏目均已打开确认有环评条目；4条,
AH0097,AH0097,AH0097,,合肥市重点工程建设管理局,,,在用,市本级,340000,340100,,合肥市,合肥,,,,,,本级政府部门,,是,,,合肥市生态环境局:1 / 合肥市肥东县生态环境分局:1 / 肥西县行政服务中心环保局:1,其他部门,合肥市|市本级|重点工程建设管理局,,,,,,,,3,3,2021-08-25,2026-02-05,长丰:1 / 肥东:1 / 肥西:1,,
AH0098,AH0098,AH0098,,安徽居巢经济开发区管理委员会,,,在用,开发区/园区,340000,340100,,,,340100-Z02,居巢开发区,,,,,,否,,,巢湖市政务服务管理局环保局:2,开发区管委会,合肥市|居巢开发区|行政审批,3400-E001,,https://sthjj.hefei.gov.cn/site/tpl/13847?m=HPSL,首页 > 在线服务 > 建设项目环评受理公示 / 拟审批意见公开 / 已批复项目公告,,已核实,2026-09-21,3,3,2020-01-13,2020-04-19,巢湖:3,合肥全市（含各区县分局、开发区分局、政务服务中心窗口）的环评公示统一发在市局这三个栏目，按公示正文的「受理部门」区分单位；三个栏目均已打开确认有环评条目；3条,
AH0099,AH0099,AH0099,,高新区生态环境分局,,,在用,开发区/园区,340000,340100,,,,340100-Z07,蜀山高新区,,,,,,否,,,亳州高新技术产业开发区生态环境分局:5 / 蚌埠市生态环境局:4 / 亳州市生态环境局:2,生态环境,合肥市|蜀山高新区|高新区生态环境分局,3400-E001,,https://sthjj.hefei.gov.cn/site/tpl/13847?m=HPSL,首页 > 在线服务 > 建设项目环评受理公示 / 拟审批意见公开 / 已批复项目公告,,已核实,2026-09-21,3,3,2022-09-01,2024-12-23,蜀山:3,合肥全市（含各区县分局、开发区分局、政务服务中心窗口）的环评公示统一发在市局这三个栏目，按公示正文的「受理部门」区分单位；三个栏目均已打开确认有环评条目；3条,
AH0101,AH0101,AH0101,,合肥市高新区生态环境局,合肥市环境保护局高新技术产业开发区分局,,在用,开发区/园区,340000,340100,,,,340100-Z06,本级高新区,,,,,,否,,,合肥市高新技术产业开发区生态环境分局:1,生态环境,合肥市|本级高新区|生态环境,3400-E001,,https://sthjj.hefei.gov.cn/site/tpl/13847?m=HPSL,首页 > 在线服务 > 建设项目环评受理公示 / 拟审批意见公开 / 已批复项目公告,,已核实,2026-09-21,2,2,2020-05-14,2024-08-01,蜀山:2,合肥全市（含各区县分局、开发区分局、政务服务中心窗口）的环评公示统一发在市局这三个栏目，按公示正文的「受理部门」区分单位；三个栏目均已打开确认有环评条目；2条,
AH0102,AH0102,AH0102,,安徽省合肥市辰泰环境局,合肥市辰泰环境局,,在用,市本级,340000,340100,,合肥市,合肥,,,,,,本级政府部门,,是,,,合肥市生态环境局:1 / 驻合肥市政务服务管理局生态环境窗口:1,其他部门,合肥市|市本级|辰泰环境局,,,,,,,,2,2,2025-11-04,2025-11-06,瑶海:2,,
AH0103,AH0103,AH0103,,开发区管委会环保局,,,在用,开发区/园区,340000,340100,,,,340100-Z08,长丰开发区,,,,,,否,,,合肥市长丰县生态环境分局:1,生态环境,合肥市|长丰开发区|生态环境,3400-E001,,https://sthjj.hefei.gov.cn/site/tpl/13847?m=HPSL,首页 > 在线服务 > 建设项目环评受理公示 / 拟审批意见公开 / 已批复项目公告,,已核实,2026-09-21,2,2,2014-08-21,2016-11-21,长丰:2,合肥全市（含各区县分局、开发区分局、政务服务中心窗口）的环评公示统一发在市局这三个栏目，按公示正文的「受理部门」区分单位；三个栏目均已打开确认有环评条目；2条,
AH0105,AH0105,AH0105,,高新区生态环境局,,,在用,开发区/园区,340000,340100,,,,340100-Z07,蜀山高新区,,,,,,否,,,淮南市生态环境局:9 / 高新区环保局:1,生态环境,合肥市|蜀山高新区|生态环境,3400-E001,,https://sthjj.hefei.gov.cn/site/tpl/13847?m=HPSL,首页 > 在线服务 > 建设项目环评受理公示 / 拟审批意见公开 / 已批复项目公告,,已核实,2026-09-21,2,2,2024-09-27,2024-10-22,蜀山:2,合肥全市（含各区县分局、开发区分局、政务服务中心窗口）的环评公示统一发在市局这三个栏目，按公示正文的「受理部门」区分单位；三个栏目均已打开确认有环评条目；2条,
AH0106,AH0106,AH0106,,合肥市林业和园林局,,,在用,市本级,340000,340100,,合肥市,合肥,,,,,,本级政府部门,,是,,,合肥市生态环境局:1,其他部门,合肥市|市本级|林业园林局,,,,,,,,1,1,2018-03-05,2018-03-05,蜀山:1,,
AH0110,AH0110,AH0110,,安徽庐江经济开发区管理委员会,,,在用,开发区/园区,340000,340100,,,,340100-Z04,庐江开发区,,,,,,否,,,合肥市庐江县生态环境分局:1,开发区管委会,合肥市|庐江开发区|行政审批,3400-E001,,https://sthjj.hefei.gov.cn/site/tpl/13847?m=HPSL,首页 > 在线服务 > 建设项目环评受理公示 / 拟审批意见公开 / 已批复项目公告,,已核实,2026-09-21,1,1,2015-04-13,2015-04-13,庐江:1,合肥全市（含各区县分局、开发区分局、政务服务中心窗口）的环评公示统一发在市局这三个栏目，按公示正文的「受理部门」区分单位；三个栏目均已打开确认有环评条目；1条,
AH0310,AH0310,AH0310,,芜湖市镜湖区生态环境分局,,,在用,区县,340000,340200,340202,镜湖区,镜湖,,,,,,本级政府部门,,是,,,芜湖市生态环境局:5 / 安徽省生态环境厅:1,生态环境,芜湖市|镜湖|生态环境分局,3400-E010,,https://sthjj.wuhu.gov.cn/hbyw/hjsp/jsxmhpsp/index.html,首页 > 环保业务 > 环境审批 > 建设项目环评审批,,已核实,2026-09-21,5,5,2022-12-29,2024-03-29,镜湖:5,一个混合栏目：受理公示、批前公示、审批意见的函混排（288 页），故三列同址；各区分局的公示也在此栏目（已见湾沚、繁昌、南陵的条目，公示正文里的受理部门写「驻市民服务中心生态环境窗口」等）；5条,
AH0331,AH0331,AH0331,,芜湖市镜湖区农业农村局,,,在用,区县,340000,340200,340202,镜湖区,镜湖,,,,,,本级政府部门,,是,,,,其他部门,芜湖市|镜湖|农业农村局,,,,,,,,1,1,2022-12-20,2022-12-20,镜湖:1,,
AH0332,AH0332,AH0332,,芜湖市镜湖区农业农村水务局,,,在用,区县,340000,340200,340202,镜湖区,镜湖,,,,,,本级政府部门,,是,,,芜湖市生态环境局:1,其他部门,芜湖市|镜湖|农业农村水务局,,,,,,,,1,1,2022-12-20,2022-12-20,镜湖:1,,
AH0304,AH0304,AH0304,,驻市民服务中心生态环境,,,在用,区县,340000,340200,340207,鸠江区,鸠江,,,,,,本级政府部门,,是,,,芜湖市生态环境局:2,生态环境,芜湖市|鸠江|驻市民服务中心生态环境,3400-E010,,https://sthjj.wuhu.gov.cn/hbyw/hjsp/jsxmhpsp/index.html,首页 > 环保业务 > 环境审批 > 建设项目环评审批,,已核实,2026-09-21,23,23,2022-05-26,2025-11-26,(空):8 / 鸠江:5 / 镜湖:3 / 弋江:3,一个混合栏目：受理公示、批前公示、审批意见的函混排（288 页），故三列同址；各区分局的公示也在此栏目（已见湾沚、繁昌、南陵的条目，公示正文里的受理部门写「驻市民服务中心生态环境窗口」等）；23条,
AH0309,AH0309,AH0309,,安徽省芜湖市鸠江区人民政府,,,在用,区县,340000,340200,340207,鸠江区,鸠江,,,,,,本级政府部门,,是,,,芜湖市生态环境局:4 / 驻市民服务中心生态环境窗口:1,其他部门,芜湖市|鸠江|人民政府,,,,,,,,5,5,2025-07-16,2025-12-20,鸠江:5,,
AH0315,AH0315,AH0315,,芜湖市鸠江区生态环境分局,,,在用,区县,340000,340200,340207,鸠江区,鸠江,,,,,,本级政府部门,,是,,,芜湖市生态环境局:3,生态环境,芜湖市|鸠江|生态环境分局,3400-E010,,https://sthjj.wuhu.gov.cn/hbyw/hjsp/jsxmhpsp/index.html,首页 > 环保业务 > 环境审批 > 建设项目环评审批,,已核实,2026-09-21,3,3,2022-11-18,2025-07-04,鸠江:3,一个混合栏目：受理公示、批前公示、审批意见的函混排（288 页），故三列同址；各区分局的公示也在此栏目（已见湾沚、繁昌、南陵的条目，公示正文里的受理部门写「驻市民服务中心生态环境窗口」等）；3条,
AH0308,AH0308,AH0308,,芜湖市生态环境局弋江分局,,,在用,区县,340000,340200,340209,弋江区,弋江,,,,,,本级政府部门,,是,,,芜湖市生态环境局:8,生态环境,芜湖市|弋江|生态环境,3400-E010,,https://sthjj.wuhu.gov.cn/hbyw/hjsp/jsxmhpsp/index.html,首页 > 环保业务 > 环境审批 > 建设项目环评审批,,已核实,2026-09-21,8,8,2022-10-13,2023-10-31,弋江:8,一个混合栏目：受理公示、批前公示、审批意见的函混排（288 页），故三列同址；各区分局的公示也在此栏目（已见湾沚、繁昌、南陵的条目，公示正文里的受理部门写「驻市民服务中心生态环境窗口」等）；8条,
AH0322,AH0322,AH0322,,芜湖市弋江区教育局,,,在用,区县,340000,340200,340209,弋江区,弋江,,,,,,本级政府部门,,是,,,芜湖市生态环境局:1,其他部门,芜湖市|弋江|教育局,,,,,,,,1,1,2023-02-07,2023-02-07,弋江:1,,
AH0297,AH0297,AH0297,,芜湖市湾沚区生态环境分局,,,在用,区县,340000,340200,340210,湾沚区,湾沚,,,,,,本级政府部门,,是,,,芜湖市生态环境局:306 / 芜湖市湾沚区人民政府:13 / 湾沚区企业发展服务中心生态环境窗口:9,生态环境,芜湖市|湾沚|生态环境分局,3400-E010,,https://sthjj.wuhu.gov.cn/hbyw/hjsp/jsxmhpsp/index.html,首页 > 环保业务 > 环境审批 > 建设项目环评审批,,已核实,2026-09-21,653,653,2020-03-03,2026-09-16,湾沚:649 / (空):4,一个混合栏目：受理公示、批前公示、审批意见的函混排（288 页），故三列同址；各区分局的公示也在此栏目（已见湾沚、繁昌、南陵的条目，公示正文里的受理部门写「驻市民服务中心生态环境窗口」等）；653条,
AH0305,AH0305,AH0305,,湾沚区企业发展服务中心生态环境,,,在用,区县,340000,340200,340210,湾沚区,湾沚,,,,,,本级政府部门,,是,,,,生态环境,芜湖市|湾沚|企业发展服务中心生态环境,3400-E010,,https://sthjj.wuhu.gov.cn/hbyw/hjsp/jsxmhpsp/index.html,首页 > 环保业务 > 环境审批 > 建设项目环评审批,,已核实,2026-09-21,15,15,2025-06-05,2025-11-26,湾沚:14 / (空):1,一个混合栏目：受理公示、批前公示、审批意见的函混排（288 页），故三列同址；各区分局的公示也在此栏目（已见湾沚、繁昌、南陵的条目，公示正文里的受理部门写「驻市民服务中心生态环境窗口」等）；15条,
AH0307,AH0307,AH0307,,芜湖市湾沚区水务局,,,在用,区县,340000,340200,340210,湾沚区,湾沚,,,,,,本级政府部门,,是,,,芜湖市湾沚区生态环境分局:1,其他部门,芜湖市|湾沚|水务局,,,,,,,,8,8,2019-06-06,2023-06-16,湾沚:8,,
AH0314,AH0314,AH0314,,湾沚区企业发展服务中心,,,在用,区县,340000,340200,340210,湾沚区,湾沚,,,,,,本级政府部门,,是,,,芜湖市湾沚区人民政府:3 / 芜湖市湾沚区生态环境分局:3 / 湾沚区企业发展服务中心生态环境窗口:1,其他部门,芜湖市|湾沚|企业发展服务中心,,,,,,,,3,3,2025-04-22,2025-05-12,湾沚:3,,
AH0324,AH0324,AH0324,,芜湖市湾沚区交通运输局,,,在用,区县,340000,340200,340210,湾沚区,湾沚,,,,,,本级政府部门,,是,,,,其他部门,芜湖市|湾沚|交通运输局,,,,,,,,1,1,2016-04-25,2016-04-25,湾沚:1,,
AH0325,AH0325,AH0325,,芜湖市湾沚区人民政府,,,在用,区县,340000,340200,340210,湾沚区,湾沚,,,,,,本级政府部门,,是,,,芜湖市湾沚区生态环境分局:1,其他部门,芜湖市|湾沚|人民政府,,,,,,,,1,1,2025-08-15,2025-08-15,湾沚:1,,
AH0326,AH0326,AH0326,,芜湖市湾沚区市场监督管理局,,,在用,区县,340000,340200,340210,湾沚区,湾沚,,,,,,本级政府部门,,是,,,,其他部门,芜湖市|湾沚|市场监督管理局,,,,,,,,1,1,2017-07-12,2017-07-12,湾沚:1,,
AH0327,AH0327,AH0327,,芜湖市湾沚区教育局,,,在用,区县,340000,340200,340210,湾沚区,湾沚,,,,,,本级政府部门,,是,,,,其他部门,芜湖市|湾沚|教育局,,,,,,,,1,1,2023-08-09,2023-08-09,湾沚:1,,
AH0328,AH0328,AH0328,,芜湖市生态环境局湾沚区生态环境分局,,,在用,区县,340000,340200,340210,湾沚区,湾沚,,,,,,本级政府部门,,是,,,芜湖市湾沚区人民政府:1 / 芜湖市湾沚区生态环境分局:1 / 芜湖市生态环境局:1,生态环境,芜湖市|湾沚|生态环境,3400-E010,,https://sthjj.wuhu.gov.cn/hbyw/hjsp/jsxmhpsp/index.html,首页 > 环保业务 > 环境审批 > 建设项目环评审批,,已核实,2026-09-21,1,1,2025-04-10,2025-04-10,湾沚:1,一个混合栏目：受理公示、批前公示、审批意见的函混排（288 页），故三列同址；各区分局的公示也在此栏目（已见湾沚、繁昌、南陵的条目，公示正文里的受理部门写「驻市民服务中心生态环境窗口」等）；1条,
AH0299,AH0299,AH0299,,繁昌县环境保护局,繁昌县行政服务中心环保局,,在用,区县,340000,340200,340212,繁昌区,繁昌,,,,,,本级政府部门,,是,,,芜湖市生态环境局:24 / 芜湖市繁昌区生态环境分局:12 / 繁昌县行政服务中心环保局:2,生态环境,芜湖市|繁昌|生态环境,3400-E010,,https://sthjj.wuhu.gov.cn/hbyw/hjsp/jsxmhpsp/index.html,首页 > 环保业务 > 环境审批 > 建设项目环评审批,,已核实,2026-09-21,259,259,2015-01-06,2019-09-10,繁昌:252 / (空):5 / 鸠江:2,一个混合栏目：受理公示、批前公示、审批意见的函混排（288 页），故三列同址；各区分局的公示也在此栏目（已见湾沚、繁昌、南陵的条目，公示正文里的受理部门写「驻市民服务中心生态环境窗口」等）；259条,
AH0301,AH0301,AH0301,,芜湖市繁昌区生态环境分局,,,在用,区县,340000,340200,340212,繁昌区,繁昌,,,,,,本级政府部门,,是,,,芜湖市生态环境局:41 / 驻繁昌区政务服务中心生态环境分局:19 / 繁昌县环境保护局:9,生态环境,芜湖市|繁昌|生态环境分局,3400-E010,,https://sthjj.wuhu.gov.cn/hbyw/hjsp/jsxmhpsp/index.html,首页 > 环保业务 > 环境审批 > 建设项目环评审批,,已核实,2026-09-21,216,216,2019-12-23,2026-09-18,繁昌:216,一个混合栏目：受理公示、批前公示、审批意见的函混排（288 页），故三列同址；各区分局的公示也在此栏目（已见湾沚、繁昌、南陵的条目，公示正文里的受理部门写「驻市民服务中心生态环境窗口」等）；216条,
AH0329,AH0329,AH0329,,芜湖市繁昌区交通运输局,,,在用,区县,340000,340200,340212,繁昌区,繁昌,,,,,,本级政府部门,,是,,,,其他部门,芜湖市|繁昌|交通运输局,,,,,,,,1,1,2020-09-30,2020-09-30,繁昌:1,,
AH0302,AH0302,AH0302,,芜湖市南陵县生态环境分局,,,在用,区县,340000,340200,340223,南陵县,南陵,,,,,,本级政府部门,,是,,,芜湖市生态环境局:56 / 南陵县水务局:10 / 南陵县环境保护局:10,生态环境,芜湖市|南陵|生态环境分局,3400-E010,,https://sthjj.wuhu.gov.cn/hbyw/hjsp/jsxmhpsp/index.html,首页 > 环保业务 > 环境审批 > 建设项目环评审批,,已核实,2026-09-21,136,136,2021-02-02,2026-08-20,南陵:136,一个混合栏目：受理公示、批前公示、审批意见的函混排（288 页），故三列同址；各区分局的公示也在此栏目（已见湾沚、繁昌、南陵的条目，公示正文里的受理部门写「驻市民服务中心生态环境窗口」等）；136条,
AH0306,AH0306,AH0306,,南陵县环境保护局,,,在用,区县,340000,340200,340223,南陵县,南陵,,,,,,本级政府部门,,是,,,芜湖市生态环境局:8 / 芜湖市南陵县生态环境分局:6,生态环境,芜湖市|南陵|生态环境,3400-E010,,https://sthjj.wuhu.gov.cn/hbyw/hjsp/jsxmhpsp/index.html,首页 > 环保业务 > 环境审批 > 建设项目环评审批,,已核实,2026-09-21,12,12,2016-09-30,2021-05-13,南陵:12,一个混合栏目：受理公示、批前公示、审批意见的函混排（288 页），故三列同址；各区分局的公示也在此栏目（已见湾沚、繁昌、南陵的条目，公示正文里的受理部门写「驻市民服务中心生态环境窗口」等）；12条,
AH0312,AH0312,AH0312,,安徽省芜湖市南陵县人民政府,,,在用,区县,340000,340200,340223,南陵县,南陵,,,,,,本级政府部门,,是,,,芜湖市南陵县生态环境分局:3 / 南陵县市民服务中心生态环境窗口:1 / 芜湖市生态环境局:1,其他部门,芜湖市|南陵|人民政府,,,,,,,,4,4,2025-06-17,2026-02-27,南陵:4,,
AH0317,AH0317,AH0317,,南陵县市民服务中心生态环境,,,在用,区县,340000,340200,340223,南陵县,南陵,,,,,,本级政府部门,,是,,,,生态环境,芜湖市|南陵|市民服务中心生态环境,3400-E010,,https://sthjj.wuhu.gov.cn/hbyw/hjsp/jsxmhpsp/index.html,首页 > 环保业务 > 环境审批 > 建设项目环评审批,,已核实,2026-09-21,1,1,2025-08-11,2025-08-11,南陵:1,一个混合栏目：受理公示、批前公示、审批意见的函混排（288 页），故三列同址；各区分局的公示也在此栏目（已见湾沚、繁昌、南陵的条目，公示正文里的受理部门写「驻市民服务中心生态环境窗口」等）；1条,
AH0318,AH0318,AH0318,,南陵县水务局,,,在用,区县,340000,340200,340223,南陵县,南陵,,,,,,本级政府部门,,是,,,芜湖市南陵县生态环境分局:1,其他部门,芜湖市|南陵|水务局,,,,,,,,1,1,2022-09-07,2022-09-07,南陵:1,,
AH0298,AH0298,AH0298,,无为县环境保护局,政务服务中心生态环境分局 / 无为县无城镇幸福路环保局 / 行政服务中心二楼生态环境,,在用,区县,340000,340200,340281,无为市,无为,,,,,,本级政府部门,,是,,,芜湖市无为市生态环境分局:67 / 无为市人民政府:20 / 无为县无城镇幸福路环保局:2,生态环境,芜湖市|无为|生态环境,3400-E017,,https://www.ww.gov.cn/public/column/6603631?type=4&action=list,无为市人民政府 > 政府信息公开 > 行政许可,,已核实,2026-09-21,350,350,2015-03-31,2025-12-01,无为:350,无为是县级市，公示发在自己门户的【行政许可】栏目，标题形如「【行政许可】关于…环境影响报告表的受理公示」；栏目已打开确认，三类混排；350条,
AH0300,AH0300,AH0300,,芜湖市无为市生态环境分局,,,在用,区县,340000,340200,340281,无为市,无为,,,,,,本级政府部门,,是,,,无为县环境保护局:88 / 无为市人民政府:11 / 芜湖市生态环境局:5,生态环境,芜湖市|无为|生态环境分局,3400-E017,,https://www.ww.gov.cn/public/column/6603631?type=4&action=list,无为市人民政府 > 政府信息公开 > 行政许可,,已核实,2026-09-21,250,250,2015-12-04,2026-09-17,无为:250,无为是县级市，公示发在自己门户的【行政许可】栏目，标题形如「【行政许可】关于…环境影响报告表的受理公示」；栏目已打开确认，三类混排；250条,
AH0313,AH0313,AH0313,,无为市发展和改革委员会(市商务局、市公共资源交易监督管理局、市粮食和物资储备局),,市商务局 / 市公共资源交易监督管理局 / 市粮食和物资储备局,在用,区县,340000,340200,340281,无为市,无为,,,,,,本级政府部门,,是,,,市公共资源交易监督管理局:3 / 市粮食和物资储备局):3 / 无为市发展和改革委员会(市商务局:3,其他部门,芜湖市|无为|发展改革委员会(市商务局、市公共资源交易监督管理局、市粮食物资储备局),,,,,,,,3,3,2019-04-23,2019-05-31,无为:3,,
AH0316,AH0316,AH0316,,驻市民服务中心生态环境分局,,,在用,区县,340000,340200,340281,无为市,无为,,,,,,本级政府部门,,是,,,无为县环境保护局:2 / 芜湖市无为市生态环境分局:2,生态环境,芜湖市|无为|驻市民服务中心生态环境分局,3400-E017,,https://www.ww.gov.cn/public/column/6603631?type=4&action=list,无为市人民政府 > 政府信息公开 > 行政许可,,已核实,2026-09-21,2,2,2023-03-20,2023-03-22,无为:2,无为是县级市，公示发在自己门户的【行政许可】栏目，标题形如「【行政许可】关于…环境影响报告表的受理公示」；栏目已打开确认，三类混排；2条,
AH0320,AH0320,AH0320,,无为县住房与城乡建设局,,,在用,区县,340000,340200,340281,无为市,无为,,,,,,本级政府部门,,是,,,,其他部门,芜湖市|无为|住房与城乡建设局,,,,,,,,1,1,2017-09-08,2017-09-08,无为:1,,
AH0296,AH0296,AH0296,,芜湖市生态环境局,芜湖市环境保护局 / 芜湖县环境保护局,,在用,市本级,340000,340200,,芜湖市,芜湖,,,,,,本级政府部门,,是,,,芜湖市湾沚区生态环境分局:244 / 芜湖市繁昌区生态环境分局:84 / 芜湖县环境保护局:55,生态环境,芜湖市|市本级|生态环境,3400-E010,,https://sthjj.wuhu.gov.cn/hbyw/hjsp/jsxmhpsp/index.html,首页 > 环保业务 > 环境审批 > 建设项目环评审批,,已核实,2026-09-21,2112,2109,2008-12-18,2026-09-18,湾沚:826 / 鸠江:394 / (空):332 / 弋江:240,一个混合栏目：受理公示、批前公示、审批意见的函混排（288 页），故三列同址；各区分局的公示也在此栏目（已见湾沚、繁昌、南陵的条目，公示正文里的受理部门写「驻市民服务中心生态环境窗口」等）；2112条,
AH0303,AH0303,AH0303,,中国(安徽)自由贸易试验区芜湖片区管委会行政审批局,安徽自贸试验区芜湖片区管委会行政审批局 / 中国(安徽)自由贸易试验区芜湖片区管委会,,在用,市本级,340000,340200,,芜湖市,芜湖,,,,,,本级政府部门,,是,,,中国(安徽)自由贸易试验区芜湖片区管委会:3,行政审批,芜湖市|市本级|行政审批,3400-E010,,https://sthjj.wuhu.gov.cn/hbyw/hjsp/jsxmhpsp/index.html,首页 > 环保业务 > 环境审批 > 建设项目环评审批,,已核实,2026-09-21,24,24,2025-09-05,2026-08-05,(空):23 / 鸠江:1,一个混合栏目：受理公示、批前公示、审批意见的函混排（288 页），故三列同址；各区分局的公示也在此栏目（已见湾沚、繁昌、南陵的条目，公示正文里的受理部门写「驻市民服务中心生态环境窗口」等）；24条,
AH0311,AH0311,AH0311,,安徽新芜经济开发区管理委员会,,,在用,开发区/园区,340000,340200,,,,340200-Z01,新芜开发区,,,,,,否,,,芜湖市生态环境局:1,开发区管委会,芜湖市|新芜开发区|行政审批,3400-E010,,https://sthjj.wuhu.gov.cn/hbyw/hjsp/jsxmhpsp/index.html,首页 > 环保业务 > 环境审批 > 建设项目环评审批,,已核实,2026-09-21,4,4,2020-04-15,2025-11-10,湾沚:4,一个混合栏目：受理公示、批前公示、审批意见的函混排（288 页），故三列同址；各区分局的公示也在此栏目（已见湾沚、繁昌、南陵的条目，公示正文里的受理部门写「驻市民服务中心生态环境窗口」等）；4条,
AH0319,AH0319,AH0319,,安徽新芜经济开发区企业发展服务中心,,,在用,开发区/园区,340000,340200,,,,340200-Z01,新芜开发区,,,,,,否,,,芜湖市湾沚区生态环境分局:1,其他部门,芜湖市|新芜开发区|新芜经济开发区企业发展服务中心,,,,,,,,1,1,2024-04-26,2024-04-26,湾沚:1,,
AH0321,AH0321,AH0321,,芜湖市住房和城乡建设局,,,在用,市本级,340000,340200,,芜湖市,芜湖,,,,,,本级政府部门,,是,,,芜湖市生态环境局:1,其他部门,芜湖市|市本级|住房城乡建设局,,,,,,,,1,1,2022-11-14,2022-11-14,弋江:1,,
AH0323,AH0323,AH0323,,芜湖市水务局,,,在用,市本级,340000,340200,,芜湖市,芜湖,,,,,,本级政府部门,,是,,,芜湖市生态环境局:1,其他部门,芜湖市|市本级|水务局,,,,,,,,1,1,2022-09-26,2022-09-26,镜湖:1,,
AH0330,AH0330,AH0330,,芜湖市芜湖县生态环境分局,,,在用,市本级,340000,340200,,芜湖市,芜湖,,,,,,本级政府部门,,是,,,芜湖市湾沚区生态环境分局:1,生态环境,芜湖市|市本级|生态环境分局,3400-E010,,https://sthjj.wuhu.gov.cn/hbyw/hjsp/jsxmhpsp/index.html,首页 > 环保业务 > 环境审批 > 建设项目环评审批,,已核实,2026-09-21,1,1,2022-03-08,2022-03-08,湾沚:1,一个混合栏目：受理公示、批前公示、审批意见的函混排（288 页），故三列同址；各区分局的公示也在此栏目（已见湾沚、繁昌、南陵的条目，公示正文里的受理部门写「驻市民服务中心生态环境窗口」等）；1条,
AH0333,AH0333,AH0333,,芜湖航空产业园管委会,,,在用,开发区/园区,340000,340200,,,,340200-Z02,航空园区,,,,,,否,,,,开发区管委会,芜湖市|航空园区|行政审批,3400-E010,,https://sthjj.wuhu.gov.cn/hbyw/hjsp/jsxmhpsp/index.html,首页 > 环保业务 > 环境审批 > 建设项目环评审批,,已核实,2026-09-21,1,1,2015-12-04,2015-12-04,湾沚:1,,
AH0340,AH0340,AH0340,,蚌埠市龙子湖区生态环境分局,蚌埠市龙子湖区生态环境龙子湖分局,,在用,区县,340000,340300,340302,龙子湖区,龙子湖,,,,,,本级政府部门,,是,,,蚌埠市生态环境局:22 / 蚌埠市龙子湖区科技经济信息化局:3 / 蚌埠市高新区生态环境分局:2,生态环境,蚌埠市|龙子湖|生态环境分局,3400-E002,,https://sthjj.bengbu.gov.cn/hbyw/hpsp/hjyxpj/xmslqk/index.html,首页 > 环保业务 > 环评审批 > 环境影响评价 > 项目受理情况 / 拟批准项目公示 / 批准项目公告,,已核实,2026-09-21,115,115,2020-01-20,2026-09-11,龙子湖:105 / (空):10,三类分栏，栏目已打开确认有环评条目；各区县分局（已见固镇、五河的条目）的公示也发在市局这三个栏目；另有「备案公示」栏目放登记表备案；115条,
AH0343,AH0343,AH0343,,蚌埠市蚌山区生态环境分局,,,在用,区县,340000,340300,340303,蚌山区,蚌山,,,,,,本级政府部门,,是,,,蚌山区政府环保局:22 / 蚌埠市生态环境局:5 / 蚌埠市蚌山区人民政府:1,生态环境,蚌埠市|蚌山|生态环境分局,3400-E002,,https://sthjj.bengbu.gov.cn/hbyw/hpsp/hjyxpj/xmslqk/index.html,首页 > 环保业务 > 环评审批 > 环境影响评价 > 项目受理情况 / 拟批准项目公示 / 批准项目公告,,已核实,2026-09-21,73,71,2016-03-22,2026-09-01,蚌山:60 / (空):10 / 淮上:1,三类分栏，栏目已打开确认有环评条目；各区县分局（已见固镇、五河的条目）的公示也发在市局这三个栏目；另有「备案公示」栏目放登记表备案；73条,
AH0349,AH0349,AH0349,,蚌山区政府环保局,,,在用,区县,340000,340300,340303,蚌山区,蚌山,,,,,,本级政府部门,,是,,,蚌埠市蚌山区生态环境分局:8 / 蚌埠市城乡规划局:2 / 蚌埠市生态环境局:2,生态环境,蚌埠市|蚌山|生态环境,3400-E002,,https://sthjj.bengbu.gov.cn/hbyw/hpsp/hjyxpj/xmslqk/index.html,首页 > 环保业务 > 环评审批 > 环境影响评价 > 项目受理情况 / 拟批准项目公示 / 批准项目公告,,已核实,2026-09-21,14,14,2017-06-05,2019-08-23,蚌山:13 / (空):1,三类分栏，栏目已打开确认有环评条目；各区县分局（已见固镇、五河的条目）的公示也发在市局这三个栏目；另有「备案公示」栏目放登记表备案；14条,
AH0359,AH0359,AH0359,,蚌山区政府生态环境分局,,,在用,区县,340000,340300,340303,蚌山区,蚌山,,,,,,本级政府部门,,是,,,蚌埠市蚌山区生态环境分局:1,生态环境,蚌埠市|蚌山|政府生态环境分局,3400-E002,,https://sthjj.bengbu.gov.cn/hbyw/hpsp/hjyxpj/xmslqk/index.html,首页 > 环保业务 > 环评审批 > 环境影响评价 > 项目受理情况 / 拟批准项目公示 / 批准项目公告,,已核实,2026-09-21,1,1,2023-08-21,2023-08-21,蚌山:1,三类分栏，栏目已打开确认有环评条目；各区县分局（已见固镇、五河的条目）的公示也发在市局这三个栏目；另有「备案公示」栏目放登记表备案；1条,
AH0342,AH0342,AH0342,,蚌埠市禹会区生态环境分局,,,在用,区县,340000,340300,340304,禹会区,禹会,,,,,,本级政府部门,,是,,,蚌埠市生态环境局:34 / 禹会区科技工业信息化局:1 / 蚌埠市淮上区生态环境分局:1,生态环境,蚌埠市|禹会|生态环境分局,3400-E002,,https://sthjj.bengbu.gov.cn/hbyw/hpsp/hjyxpj/xmslqk/index.html,首页 > 环保业务 > 环评审批 > 环境影响评价 > 项目受理情况 / 拟批准项目公示 / 批准项目公告,,已核实,2026-09-21,80,80,2015-11-13,2026-09-15,禹会:69 / (空):11,三类分栏，栏目已打开确认有环评条目；各区县分局（已见固镇、五河的条目）的公示也发在市局这三个栏目；另有「备案公示」栏目放登记表备案；80条,
AH0352,AH0352,AH0352,,禹会区政府生态环境分局,,,在用,区县,340000,340300,340304,禹会区,禹会,,,,,,本级政府部门,,是,,,蚌埠市禹会区生态环境分局:8 / 蚌埠市生态环境局:2,生态环境,蚌埠市|禹会|政府生态环境分局,3400-E002,,https://sthjj.bengbu.gov.cn/hbyw/hpsp/hjyxpj/xmslqk/index.html,首页 > 环保业务 > 环评审批 > 环境影响评价 > 项目受理情况 / 拟批准项目公示 / 批准项目公告,,已核实,2026-09-21,10,10,2019-09-10,2024-12-25,禹会:9 / (空):1,三类分栏，栏目已打开确认有环评条目；各区县分局（已见固镇、五河的条目）的公示也发在市局这三个栏目；另有「备案公示」栏目放登记表备案；10条,
AH0357,AH0357,AH0357,,禹会区政府环保局,,,在用,区县,340000,340300,340304,禹会区,禹会,,,,,,本级政府部门,,是,,,,生态环境,蚌埠市|禹会|生态环境,3400-E002,,https://sthjj.bengbu.gov.cn/hbyw/hpsp/hjyxpj/xmslqk/index.html,首页 > 环保业务 > 环评审批 > 环境影响评价 > 项目受理情况 / 拟批准项目公示 / 批准项目公告,,已核实,2026-09-21,1,1,2019-04-04,2019-04-04,禹会:1,三类分栏，栏目已打开确认有环评条目；各区县分局（已见固镇、五河的条目）的公示也发在市局这三个栏目；另有「备案公示」栏目放登记表备案；1条,
AH0339,AH0339,AH0339,,蚌埠市淮上区生态环境分局,,,在用,区县,340000,340300,340311,淮上区,淮上,,,,,,本级政府部门,,是,,,蚌埠市生态环境局:57 / 蚌埠市五河县生态环境分局:3 / 蚌埠市淮上区环保局:1,生态环境,蚌埠市|淮上|生态环境分局,3400-E002,,https://sthjj.bengbu.gov.cn/hbyw/hpsp/hjyxpj/xmslqk/index.html,首页 > 环保业务 > 环评审批 > 环境影响评价 > 项目受理情况 / 拟批准项目公示 / 批准项目公告,,已核实,2026-09-21,156,156,2019-10-10,2026-09-16,淮上:155 / (空):1,三类分栏，栏目已打开确认有环评条目；各区县分局（已见固镇、五河的条目）的公示也发在市局这三个栏目；另有「备案公示」栏目放登记表备案；156条,
AH0336,AH0336,AH0336,,蚌埠市怀远县生态环境分局,,,在用,区县,340000,340300,340321,怀远县,怀远,,,,,,本级政府部门,,是,,,蚌埠市生态环境局:220 / 怀远县政务服务中心生态环境局窗口:10 / 怀远县生态环境保护综合行政执法大队:5,生态环境,蚌埠市|怀远|生态环境分局,3400-E002,,https://sthjj.bengbu.gov.cn/hbyw/hpsp/hjyxpj/xmslqk/index.html,首页 > 环保业务 > 环评审批 > 环境影响评价 > 项目受理情况 / 拟批准项目公示 / 批准项目公告,,已核实,2026-09-21,361,361,2020-12-08,2026-08-05,怀远:358 / (空):3,三类分栏，栏目已打开确认有环评条目；各区县分局（已见固镇、五河的条目）的公示也发在市局这三个栏目；另有「备案公示」栏目放登记表备案；361条,
AH0348,AH0348,AH0348,,怀远县政务服务中心生态环境局,怀远县政务中心生态环境局,,在用,区县,340000,340300,340321,怀远县,怀远,,,,,,本级政府部门,,是,,,蚌埠市怀远县生态环境分局:5 / 蚌埠市生态环境局:2,生态环境,蚌埠市|怀远|生态环境,3400-E002,,https://sthjj.bengbu.gov.cn/hbyw/hpsp/hjyxpj/xmslqk/index.html,首页 > 环保业务 > 环评审批 > 环境影响评价 > 项目受理情况 / 拟批准项目公示 / 批准项目公告,,已核实,2026-09-21,18,18,2025-03-27,2025-08-08,怀远:18,三类分栏，栏目已打开确认有环评条目；各区县分局（已见固镇、五河的条目）的公示也发在市局这三个栏目；另有「备案公示」栏目放登记表备案；18条,
AH0338,AH0338,AH0338,,蚌埠市五河县生态环境分局,,,在用,区县,340000,340300,340322,五河县,五河,,,,,,本级政府部门,,是,,,蚌埠市生态环境局:122 / 生态环境局行政审批科(监督管理科):10 / 五河县经济和信息化局:3,生态环境,蚌埠市|五河|生态环境分局,3400-E002,,https://sthjj.bengbu.gov.cn/hbyw/hpsp/hjyxpj/xmslqk/index.html,首页 > 环保业务 > 环评审批 > 环境影响评价 > 项目受理情况 / 拟批准项目公示 / 批准项目公告,,已核实,2026-09-21,242,242,2020-06-29,2026-09-18,五河:241 / (空):1,三类分栏，栏目已打开确认有环评条目；各区县分局（已见固镇、五河的条目）的公示也发在市局这三个栏目；另有「备案公示」栏目放登记表备案；242条,
AH0335,AH0335,AH0335,,蚌埠市固镇县生态环境分局,,,在用,区县,340000,340300,340323,固镇县,固镇,,,,,,本级政府部门,,是,,,蚌埠市生态环境局:117 / 固镇县环境保护局:112 / 蚌埠市环境生态环境局:3,生态环境,蚌埠市|固镇|生态环境分局,3400-E002,,https://sthjj.bengbu.gov.cn/hbyw/hpsp/hjyxpj/xmslqk/index.html,首页 > 环保业务 > 环评审批 > 环境影响评价 > 项目受理情况 / 拟批准项目公示 / 批准项目公告,,已核实,2026-09-21,442,432,2018-01-03,2026-08-21,固镇:423 / (空):9,三类分栏，栏目已打开确认有环评条目；各区县分局（已见固镇、五河的条目）的公示也发在市局这三个栏目；另有「备案公示」栏目放登记表备案；442条,
AH0337,AH0337,AH0337,,固镇县环境保护局,,,在用,区县,340000,340300,340323,固镇县,固镇,,,,,,本级政府部门,,是,,,蚌埠市固镇县生态环境分局:117 / 蚌埠市生态环境局:84 / 埠市固镇县生态环境分局:2,生态环境,蚌埠市|固镇|生态环境,3400-E002,,https://sthjj.bengbu.gov.cn/hbyw/hpsp/hjyxpj/xmslqk/index.html,首页 > 环保业务 > 环评审批 > 环境影响评价 > 项目受理情况 / 拟批准项目公示 / 批准项目公告,,已核实,2026-09-21,259,259,2014-03-13,2022-08-15,固镇:256 / (空):3,三类分栏，栏目已打开确认有环评条目；各区县分局（已见固镇、五河的条目）的公示也发在市局这三个栏目；另有「备案公示」栏目放登记表备案；259条,
AH0356,AH0356,AH0356,,埠市固镇县生态环境分局,,,在用,区县,340000,340300,340323,固镇县,固镇,,,,,,本级政府部门,,是,,,固镇县环境保护局:1 / 蚌埠市固镇县生态环境分局:1,生态环境,蚌埠市|固镇|埠市生态环境分局,3400-E002,,https://sthjj.bengbu.gov.cn/hbyw/hpsp/hjyxpj/xmslqk/index.html,首页 > 环保业务 > 环评审批 > 环境影响评价 > 项目受理情况 / 拟批准项目公示 / 批准项目公告,,已核实,2026-09-21,1,1,2021-06-04,2021-06-04,固镇:1,三类分栏，栏目已打开确认有环评条目；各区县分局（已见固镇、五河的条目）的公示也发在市局这三个栏目；另有「备案公示」栏目放登记表备案；1条,
AH0334,AH0334,AH0334,,蚌埠市生态环境局,蚌埠市燕山路管委会生态环境分局 / 蚌埠市生态环境局行政审批和营商环境科,,在用,市本级,340000,340300,,蚌埠市,蚌埠,,,,,,本级政府部门,,是,,,蚌埠市怀远县生态环境分局:99 / 蚌埠市五河县生态环境分局:89 / 蚌埠市高新区生态环境分局:44,生态环境,蚌埠市|市本级|生态环境,3400-E002,,https://sthjj.bengbu.gov.cn/hbyw/hpsp/hjyxpj/xmslqk/index.html,首页 > 环保业务 > 环评审批 > 环境影响评价 > 项目受理情况 / 拟批准项目公示 / 批准项目公告,,已核实,2026-09-21,1748,1745,2013-11-28,2026-09-09,(空):456 / 淮上:308 / 怀远:303 / 固镇:175,三类分栏，栏目已打开确认有环评条目；各区县分局（已见固镇、五河的条目）的公示也发在市局这三个栏目；另有「备案公示」栏目放登记表备案；1748条,
AH0341,AH0341,AH0341,,蚌埠高新技术产业开发区管理委员会改革创新局,蚌埠市高新区管委会 / 蚌埠高新技术产业开发区管理委员会,,在用,开发区/园区,340000,340300,,,,340300-Z02,本级高新区,,,,,,否,,,蚌埠高新技术产业开发区管理委员会:1,行政审批,蚌埠市|本级高新区|行政审批,3400-E002,,https://sthjj.bengbu.gov.cn/hbyw/hpsp/hjyxpj/xmslqk/index.html,首页 > 环保业务 > 环评审批 > 环境影响评价 > 项目受理情况 / 拟批准项目公示 / 批准项目公告,,已核实,2026-09-21,102,11,2024-09-26,2026-02-03,禹会:11,三类分栏，栏目已打开确认有环评条目；各区县分局（已见固镇、五河的条目）的公示也发在市局这三个栏目；另有「备案公示」栏目放登记表备案；102条,
AH0344,AH0344,AH0344,,蚌埠市高新区生态环境分局,,,在用,开发区/园区,340000,340300,,,,340300-Z02,本级高新区,,,,,,否,,,蚌埠市生态环境局:42 / 蚌埠高新技术产业开发区管理委员会:6 / 高新区生态环境分局:2,生态环境,蚌埠市|本级高新区|高新区生态环境分局,3400-E002,,https://sthjj.bengbu.gov.cn/hbyw/hpsp/hjyxpj/xmslqk/index.html,首页 > 环保业务 > 环评审批 > 环境影响评价 > 项目受理情况 / 拟批准项目公示 / 批准项目公告,,已核实,2026-09-21,67,67,2019-07-29,2026-09-07,(空):40 / 禹会:27,三类分栏，栏目已打开确认有环评条目；各区县分局（已见固镇、五河的条目）的公示也发在市局这三个栏目；另有「备案公示」栏目放登记表备案；67条,
AH0345,AH0345,AH0345,,蚌埠市经济开发区生态环境分局,,,在用,开发区/园区,340000,340300,,,,340300-Z01,本级开发区,,,,,,否,,,蚌埠市生态环境局:27 / 蚌埠经济开发区经贸发展局:1,生态环境,蚌埠市|本级开发区|经济开发区生态环境分局,3400-E002,,https://sthjj.bengbu.gov.cn/hbyw/hpsp/hjyxpj/xmslqk/index.html,首页 > 环保业务 > 环评审批 > 环境影响评价 > 项目受理情况 / 拟批准项目公示 / 批准项目公告,,已核实,2026-09-21,31,31,2022-03-29,2026-08-26,龙子湖:28 / (空):3,三类分栏，栏目已打开确认有环评条目；各区县分局（已见固镇、五河的条目）的公示也发在市局这三个栏目；另有「备案公示」栏目放登记表备案；31条,
AH0346,AH0346,AH0346,,安徽自贸试验区蚌埠片区改革创新局,,,在用,市本级,340000,340300,,蚌埠市,蚌埠,,,,,,本级政府部门,,是,,,蚌埠高新技术产业开发区管理委员会:14 / 蚌埠市生态环境局:3 / 蚌埠高新区(安徽自贸试验区蚌埠片区)改革创新局:1,行政审批,蚌埠市|市本级|自贸试验区片区改革创新局,3400-E002,,https://sthjj.bengbu.gov.cn/hbyw/hpsp/hjyxpj/xmslqk/index.html,首页 > 环保业务 > 环评审批 > 环境影响评价 > 项目受理情况 / 拟批准项目公示 / 批准项目公告,,已核实,2026-09-21,24,24,2024-11-20,2026-09-14,禹会:24,三类分栏，栏目已打开确认有环评条目；各区县分局（已见固镇、五河的条目）的公示也发在市局这三个栏目；另有「备案公示」栏目放登记表备案；24条,
AH0347,AH0347,AH0347,,蚌埠市燕山路管委会高新区生态环境分局,蚌埠市高新区建设和环保局 / 蚌埠高新区建设和环保局,,在用,开发区/园区,340000,340300,,,,340300-Z02,本级高新区,,,,,,否,,,蚌埠市生态环境局:6 / 安阳市生态环境局:1,生态环境,蚌埠市|本级高新区|生态环境,3400-E002,,https://sthjj.bengbu.gov.cn/hbyw/hpsp/hjyxpj/xmslqk/index.html,首页 > 环保业务 > 环评审批 > 环境影响评价 > 项目受理情况 / 拟批准项目公示 / 批准项目公告,,已核实,2026-09-21,23,23,2015-12-22,2019-07-29,(空):23,三类分栏，栏目已打开确认有环评条目；各区县分局（已见固镇、五河的条目）的公示也发在市局这三个栏目；另有「备案公示」栏目放登记表备案；23条,
AH0350,AH0350,AH0350,,经开区生态环境分局,,,在用,开发区/园区,340000,340300,,,,340300-Z04,龙子湖开发区,,,,,,否,,,马鞍山经济技术开发区生态环境分局:10 / 蚌埠市生态环境局:8 / 马鞍山市生态环境局:8,生态环境,蚌埠市|龙子湖开发区|经开区生态环境分局,3400-E002,,https://sthjj.bengbu.gov.cn/hbyw/hpsp/hjyxpj/xmslqk/index.html,首页 > 环保业务 > 环评审批 > 环境影响评价 > 项目受理情况 / 拟批准项目公示 / 批准项目公告,,已核实,2026-09-21,12,12,2024-08-07,2025-03-21,龙子湖:12,三类分栏，栏目已打开确认有环评条目；各区县分局（已见固镇、五河的条目）的公示也发在市局这三个栏目；另有「备案公示」栏目放登记表备案；12条,
AH0351,AH0351,AH0351,,蚌埠经济开发区建设和环保局,,,在用,开发区/园区,340000,340300,,,,340300-Z01,本级开发区,,,,,,否,,,蚌埠市生态环境局:5,生态环境,蚌埠市|本级开发区|生态环境,3400-E002,,https://sthjj.bengbu.gov.cn/hbyw/hpsp/hjyxpj/xmslqk/index.html,首页 > 环保业务 > 环评审批 > 环境影响评价 > 项目受理情况 / 拟批准项目公示 / 批准项目公告,,已核实,2026-09-21,11,11,2016-07-18,2017-06-29,(空):6 / 龙子湖:4 / 蚌山:1,三类分栏，栏目已打开确认有环评条目；各区县分局（已见固镇、五河的条目）的公示也发在市局这三个栏目；另有「备案公示」栏目放登记表备案；11条,
AH0353,AH0353,AH0353,,高新区生态环境分局,,,在用,开发区/园区,340000,340300,,,,340300-Z03,禹会高新区,,,,,,否,,,亳州高新技术产业开发区生态环境分局:5 / 蚌埠市生态环境局:4 / 亳州市生态环境局:2,生态环境,蚌埠市|禹会高新区|高新区生态环境分局,3400-E002,,https://sthjj.bengbu.gov.cn/hbyw/hpsp/hjyxpj/xmslqk/index.html,首页 > 环保业务 > 环评审批 > 环境影响评价 > 项目受理情况 / 拟批准项目公示 / 批准项目公告,,已核实,2026-09-21,7,7,2024-07-30,2025-02-20,禹会:5 / (空):2,三类分栏，栏目已打开确认有环评条目；各区县分局（已见固镇、五河的条目）的公示也发在市局这三个栏目；另有「备案公示」栏目放登记表备案；7条,
AH0354,AH0354,AH0354,,蚌埠高新区(安徽自贸试验区蚌埠片区)改革创新局,,,在用,开发区/园区,340000,340300,,,,340300-Z02,本级高新区,,,,,,否,,,蚌埠市生态环境局:1 / 蚌埠高新技术产业开发区管理委员会:1,行政审批,蚌埠市|本级高新区|高新区(自贸试验区片区)改革创新局,3400-E002,,https://sthjj.bengbu.gov.cn/hbyw/hpsp/hjyxpj/xmslqk/index.html,首页 > 环保业务 > 环评审批 > 环境影响评价 > 项目受理情况 / 拟批准项目公示 / 批准项目公告,,已核实,2026-09-21,6,6,2024-12-30,2025-07-15,禹会:6,三类分栏，栏目已打开确认有环评条目；各区县分局（已见固镇、五河的条目）的公示也发在市局这三个栏目；另有「备案公示」栏目放登记表备案；6条,
AH0355,AH0355,AH0355,,中国（安徽）自贸试验区蚌埠片区改革创新局,,,在用,市本级,340000,340300,,蚌埠市,蚌埠,,,,,,本级政府部门,,是,,,,行政审批,蚌埠市|市本级|中国（）自贸试验区片区改革创新局,3400-E002,,https://sthjj.bengbu.gov.cn/hbyw/hpsp/hjyxpj/xmslqk/index.html,首页 > 环保业务 > 环评审批 > 环境影响评价 > 项目受理情况 / 拟批准项目公示 / 批准项目公告,,已核实,2026-09-21,1,1,2024-10-09,2024-10-09,禹会:1,三类分栏，栏目已打开确认有环评条目；各区县分局（已见固镇、五河的条目）的公示也发在市局这三个栏目；另有「备案公示」栏目放登记表备案；1条,
AH0358,AH0358,AH0358,,蚌埠市经济技术开发区生态环境分局,,,在用,开发区/园区,340000,340300,,,,340300-Z01,本级开发区,,,,,,否,,,蚌埠市生态环境局:1,生态环境,蚌埠市|本级开发区|经济技术开发区生态环境分局,3400-E002,,https://sthjj.bengbu.gov.cn/hbyw/hpsp/hjyxpj/xmslqk/index.html,首页 > 环保业务 > 环评审批 > 环境影响评价 > 项目受理情况 / 拟批准项目公示 / 批准项目公告,,已核实,2026-09-21,1,1,2023-07-05,2023-07-05,(空):1,三类分栏，栏目已打开确认有环评条目；各区县分局（已见固镇、五河的条目）的公示也发在市局这三个栏目；另有「备案公示」栏目放登记表备案；1条,
AH0245,AH0245,AH0245,,淮南市大通区生态环境分局,,,在用,区县,340000,340400,340402,大通区,大通,,,,,,本级政府部门,,是,,,淮南市大通区人民政府:19 / 淮南市生态环境局:18 / 淮南市发展和改革委员会:2,生态环境,淮南市|大通|生态环境分局,3400-E008,,https://sthjj.huainan.gov.cn/hbyw/xmgl/spgs/slgs/index.html,首页 > 环保业务 > 项目管理 > 审批公示 > 受理公示 / 拟审批意见公示 / 已批复项目公告,,已核实,2026-09-21,69,69,2020-03-31,2026-08-13,大通:69,三类分栏，栏目已打开确认有环评条目；区县项目（已见潘集、寿县）也发在市局这三个栏目；69条,
AH0257,AH0257,AH0257,,淮南市大通区人民政府,,,在用,区县,340000,340400,340402,大通区,大通,,,,,,本级政府部门,,是,,,淮南市生态环境局:4 / 淮南市大通区生态环境分局:2,其他部门,淮南市|大通|人民政府,,,,,,,,5,5,2020-11-30,2026-04-30,大通:5,,
AH0249,AH0249,AH0249,,淮南市田家庵区生态环境分局,,,在用,区县,340000,340400,340403,田家庵区,田家庵,,,,,,本级政府部门,,是,,,淮南市生态环境局:13 / 淮南市田家庵区环境保护局:5,生态环境,淮南市|田家庵|生态环境分局,3400-E008,,https://sthjj.huainan.gov.cn/hbyw/xmgl/spgs/slgs/index.html,首页 > 环保业务 > 项目管理 > 审批公示 > 受理公示 / 拟审批意见公示 / 已批复项目公告,,已核实,2026-09-21,46,46,2020-08-10,2026-08-04,田家庵:42 / (空):4,三类分栏，栏目已打开确认有环评条目；区县项目（已见潘集、寿县）也发在市局这三个栏目；46条,
AH0248,AH0248,AH0248,,淮南市谢家集区生态环境分局,,,在用,区县,340000,340400,340404,谢家集区,谢家集,,,,,,本级政府部门,,是,,,淮南市生态环境局:25 / 政府谢家集区生态环境分局:1 / 淮南市谢家集区人民政府谢家集区生态环境分局:1,生态环境,淮南市|谢家集|生态环境分局,3400-E008,,https://sthjj.huainan.gov.cn/hbyw/xmgl/spgs/slgs/index.html,首页 > 环保业务 > 项目管理 > 审批公示 > 受理公示 / 拟审批意见公示 / 已批复项目公告,,已核实,2026-09-21,57,57,2020-01-14,2026-07-17,谢家集:53 / (空):4,三类分栏，栏目已打开确认有环评条目；区县项目（已见潘集、寿县）也发在市局这三个栏目；57条,
AH0250,AH0250,AH0250,,淮南市谢家集区人民政府谢家集区生态环境分局,,,在用,区县,340000,340400,340404,谢家集区,谢家集,,,,,,本级政府部门,,是,,,淮南市谢家集区生态环境分局:25 / 淮南市生态环境局:15,生态环境,淮南市|谢家集|人民政府生态环境分局,3400-E008,,https://sthjj.huainan.gov.cn/hbyw/xmgl/spgs/slgs/index.html,首页 > 环保业务 > 项目管理 > 审批公示 > 受理公示 / 拟审批意见公示 / 已批复项目公告,,已核实,2026-09-21,34,34,2020-01-08,2023-01-03,谢家集:31 / (空):3,三类分栏，栏目已打开确认有环评条目；区县项目（已见潘集、寿县）也发在市局这三个栏目；34条,
AH0247,AH0247,AH0247,,淮南市八公山区生态环境分局,公山区生态环境分局,,在用,区县,340000,340400,340405,八公山区,八公山,,,,,,本级政府部门,,是,,,淮南市生态环境局:41 / 淮南市八公山区科技经济信息化局:5 / 淮南市生态环境局八公山分局:4,生态环境,淮南市|八公山|生态环境分局,3400-E008,,https://sthjj.huainan.gov.cn/hbyw/xmgl/spgs/slgs/index.html,首页 > 环保业务 > 项目管理 > 审批公示 > 受理公示 / 拟审批意见公示 / 已批复项目公告,,已核实,2026-09-21,60,60,2020-04-08,2026-09-10,八公山:56 / (空):2 / 凤台:2,三类分栏，栏目已打开确认有环评条目；区县项目（已见潘集、寿县）也发在市局这三个栏目；60条,
AH0261,AH0261,AH0261,,淮南市八公山区科技经济信息化局,,,在用,区县,340000,340400,340405,八公山区,八公山,,,,,,本级政府部门,,是,,,淮南市八公山区生态环境分局:1 / 淮南市生态环境局:1,其他部门,淮南市|八公山|科技经济信息化局,,,,,,,,1,1,2020-11-30,2020-11-30,八公山:1,,
AH0244,AH0244,AH0244,,淮南市潘集区生态环境分局,,,在用,区县,340000,340400,340406,潘集区,潘集,,,,,,本级政府部门,,是,,,淮南市生态环境局:42 / 淮南市生态环境局潘集区分局:5 / 淮南市谢家集区生态环境分局:2,生态环境,淮南市|潘集|生态环境分局,3400-E008,,https://sthjj.huainan.gov.cn/hbyw/xmgl/spgs/slgs/index.html,首页 > 环保业务 > 项目管理 > 审批公示 > 受理公示 / 拟审批意见公示 / 已批复项目公告,,已核实,2026-09-21,90,90,2020-02-26,2026-08-11,潘集:89 / (空):1,三类分栏，栏目已打开确认有环评条目；区县项目（已见潘集、寿县）也发在市局这三个栏目；90条,
AH0254,AH0254,AH0254,,淮南市生态环境局潘集区分局,,,在用,区县,340000,340400,340406,潘集区,潘集,,,,,,本级政府部门,,是,,,淮南市生态环境局:7 / 淮南市潘集区生态环境分局:5,生态环境,淮南市|潘集|生态环境,3400-E008,,https://sthjj.huainan.gov.cn/hbyw/xmgl/spgs/slgs/index.html,首页 > 环保业务 > 项目管理 > 审批公示 > 受理公示 / 拟审批意见公示 / 已批复项目公告,,已核实,2026-09-21,20,20,2025-09-03,2026-07-23,潘集:20,三类分栏，栏目已打开确认有环评条目；区县项目（已见潘集、寿县）也发在市局这三个栏目；20条,
AH0243,AH0243,AH0243,,淮南市凤台县生态环境分局,,,在用,区县,340000,340400,340421,凤台县,凤台,,,,,,本级政府部门,,是,,,淮南市生态环境局:50 / 凤台县水利局:1,生态环境,淮南市|凤台|生态环境分局,3400-E008,,https://sthjj.huainan.gov.cn/hbyw/xmgl/spgs/slgs/index.html,首页 > 环保业务 > 项目管理 > 审批公示 > 受理公示 / 拟审批意见公示 / 已批复项目公告,,已核实,2026-09-21,93,93,2020-09-22,2026-09-14,凤台:93,三类分栏，栏目已打开确认有环评条目；区县项目（已见潘集、寿县）也发在市局这三个栏目；93条,
AH0242,AH0242,AH0242,,淮南市寿县生态环境分局,,,在用,区县,340000,340400,340422,寿县,寿县,,,,,,本级政府部门,,是,,,淮南市生态环境局:103 / 淮南市寿县政务服务中心新桥国际产业园分中心环保窗口:23 / 全国建设项目环境影响评价管理信息平台:1,生态环境,淮南市|寿|生态环境分局,3400-E008,,https://sthjj.huainan.gov.cn/hbyw/xmgl/spgs/slgs/index.html,首页 > 环保业务 > 项目管理 > 审批公示 > 受理公示 / 拟审批意见公示 / 已批复项目公告,,已核实,2026-09-21,403,403,2020-01-02,2026-09-11,寿县:399 / (空):4,三类分栏，栏目已打开确认有环评条目；区县项目（已见潘集、寿县）也发在市局这三个栏目；403条,
AH0241,AH0241,AH0241,,淮南市生态环境局,,,在用,市本级,340000,340400,,淮南市,淮南,,,,,,本级政府部门,,是,,,淮南市寿县生态环境分局:62 / 淮南市凤台县生态环境分局:32 / 淮南经济技术开发区生态环境分局:32,生态环境,淮南市|市本级|生态环境,3400-E008,,https://sthjj.huainan.gov.cn/hbyw/xmgl/spgs/slgs/index.html,首页 > 环保业务 > 项目管理 > 审批公示 > 受理公示 / 拟审批意见公示 / 已批复项目公告,,已核实,2026-09-21,682,680,2008-01-21,2026-09-17,(空):133 / 大通:111 / 潘集:102 / 寿县:93,三类分栏，栏目已打开确认有环评条目；区县项目（已见潘集、寿县）也发在市局这三个栏目；682条,
AH0246,AH0246,AH0246,,淮南经济技术开发区生态环境分局,,,在用,开发区/园区,340000,340400,,,,340400-Z03,本级开发区,,,,,,否,,,淮南市生态环境局:30,生态环境,淮南市|本级开发区|经济技术开发区生态环境分局,3400-E008,,https://sthjj.huainan.gov.cn/hbyw/xmgl/spgs/slgs/index.html,首页 > 环保业务 > 项目管理 > 审批公示 > 受理公示 / 拟审批意见公示 / 已批复项目公告,,已核实,2026-09-21,63,63,2019-04-11,2026-05-26,大通:57 / (空):6,三类分栏，栏目已打开确认有环评条目；区县项目（已见潘集、寿县）也发在市局这三个栏目；63条,
AH0251,AH0251,AH0251,,淮南市环保局经济开发区分局,淮南市环保局经开区分局,,在用,开发区/园区,340000,340400,,,,340400-Z03,本级开发区,,,,,,否,,,淮南市生态环境局:4 / 淮南经济技术开发区生态环境分局:1,生态环境,淮南市|本级开发区|生态环境,3400-E008,,https://sthjj.huainan.gov.cn/hbyw/xmgl/spgs/slgs/index.html,首页 > 环保业务 > 项目管理 > 审批公示 > 受理公示 / 拟审批意见公示 / 已批复项目公告,,已核实,2026-09-21,31,31,2016-08-03,2019-02-11,大通:30 / (空):1,三类分栏，栏目已打开确认有环评条目；区县项目（已见潘集、寿县）也发在市局这三个栏目；31条,
AH0252,AH0252,AH0252,,毛集实验区环保局,毛集实验区环境保护局,,在用,开发区/园区,340000,340400,,,,,,,,,,,否,,,,生态环境,淮南市|毛集实验区|生态环境,3400-E008,,https://sthjj.huainan.gov.cn/hbyw/xmgl/spgs/slgs/index.html,首页 > 环保业务 > 项目管理 > 审批公示 > 受理公示 / 拟审批意见公示 / 已批复项目公告,,已核实,2026-09-21,26,26,2023-05-25,2026-06-11,(空):18 / 凤台:5 / 大通:3,,
AH0253,AH0253,AH0253,,高新区生态环境局,,,在用,开发区/园区,340000,340400,,,,340400-Z06,田家庵高新区,,,,,,否,,,淮南市生态环境局:9 / 高新区环保局:1,生态环境,淮南市|田家庵高新区|生态环境,3400-E008,,https://sthjj.huainan.gov.cn/hbyw/xmgl/spgs/slgs/index.html,首页 > 环保业务 > 项目管理 > 审批公示 > 受理公示 / 拟审批意见公示 / 已批复项目公告,,已核实,2026-09-21,23,23,2021-12-31,2025-11-26,田家庵:12 / (空):11,三类分栏，栏目已打开确认有环评条目；区县项目（已见潘集、寿县）也发在市局这三个栏目；23条,
AH0255,AH0255,AH0255,,淮南市经开区环保分局,,,在用,开发区/园区,340000,340400,,,,340400-Z03,本级开发区,,,,,,否,,,淮南市生态环境局:5,生态环境,淮南市|本级开发区|经开区环保分局,3400-E008,,https://sthjj.huainan.gov.cn/hbyw/xmgl/spgs/slgs/index.html,首页 > 环保业务 > 项目管理 > 审批公示 > 受理公示 / 拟审批意见公示 / 已批复项目公告,,已核实,2026-09-21,9,9,2015-01-08,2015-07-08,大通:9,三类分栏，栏目已打开确认有环评条目；区县项目（已见潘集、寿县）也发在市局这三个栏目；9条,
AH0256,AH0256,AH0256,,高新区环保局,,,在用,开发区/园区,340000,340400,,,,340400-Z04,本级高新区,,,,,,否,,,淮南市生态环境局:4,生态环境,淮南市|本级高新区|生态环境,3400-E008,,https://sthjj.huainan.gov.cn/hbyw/xmgl/spgs/slgs/index.html,首页 > 环保业务 > 项目管理 > 审批公示 > 受理公示 / 拟审批意见公示 / 已批复项目公告,,已核实,2026-09-21,8,8,2025-01-13,2026-06-23,(空):8,三类分栏，栏目已打开确认有环评条目；区县项目（已见潘集、寿县）也发在市局这三个栏目；8条,
AH0258,AH0258,AH0258,,安徽淮南潘集经济开发区（安徽淮南现代煤化工产业园）管理委员会,安徽淮南潘集经济开发区(安徽淮南现代煤化工产业园)管理委员会,,在用,开发区/园区,340000,340400,,,,340400-Z05,潘集开发区,,,,,,否,,,,开发区管委会,淮南市|潘集开发区|行政审批,3400-E008,,https://sthjj.huainan.gov.cn/hbyw/xmgl/spgs/slgs/index.html,首页 > 环保业务 > 项目管理 > 审批公示 > 受理公示 / 拟审批意见公示 / 已批复项目公告,,已核实,2026-09-21,2,2,2024-05-17,2025-02-18,潘集:2,三类分栏，栏目已打开确认有环评条目；区县项目（已见潘集、寿县）也发在市局这三个栏目；2条,
AH0259,AH0259,AH0259,,南经济技术开发区生态环境分局,,,在用,开发区/园区,340000,340400,,,,340400-Z01,南开发区,,,,,,否,,,淮南市生态环境局:1,生态环境,淮南市|南开发区|南经济技术开发区生态环境分局,3400-E008,,https://sthjj.huainan.gov.cn/hbyw/xmgl/spgs/slgs/index.html,首页 > 环保业务 > 项目管理 > 审批公示 > 受理公示 / 拟审批意见公示 / 已批复项目公告,,已核实,2026-09-21,1,1,2024-04-24,2024-04-24,(空):1,三类分栏，栏目已打开确认有环评条目；区县项目（已见潘集、寿县）也发在市局这三个栏目；1条,
AH0260,AH0260,AH0260,,技术开发区生态环境分局,,,在用,开发区/园区,340000,340400,,,,340400-Z02,技术开发区,,,,,,否,,,,生态环境,淮南市|技术开发区|技术开发区生态环境分局,3400-E008,,https://sthjj.huainan.gov.cn/hbyw/xmgl/spgs/slgs/index.html,首页 > 环保业务 > 项目管理 > 审批公示 > 受理公示 / 拟审批意见公示 / 已批复项目公告,,已核实,2026-09-21,1,1,2024-10-16,2024-10-16,大通:1,三类分栏，栏目已打开确认有环评条目；区县项目（已见潘集、寿县）也发在市局这三个栏目；1条,
AH0262,AH0262,AH0262,,淮南市毛集社会发展综合实验区经贸招商局,,,在用,市本级,340000,340400,,淮南市,淮南,,,,,,本级政府部门,,是,,,,其他部门,淮南市|市本级|毛集社会发展综合实验区经贸招商局,,,,,,,,1,1,2023-08-01,2023-08-01,(空):1,,
AH0428,AH0428,AH0428,,马鞍山市花山区生态环境分局,,,在用,区县,340000,340500,340503,花山区,花山,,,,,,本级政府部门,,是,,,马鞍山市生态环境局:5 / 马鞍山市花山区环境保护局:1,生态环境,马鞍山市|花山|生态环境分局,3400-E005,,https://sthjj.mas.gov.cn/hbyw/hjpj/jsxmhpsl/index.html,首页 > 环保业务 > 环境评价 > 建设项目环评受理 / 审批前公示 / 审批结果,,已核实,2026-09-21,11,11,2023-01-31,2026-05-26,花山:10 / (空):1,三类分栏，栏目已打开确认有环评条目；区县项目（已见和县、当涂）也发在市局栏目；11条,
AH0433,AH0433,AH0433,,马鞍山市花山区环境保护局,,,在用,区县,340000,340500,340503,花山区,花山,,,,,,本级政府部门,,是,,,马鞍山市生态环境局:1,生态环境,马鞍山市|花山|生态环境,3400-E005,,https://sthjj.mas.gov.cn/hbyw/hjpj/jsxmhpsl/index.html,首页 > 环保业务 > 环境评价 > 建设项目环评受理 / 审批前公示 / 审批结果,,已核实,2026-09-21,5,5,2015-02-12,2018-03-23,花山:3 / (空):2,三类分栏，栏目已打开确认有环评条目；区县项目（已见和县、当涂）也发在市局栏目；5条,
AH0425,AH0425,AH0425,,马鞍山市雨山区生态环境分局,,,在用,区县,340000,340500,340504,雨山区,雨山,,,,,,本级政府部门,,是,,,马鞍山市生态环境局:15,生态环境,马鞍山市|雨山|生态环境分局,3400-E005,,https://sthjj.mas.gov.cn/hbyw/hjpj/jsxmhpsl/index.html,首页 > 环保业务 > 环境评价 > 建设项目环评受理 / 审批前公示 / 审批结果,,已核实,2026-09-21,32,32,2022-11-02,2026-08-21,雨山:32,三类分栏，栏目已打开确认有环评条目；区县项目（已见和县、当涂）也发在市局栏目；32条,
AH0421,AH0421,AH0421,,马鞍山市博望区生态环境分局,,,在用,区县,340000,340500,340506,博望区,博望,,,,,,本级政府部门,,是,,,马鞍山市生态环境局:20 / 马鞍山市博望区环境保护局:11 / 望区生态环境分局:1,生态环境,马鞍山市|博望|生态环境分局,3400-E005,,https://sthjj.mas.gov.cn/hbyw/hjpj/jsxmhpsl/index.html,首页 > 环保业务 > 环境评价 > 建设项目环评受理 / 审批前公示 / 审批结果,,已核实,2026-09-21,134,134,2016-11-22,2026-09-04,博望:132 / (空):2,三类分栏，栏目已打开确认有环评条目；区县项目（已见和县、当涂）也发在市局栏目；134条,
AH0424,AH0424,AH0424,,马鞍山市博望区环境保护局,,,在用,区县,340000,340500,340506,博望区,博望,,,,,,本级政府部门,,是,,,马鞍山市生态环境局:3,生态环境,马鞍山市|博望|生态环境,3400-E005,,https://sthjj.mas.gov.cn/hbyw/hjpj/jsxmhpsl/index.html,首页 > 环保业务 > 环境评价 > 建设项目环评受理 / 审批前公示 / 审批结果,,已核实,2026-09-21,38,38,2016-12-27,2018-08-31,博望:38,三类分栏，栏目已打开确认有环评条目；区县项目（已见和县、当涂）也发在市局栏目；38条,
AH0437,AH0437,AH0437,,马鞍山市博望区教育局,,,在用,区县,340000,340500,340506,博望区,博望,,,,,,本级政府部门,,是,,,马鞍山市生态环境局:2,其他部门,马鞍山市|博望|教育局,,,,,,,,2,2,2021-10-20,2021-11-24,博望:2,,
AH0420,AH0420,AH0420,,当涂县环保局,,,在用,区县,340000,340500,340521,当涂县,当涂,,,,,,本级政府部门,,是,,,马鞍山市当涂县生态环境分局:20 / 马鞍山市生态环境局:19 / 当涂县交通运输局:1,生态环境,马鞍山市|当涂|生态环境,3400-E005,,https://sthjj.mas.gov.cn/hbyw/hjpj/jsxmhpsl/index.html,首页 > 环保业务 > 环境评价 > 建设项目环评受理 / 审批前公示 / 审批结果,,已核实,2026-09-21,169,169,2016-06-07,2019-05-13,当涂:169,三类分栏，栏目已打开确认有环评条目；区县项目（已见和县、当涂）也发在市局栏目；169条,
AH0422,AH0422,AH0422,,马鞍山市当涂县生态环境分局,,,在用,区县,340000,340500,340521,当涂县,当涂,,,,,,本级政府部门,,是,,,马鞍山市生态环境局:25 / 当涂县环保局:9,生态环境,马鞍山市|当涂|生态环境分局,3400-E005,,https://sthjj.mas.gov.cn/hbyw/hjpj/jsxmhpsl/index.html,首页 > 环保业务 > 环境评价 > 建设项目环评受理 / 审批前公示 / 审批结果,,已核实,2026-09-21,90,90,2016-01-22,2026-08-07,当涂:90,三类分栏，栏目已打开确认有环评条目；区县项目（已见和县、当涂）也发在市局栏目；90条,
AH0436,AH0436,AH0436,,当涂县住房和城乡建设局,,,在用,区县,340000,340500,340521,当涂县,当涂,,,,,,本级政府部门,,是,,,马鞍山市生态环境局:1,其他部门,马鞍山市|当涂|住房城乡建设局,,,,,,,,2,2,2020-08-17,2020-11-04,当涂:2,,
AH0417,AH0417,AH0417,,马鞍山市含山县生态环境分局,,,在用,区县,340000,340500,340522,含山县,含山,,,,,,本级政府部门,,是,,,马鞍山市生态环境局:55 / 含山县环境保护局:44 / 含山县环保局:4,生态环境,马鞍山市|含山|生态环境分局,3400-E005,,https://sthjj.mas.gov.cn/hbyw/hjpj/jsxmhpsl/index.html,首页 > 环保业务 > 环境评价 > 建设项目环评受理 / 审批前公示 / 审批结果,,已核实,2026-09-21,503,503,2015-01-20,2026-08-17,含山:501 / (空):2,三类分栏，栏目已打开确认有环评条目；区县项目（已见和县、当涂）也发在市局栏目；503条,
AH0438,AH0438,AH0438,,含山县教育局,,,在用,区县,340000,340500,340522,含山县,含山,,,,,,本级政府部门,,是,,,马鞍山市生态环境局:1,其他部门,马鞍山市|含山|教育局,,,,,,,,1,1,2024-01-05,2024-01-05,含山:1,,
AH0418,AH0418,AH0418,,和县环境保护局,和县环保局,,在用,区县,340000,340500,340523,和县,和县,,,,,,本级政府部门,,是,,,马鞍山市和县生态环境分局:32 / 马鞍山市生态环境局:20 / 和县环保局:2,生态环境,马鞍山市|和|生态环境,3400-E005,,https://sthjj.mas.gov.cn/hbyw/hjpj/jsxmhpsl/index.html,首页 > 环保业务 > 环境评价 > 建设项目环评受理 / 审批前公示 / 审批结果,,已核实,2026-09-21,339,339,2014-01-07,2019-05-15,和县:339,三类分栏，栏目已打开确认有环评条目；区县项目（已见和县、当涂）也发在市局栏目；339条,
AH0419,AH0419,AH0419,,马鞍山市和县生态环境分局,,,在用,区县,340000,340500,340523,和县,和县,,,,,,本级政府部门,,是,,,马鞍山市生态环境局:85 / 和县环境保护局:8 / 和县人民政府:3,生态环境,马鞍山市|和|生态环境分局,3400-E005,,https://sthjj.mas.gov.cn/hbyw/hjpj/jsxmhpsl/index.html,首页 > 环保业务 > 环境评价 > 建设项目环评受理 / 审批前公示 / 审批结果,,已核实,2026-09-21,238,238,2015-06-12,2026-08-25,和县:238,三类分栏，栏目已打开确认有环评条目；区县项目（已见和县、当涂）也发在市局栏目；238条,
AH0439,AH0439,AH0439,,和县乌江镇经济发展局,,,在用,区县,340000,340500,340523,和县,和县,,,,,,本级政府部门,,是,,,,其他部门,马鞍山市|和|乌江镇经济发展局,,,,,,,,1,1,2018-02-13,2018-02-13,和县:1,,
AH0440,AH0440,AH0440,,和县住房和城乡建设局,,,在用,区县,340000,340500,340523,和县,和县,,,,,,本级政府部门,,是,,,和县环境保护局:1,其他部门,马鞍山市|和|住房城乡建设局,,,,,,,,1,1,2017-03-30,2017-03-30,和县:1,,
AH0416,AH0416,AH0416,,马鞍山市生态环境局,,,在用,市本级,340000,340500,,马鞍山市,马鞍山,,,,,,本级政府部门,,是,,,马鞍山市当涂县生态环境分局:48 / 马鞍山市和县生态环境分局:39 / 马鞍山市含山县生态环境分局:30,生态环境,马鞍山市|市本级|生态环境,3400-E005,,https://sthjj.mas.gov.cn/hbyw/hjpj/jsxmhpsl/index.html,首页 > 环保业务 > 环境评价 > 建设项目环评受理 / 审批前公示 / 审批结果,,已核实,2026-09-21,1769,1769,2014-03-19,2026-09-14,(空):955 / 和县:192 / 含山:165 / 当涂:164,三类分栏，栏目已打开确认有环评条目；区县项目（已见和县、当涂）也发在市局栏目；1769条,
AH0423,AH0423,AH0423,,经开区生态环境分局,,,在用,开发区/园区,340000,340500,,,,340500-Z05,雨山开发区,,,,,,否,,,马鞍山经济技术开发区生态环境分局:10 / 蚌埠市生态环境局:8 / 马鞍山市生态环境局:8,生态环境,马鞍山市|雨山开发区|经开区生态环境分局,3400-E005,,https://sthjj.mas.gov.cn/hbyw/hjpj/jsxmhpsl/index.html,首页 > 环保业务 > 环境评价 > 建设项目环评受理 / 审批前公示 / 审批结果,,已核实,2026-09-21,72,72,2023-06-07,2026-09-18,(空):66 / 雨山:6,三类分栏，栏目已打开确认有环评条目；区县项目（已见和县、当涂）也发在市局栏目；72条,
AH0426,AH0426,AH0426,,慈湖高新区生态环境分局,,,在用,开发区/园区,340000,340500,,,,340500-Z02,慈湖高新区,,,,,,否,,,马鞍山市生态环境局:5 / 马鞍山慈湖高新技术产业开发区生态环境分局:5,生态环境,马鞍山市|慈湖高新区|慈湖高新区生态环境分局,3400-E005,,https://sthjj.mas.gov.cn/hbyw/hjpj/jsxmhpsl/index.html,首页 > 环保业务 > 环境评价 > 建设项目环评受理 / 审批前公示 / 审批结果,,已核实,2026-09-21,31,31,2023-02-17,2026-06-18,花山:27 / (空):3 / 雨山:1,三类分栏，栏目已打开确认有环评条目；区县项目（已见和县、当涂）也发在市局栏目；31条,
AH0427,AH0427,AH0427,,郑蒲港新区生态环境局,郑蒲港新区安全生产和生态环境局 / 郑蒲港新区环保局,,在用,开发区/园区,340000,340500,,,,340500-Z04,郑蒲港新区,,,,,,否,,,,生态环境,马鞍山市|郑蒲港新区|生态环境,3400-E005,,https://sthjj.mas.gov.cn/hbyw/hjpj/jsxmhpsl/index.html,首页 > 环保业务 > 环境评价 > 建设项目环评受理 / 审批前公示 / 审批结果,,已核实,2026-09-21,31,31,2017-08-01,2026-07-06,(空):18 / 和县:13,三类分栏，栏目已打开确认有环评条目；区县项目（已见和县、当涂）也发在市局栏目；31条,
AH0429,AH0429,AH0429,,慈湖高新区环保局,,,在用,开发区/园区,340000,340500,,,,340500-Z02,慈湖高新区,,,,,,否,,,马鞍山市生态环境局:1 / 马鞍山慈湖高新技术产业开发区生态环境分局:1,生态环境,马鞍山市|慈湖高新区|生态环境,3400-E005,,https://sthjj.mas.gov.cn/hbyw/hjpj/jsxmhpsl/index.html,首页 > 环保业务 > 环境评价 > 建设项目环评受理 / 审批前公示 / 审批结果,,已核实,2026-09-21,9,9,2016-11-09,2019-01-08,(空):9,三类分栏，栏目已打开确认有环评条目；区县项目（已见和县、当涂）也发在市局栏目；9条,
AH0430,AH0430,AH0430,,马鞍山经济技术开发区生态环境分局,,,在用,开发区/园区,340000,340500,,,,340500-Z03,本级开发区,,,,,,否,,,信成大厦五楼生态环境分局:4 / 马鞍山市生态环境局:2 / 经开区生态环境分局:1,生态环境,马鞍山市|本级开发区|经济技术开发区生态环境分局,3400-E005,,https://sthjj.mas.gov.cn/hbyw/hjpj/jsxmhpsl/index.html,首页 > 环保业务 > 环境评价 > 建设项目环评受理 / 审批前公示 / 审批结果,,已核实,2026-09-21,9,9,2022-11-04,2025-02-14,(空):9,三类分栏，栏目已打开确认有环评条目；区县项目（已见和县、当涂）也发在市局栏目；9条,
AH0431,AH0431,AH0431,,郑蒲港新区安环局,,,在用,开发区/园区,340000,340500,,,,340500-Z04,郑蒲港新区,,,,,,否,,,,生态环境,马鞍山市|郑蒲港新区|郑蒲港新区安环局,3400-E005,,https://sthjj.mas.gov.cn/hbyw/hjpj/jsxmhpsl/index.html,首页 > 环保业务 > 环境评价 > 建设项目环评受理 / 审批前公示 / 审批结果,,已核实,2026-09-21,7,7,2025-04-08,2025-12-28,和县:7,三类分栏，栏目已打开确认有环评条目；区县项目（已见和县、当涂）也发在市局栏目；7条,
AH0432,AH0432,AH0432,,马鞍山郑蒲港新区现代产业园区,,,在用,开发区/园区,340000,340500,,,,340500-Z04,郑蒲港新区,,,,,,否,,,,开发区管委会,马鞍山市|郑蒲港新区|郑蒲港新区现代产业园区,3400-E005,,https://sthjj.mas.gov.cn/hbyw/hjpj/jsxmhpsl/index.html,首页 > 环保业务 > 环境评价 > 建设项目环评受理 / 审批前公示 / 审批结果,,已核实,2026-09-21,7,7,2025-09-18,2025-12-12,和县:7,三类分栏，栏目已打开确认有环评条目；区县项目（已见和县、当涂）也发在市局栏目；7条,
AH0434,AH0434,AH0434,,马鞍山郑蒲港新区管委会,,,在用,开发区/园区,340000,340500,,,,340500-Z04,郑蒲港新区,,,,,,否,,,,开发区管委会,马鞍山市|郑蒲港新区|行政审批,3400-E005,,https://sthjj.mas.gov.cn/hbyw/hjpj/jsxmhpsl/index.html,首页 > 环保业务 > 环境评价 > 建设项目环评受理 / 审批前公示 / 审批结果,,已核实,2026-09-21,5,5,2024-03-08,2025-04-10,和县:5,三类分栏，栏目已打开确认有环评条目；区县项目（已见和县、当涂）也发在市局栏目；5条,
AH0435,AH0435,AH0435,,马鞍山经济技术开发区经贸发展局,,,在用,开发区/园区,340000,340500,,,,340500-Z03,本级开发区,,,,,,否,,,马鞍山经济技术开发区生态环境分局:2,其他部门,马鞍山市|本级开发区|经济技术开发区经贸发展局,,,,,,,,4,4,2022-12-16,2023-09-25,(空):4,,
AH0441,AH0441,AH0441,,安徽和县经济开发区管理委员会,,,在用,开发区/园区,340000,340500,,,,340500-Z01,和开发区,,,,,,否,,,,开发区管委会,马鞍山市|和开发区|行政审批,3400-E005,,https://sthjj.mas.gov.cn/hbyw/hjpj/jsxmhpsl/index.html,首页 > 环保业务 > 环境评价 > 建设项目环评受理 / 审批前公示 / 审批结果,,已核实,2026-09-21,1,1,2026-09-11,2026-09-11,和县:1,三类分栏，栏目已打开确认有环评条目；区县项目（已见和县、当涂）也发在市局栏目；1条,
AH0442,AH0442,AH0442,,鞍山经济技术开发区经贸发展局,,,在用,开发区/园区,340000,340500,,,,340500-Z06,鞍山开发区,,,,,,否,,,马鞍山市生态环境局:1,其他部门,马鞍山市|鞍山开发区|鞍山经济技术开发区经贸发展局,,,,,,,,1,1,2022-12-16,2022-12-16,(空):1,,
AH0443,AH0443,AH0443,,马鞍山市民政局,,,在用,市本级,340000,340500,,马鞍山市,马鞍山,,,,,,本级政府部门,,是,,,马鞍山市生态环境局:1,其他部门,马鞍山市|市本级|民政局,,,,,,,,1,1,2021-07-19,2021-07-19,(空):1,,
AH0444,AH0444,AH0444,,马鞍山市经开区生态环境分局,,,在用,开发区/园区,340000,340500,,,,340500-Z03,本级开发区,,,,,,否,,,马鞍山市生态环境局:1,生态环境,马鞍山市|本级开发区|经开区生态环境分局,3400-E005,,https://sthjj.mas.gov.cn/hbyw/hjpj/jsxmhpsl/index.html,首页 > 环保业务 > 环境评价 > 建设项目环评受理 / 审批前公示 / 审批结果,,已核实,2026-09-21,1,1,2024-12-23,2024-12-23,(空):1,三类分栏，栏目已打开确认有环评条目；区县项目（已见和县、当涂）也发在市局栏目；1条,
AH0228,AH0228,AH0228,,淮北市杜集区生态环境分局,,,在用,区县,340000,340600,340602,杜集区,杜集,,,,,,本级政府部门,,是,,,淮北市杜集区环境保护局:41 / 淮北市生态环境局:27 / 淮北市杜集区经济和信息化局:3,生态环境,淮北市|杜集|生态环境分局,3400-E013,,https://sthjj.huaibei.gov.cn/hbyw/xzqlqd/jsxmhjyxpjsp/slgs/index.html,首页 > 环保业务 > 行政许可 > 建设项目环境影响评价审批 > 受理公示 / 审批公示,,已核实,2026-09-21,96,96,2019-12-13,2026-08-19,杜集:95 / (空):1,只有两个栏目：受理公示与审批公示（审批公示里是「…的批复」，属审批后），**没有单设拟审批公示栏目**，故审批前一列留空；区县项目（已见烈山）也在市局栏目；96条,
AH0229,AH0229,AH0229,,淮北市杜集区环境保护局,,,在用,区县,340000,340600,340602,杜集区,杜集,,,,,,本级政府部门,,是,,,淮北市杜集区生态环境分局:79 / 淮北市生态环境局:22 / 淮北市杜集区生态环境部门:2,生态环境,淮北市|杜集|生态环境,3400-E013,,https://sthjj.huaibei.gov.cn/hbyw/xzqlqd/jsxmhjyxpjsp/slgs/index.html,首页 > 环保业务 > 行政许可 > 建设项目环境影响评价审批 > 受理公示 / 审批公示,,已核实,2026-09-21,92,92,2020-07-24,2026-05-15,杜集:92,只有两个栏目：受理公示与审批公示（审批公示里是「…的批复」，属审批后），**没有单设拟审批公示栏目**，故审批前一列留空；区县项目（已见烈山）也在市局栏目；92条,
AH0233,AH0233,AH0233,,北市杜集区生态环境分局,,,在用,区县,340000,340600,340602,杜集区,杜集,,,,,,本级政府部门,,是,,,淮北市杜集区环境保护局:1,生态环境,淮北市|杜集|北市生态环境分局,3400-E013,,https://sthjj.huaibei.gov.cn/hbyw/xzqlqd/jsxmhjyxpjsp/slgs/index.html,首页 > 环保业务 > 行政许可 > 建设项目环境影响评价审批 > 受理公示 / 审批公示,,已核实,2026-09-21,1,1,2023-08-22,2023-08-22,杜集:1,只有两个栏目：受理公示与审批公示（审批公示里是「…的批复」，属审批后），**没有单设拟审批公示栏目**，故审批前一列留空；区县项目（已见烈山）也在市局栏目；1条,
AH0236,AH0236,AH0236,,淮北市杜集区农业农村水利局,,,在用,区县,340000,340600,340602,杜集区,杜集,,,,,,本级政府部门,,是,,,淮北市杜集区生态环境分局:1,其他部门,淮北市|杜集|农业农村水利局,,,,,,,,1,1,2021-07-01,2021-07-01,杜集:1,,
AH0237,AH0237,AH0237,,淮北市杜集区教育局,,,在用,区县,340000,340600,340602,杜集区,杜集,,,,,,本级政府部门,,是,,,,其他部门,淮北市|杜集|教育局,,,,,,,,1,1,2020-08-27,2020-08-27,杜集:1,,
AH0230,AH0230,AH0230,,淮北市相山区生态环境分局,,,在用,区县,340000,340600,340603,相山区,相山,,,,,,本级政府部门,,是,,,淮北市生态环境局:31 / 淮北市相山区环境保护局:2 / 淮北市相山区工业和信息化局:1,生态环境,淮北市|相山|生态环境分局,3400-E013,,https://sthjj.huaibei.gov.cn/hbyw/xzqlqd/jsxmhjyxpjsp/slgs/index.html,首页 > 环保业务 > 行政许可 > 建设项目环境影响评价审批 > 受理公示 / 审批公示,,已核实,2026-09-21,53,53,2020-08-20,2026-06-24,相山:53,只有两个栏目：受理公示与审批公示（审批公示里是「…的批复」，属审批后），**没有单设拟审批公示栏目**，故审批前一列留空；区县项目（已见烈山）也在市局栏目；53条,
AH0225,AH0225,AH0225,,淮北市烈山区生态环境分局,,,在用,区县,340000,340600,340604,烈山区,烈山,,,,,,本级政府部门,,是,,,淮北市生态环境局:18 / 烈山区生态分局:10 / 淮北市烈山区科技经济信息化局:3,生态环境,淮北市|烈山|生态环境分局,3400-E013,,https://sthjj.huaibei.gov.cn/hbyw/xzqlqd/jsxmhjyxpjsp/slgs/index.html,首页 > 环保业务 > 行政许可 > 建设项目环境影响评价审批 > 受理公示 / 审批公示,,已核实,2026-09-21,167,167,2019-12-26,2026-09-14,烈山:167,只有两个栏目：受理公示与审批公示（审批公示里是「…的批复」，属审批后），**没有单设拟审批公示栏目**，故审批前一列留空；区县项目（已见烈山）也在市局栏目；167条,
AH0234,AH0234,AH0234,,北市烈山区生态环境分局,,,在用,区县,340000,340600,340604,烈山区,烈山,,,,,,本级政府部门,,是,,,淮北市烈山区生态环境分局:1,生态环境,淮北市|烈山|北市生态环境分局,3400-E013,,https://sthjj.huaibei.gov.cn/hbyw/xzqlqd/jsxmhjyxpjsp/slgs/index.html,首页 > 环保业务 > 行政许可 > 建设项目环境影响评价审批 > 受理公示 / 审批公示,,已核实,2026-09-21,1,1,2023-05-31,2023-05-31,烈山:1,只有两个栏目：受理公示与审批公示（审批公示里是「…的批复」，属审批后），**没有单设拟审批公示栏目**，故审批前一列留空；区县项目（已见烈山）也在市局栏目；1条,
AH0238,AH0238,AH0238,,淮北市烈山区教育局,,,在用,区县,340000,340600,340604,烈山区,烈山,,,,,,本级政府部门,,是,,,淮北市烈山区生态环境分局:1,其他部门,淮北市|烈山|教育局,,,,,,,,1,1,2021-10-26,2021-10-26,烈山:1,,
AH0226,AH0226,AH0226,,淮北市濉溪县生态环境分局,濉溪县生态环境分局,,在用,区县,340000,340600,340621,濉溪县,濉溪,,,,,,本级政府部门,,是,,,淮北市生态环境局:44 / 濉溪县人民政府办公室(县政府外事办公室):8 / 淮北市濉溪县生态环境部门:2,生态环境,淮北市|濉溪|生态环境分局,3400-E013,,https://sthjj.huaibei.gov.cn/hbyw/xzqlqd/jsxmhjyxpjsp/slgs/index.html,首页 > 环保业务 > 行政许可 > 建设项目环境影响评价审批 > 受理公示 / 审批公示,,已核实,2026-09-21,164,164,2014-06-13,2026-09-04,濉溪:164,只有两个栏目：受理公示与审批公示（审批公示里是「…的批复」，属审批后），**没有单设拟审批公示栏目**，故审批前一列留空；区县项目（已见烈山）也在市局栏目；164条,
AH0240,AH0240,AH0240,,濉溪县行政服务大厅环保局,,,在用,区县,340000,340600,340621,濉溪县,濉溪,,,,,,本级政府部门,,是,,,淮北市濉溪县生态环境分局:1,生态环境,淮北市|濉溪|生态环境,3400-E013,,https://sthjj.huaibei.gov.cn/hbyw/xzqlqd/jsxmhjyxpjsp/slgs/index.html,首页 > 环保业务 > 行政许可 > 建设项目环境影响评价审批 > 受理公示 / 审批公示,,已核实,2026-09-21,1,1,2021-05-14,2021-05-14,濉溪:1,只有两个栏目：受理公示与审批公示（审批公示里是「…的批复」，属审批后），**没有单设拟审批公示栏目**，故审批前一列留空；区县项目（已见烈山）也在市局栏目；1条,
AH0224,AH0224,AH0224,,淮北市生态环境局,,,在用,市本级,340000,340600,,淮北市,淮北,,,,,,本级政府部门,,是,,,淮北市杜集区生态环境分局:41 / 淮北市杜集区环境保护局:26 / 淮北市濉溪县生态环境分局:24,生态环境,淮北市|市本级|生态环境,3400-E013,,https://sthjj.huaibei.gov.cn/hbyw/xzqlqd/jsxmhjyxpjsp/slgs/index.html,首页 > 环保业务 > 行政许可 > 建设项目环境影响评价审批 > 受理公示 / 审批公示,,已核实,2026-09-21,499,499,2013-09-22,2026-09-18,(空):345 / 濉溪:58 / 杜集:50 / 相山:30,只有两个栏目：受理公示与审批公示（审批公示里是「…的批复」，属审批后），**没有单设拟审批公示栏目**，故审批前一列留空；区县项目（已见烈山）也在市局栏目；499条,
AH0227,AH0227,AH0227,,淮北高新技术产业开发区生态环境分局,,,在用,开发区/园区,340000,340600,,,,340600-Z02,本级高新区,,,,,,否,,,淮北市高新区生态环境分局:51 / 淮北市生态环境局:5 / 淮北高新区生态环境分局:3,生态环境,淮北市|本级高新区|高新技术产业开发区生态环境分局,3400-E013,,https://sthjj.huaibei.gov.cn/hbyw/xzqlqd/jsxmhjyxpjsp/slgs/index.html,首页 > 环保业务 > 行政许可 > 建设项目环境影响评价审批 > 受理公示 / 审批公示,,已核实,2026-09-21,121,121,2020-12-21,2026-07-28,(空):121,只有两个栏目：受理公示与审批公示（审批公示里是「…的批复」，属审批后），**没有单设拟审批公示栏目**，故审批前一列留空；区县项目（已见烈山）也在市局栏目；121条,
AH0231,AH0231,AH0231,,淮北市环境保护局经济开发区分局,,,在用,开发区/园区,340000,340600,,,,340600-Z01,本级开发区,,,,,,否,,,淮北高新技术产业开发区生态环境分局:3 / 淮北市高新区生态环境分局:1,生态环境,淮北市|本级开发区|生态环境,3400-E013,,https://sthjj.huaibei.gov.cn/hbyw/xzqlqd/jsxmhjyxpjsp/slgs/index.html,首页 > 环保业务 > 行政许可 > 建设项目环境影响评价审批 > 受理公示 / 审批公示,,已核实,2026-09-21,9,9,2020-04-01,2020-10-21,(空):9,只有两个栏目：受理公示与审批公示（审批公示里是「…的批复」，属审批后），**没有单设拟审批公示栏目**，故审批前一列留空；区县项目（已见烈山）也在市局栏目；9条,
AH0232,AH0232,AH0232,,安徽(淮北)新型煤化工合成材料基地生态环境分局,,,在用,市本级,340000,340600,,淮北市,淮北,,,,,,本级政府部门,,是,,,,生态环境,淮北市|市本级|()新型煤化工合成材料基地生态环境分局,3400-E013,,https://sthjj.huaibei.gov.cn/hbyw/xzqlqd/jsxmhjyxpjsp/slgs/index.html,首页 > 环保业务 > 行政许可 > 建设项目环境影响评价审批 > 受理公示 / 审批公示,,已核实,2026-09-21,3,3,2023-05-06,2023-09-14,(空):3,只有两个栏目：受理公示与审批公示（审批公示里是「…的批复」，属审批后），**没有单设拟审批公示栏目**，故审批前一列留空；区县项目（已见烈山）也在市局栏目；3条,
AH0235,AH0235,AH0235,,市经济开发区环保分局,,,在用,开发区/园区,340000,340600,,,,340600-Z01,本级开发区,,,,,,否,,,,生态环境,淮北市|本级开发区|市经济开发区环保分局,3400-E013,,https://sthjj.huaibei.gov.cn/hbyw/xzqlqd/jsxmhjyxpjsp/slgs/index.html,首页 > 环保业务 > 行政许可 > 建设项目环境影响评价审批 > 受理公示 / 审批公示,,已核实,2026-09-21,1,1,2019-09-23,2019-09-23,(空):1,只有两个栏目：受理公示与审批公示（审批公示里是「…的批复」，属审批后），**没有单设拟审批公示栏目**，故审批前一列留空；区县项目（已见烈山）也在市局栏目；1条,
AH0239,AH0239,AH0239,,濉溪县经济技术开发区管理委员会,,,在用,开发区/园区,340000,340600,,,,340600-Z03,濉溪开发区,,,,,,否,,,,开发区管委会,淮北市|濉溪开发区|行政审批,3400-E013,,https://sthjj.huaibei.gov.cn/hbyw/xzqlqd/jsxmhjyxpjsp/slgs/index.html,首页 > 环保业务 > 行政许可 > 建设项目环境影响评价审批 > 受理公示 / 审批公示,,已核实,2026-09-21,1,1,2014-08-19,2014-08-19,濉溪:1,只有两个栏目：受理公示与审批公示（审批公示里是「…的批复」，属审批后），**没有单设拟审批公示栏目**，故审批前一列留空；区县项目（已见烈山）也在市局栏目；1条,
AH0364,AH0364,AH0364,,铜陵市铜官区生态环境分局,,,在用,区县,340000,340700,340705,铜官区,铜官,,,,,,本级政府部门,,是,,,铜陵市生态环境局:17,生态环境,铜陵市|铜官|生态环境分局,3400-E009,,http://218.22.184.155:8231/work_List_Search.aspx?LCJD=1&lcjd1=1,市局首页 > 环保业务 > 建设项目环评审批 > 建设项目环评受理公示 / 拟审批意见公示 / 已批复项目公告,,已核实,2026-09-21,79,79,2020-03-06,2026-07-02,铜官:68 / (空):11,三类分栏，但栏目跑在市局的独立审批系统上，地址是 IP 带端口（218.22.184.155:8231），不是 gov.cn 域名；受理公示栏目已打开确认有环评条目（含枞阳县项目），拟审批用 lcjd1=2、已批复用 lcjd1=0；79条,
AH0361,AH0361,AH0361,,铜陵市义安区生态环境分局,,,在用,区县,340000,340700,340706,义安区,义安,,,,,,本级政府部门,,是,,,铜陵市生态环境局:90 / 铜陵市生态环境分局:16 / 义安区政务服务中心生态环境分局:4,生态环境,铜陵市|义安|生态环境分局,3400-E009,,http://218.22.184.155:8231/work_List_Search.aspx?LCJD=1&lcjd1=1,市局首页 > 环保业务 > 建设项目环评审批 > 建设项目环评受理公示 / 拟审批意见公示 / 已批复项目公告,,已核实,2026-09-21,398,398,2016-01-20,2026-09-01,义安:371 / (空):27,三类分栏，但栏目跑在市局的独立审批系统上，地址是 IP 带端口（218.22.184.155:8231），不是 gov.cn 域名；受理公示栏目已打开确认有环评条目（含枞阳县项目），拟审批用 lcjd1=2、已批复用 lcjd1=0；398条,
AH0370,AH0370,AH0370,,义安区政务服务中心生态环境分局,,,在用,区县,340000,340700,340706,义安区,义安,,,,,,本级政府部门,,是,,,铜陵市义安区生态环境分局:5 / 铜陵市生态环境局:2 / 铜陵市生态环境分局:1,生态环境,铜陵市|义安|生态环境,3400-E009,,http://218.22.184.155:8231/work_List_Search.aspx?LCJD=1&lcjd1=1,市局首页 > 环保业务 > 建设项目环评审批 > 建设项目环评受理公示 / 拟审批意见公示 / 已批复项目公告,,已核实,2026-09-21,5,5,2020-11-02,2024-12-25,义安:5,三类分栏，但栏目跑在市局的独立审批系统上，地址是 IP 带端口（218.22.184.155:8231），不是 gov.cn 域名；受理公示栏目已打开确认有环评条目（含枞阳县项目），拟审批用 lcjd1=2、已批复用 lcjd1=0；5条,
AH0377,AH0377,AH0377,,铜陵市义安区发展和改革委员会,,,在用,区县,340000,340700,340706,义安区,义安,,,,,,本级政府部门,,是,,,,其他部门,铜陵市|义安|发展改革委员会,,,,,,,,1,1,2018-04-26,2018-04-26,义安:1,,
AH0362,AH0362,AH0362,,郊区生态环境分局,铜陵市郊区生态环境分局,,在用,区县,340000,340700,340711,郊区,郊区,,,,,,本级政府部门,,是,,,铜陵市郊区生态环境分局:36 / 铜陵市生态环境局:13,生态环境,铜陵市|郊|生态环境分局,3400-E009,,http://218.22.184.155:8231/work_List_Search.aspx?LCJD=1&lcjd1=1,市局首页 > 环保业务 > 建设项目环评审批 > 建设项目环评受理公示 / 拟审批意见公示 / 已批复项目公告,,已核实,2026-09-21,164,164,2017-04-19,2026-09-04,(空):132 / 郊区:30 / 义安:2,三类分栏，但栏目跑在市局的独立审批系统上，地址是 IP 带端口（218.22.184.155:8231），不是 gov.cn 域名；受理公示栏目已打开确认有环评条目（含枞阳县项目），拟审批用 lcjd1=2、已批复用 lcjd1=0；164条,
AH0379,AH0379,AH0379,,铜陵市郊区生态环境部门,,,在用,区县,340000,340700,340711,郊区,郊区,,,,,,本级政府部门,,是,,,,生态环境,铜陵市|郊|生态环境,3400-E009,,http://218.22.184.155:8231/work_List_Search.aspx?LCJD=1&lcjd1=1,市局首页 > 环保业务 > 建设项目环评审批 > 建设项目环评受理公示 / 拟审批意见公示 / 已批复项目公告,,已核实,2026-09-21,1,1,2025-05-29,2025-05-29,(空):1,三类分栏，但栏目跑在市局的独立审批系统上，地址是 IP 带端口（218.22.184.155:8231），不是 gov.cn 域名；受理公示栏目已打开确认有环评条目（含枞阳县项目），拟审批用 lcjd1=2、已批复用 lcjd1=0；1条,
AH0363,AH0363,AH0363,,铜陵市枞阳县生态环境分局,,,在用,区县,340000,340700,340722,枞阳县,枞阳,,,,,,本级政府部门,,是,,,铜陵市生态环境局:59 / 枞阳县环境保护局:3 / 安徽枞阳经济开发区管委会应急管理和环境保护局:1,生态环境,铜陵市|枞阳|生态环境分局,3400-E009,,http://218.22.184.155:8231/work_List_Search.aspx?LCJD=1&lcjd1=1,市局首页 > 环保业务 > 建设项目环评审批 > 建设项目环评受理公示 / 拟审批意见公示 / 已批复项目公告,,已核实,2026-09-21,140,140,2020-05-18,2026-08-26,枞阳:139 / (空):1,三类分栏，但栏目跑在市局的独立审批系统上，地址是 IP 带端口（218.22.184.155:8231），不是 gov.cn 域名；受理公示栏目已打开确认有环评条目（含枞阳县项目），拟审批用 lcjd1=2、已批复用 lcjd1=0；140条,
AH0366,AH0366,AH0366,,枞阳县环境保护局,,,在用,区县,340000,340700,340722,枞阳县,枞阳,,,,,,本级政府部门,,是,,,铜陵市枞阳县生态环境分局:8 / 铜陵市生态环境局:7,生态环境,铜陵市|枞阳|生态环境,3400-E009,,http://218.22.184.155:8231/work_List_Search.aspx?LCJD=1&lcjd1=1,市局首页 > 环保业务 > 建设项目环评审批 > 建设项目环评受理公示 / 拟审批意见公示 / 已批复项目公告,,已核实,2026-09-21,39,39,2017-06-12,2020-12-04,枞阳:39,三类分栏，但栏目跑在市局的独立审批系统上，地址是 IP 带端口（218.22.184.155:8231），不是 gov.cn 域名；受理公示栏目已打开确认有环评条目（含枞阳县项目），拟审批用 lcjd1=2、已批复用 lcjd1=0；39条,
AH0360,AH0360,AH0360,,铜陵市生态环境局,,,在用,市本级,340000,340700,,铜陵市,铜陵,,,,,,本级政府部门,,是,,,铜陵市铜官区生态环境分局:55 / 枞阳经济开发区建设和生态环境局:25 / 市环保局环境影响评价管理科:12,生态环境,铜陵市|市本级|生态环境,3400-E009,,http://218.22.184.155:8231/work_List_Search.aspx?LCJD=1&lcjd1=1,市局首页 > 环保业务 > 建设项目环评审批 > 建设项目环评受理公示 / 拟审批意见公示 / 已批复项目公告,,已核实,2026-09-21,641,638,2014-09-16,2026-09-09,(空):382 / 义安:95 / 铜官:82 / 枞阳:69,三类分栏，但栏目跑在市局的独立审批系统上，地址是 IP 带端口（218.22.184.155:8231），不是 gov.cn 域名；受理公示栏目已打开确认有环评条目（含枞阳县项目），拟审批用 lcjd1=2、已批复用 lcjd1=0；641条,
AH0365,AH0365,AH0365,,开发区安环局,,,在用,开发区/园区,340000,340700,,,,340700-Z01,义安开发区,,,,,,否,,,铜陵经济技术开发区管理委员会:7 / 铜陵市生态环境局:2 / 铜陵经开区经济发展局:1,生态环境,铜陵市|义安开发区|开发区安环局,3400-E009,,http://218.22.184.155:8231/work_List_Search.aspx?LCJD=1&lcjd1=1,市局首页 > 环保业务 > 建设项目环评审批 > 建设项目环评受理公示 / 拟审批意见公示 / 已批复项目公告,,已核实,2026-09-21,77,77,2020-06-10,2026-07-30,(空):71 / 义安:6,三类分栏，但栏目跑在市局的独立审批系统上，地址是 IP 带端口（218.22.184.155:8231），不是 gov.cn 域名；受理公示栏目已打开确认有环评条目（含枞阳县项目），拟审批用 lcjd1=2、已批复用 lcjd1=0；77条,
AH0367,AH0367,AH0367,,经开区安环局,,,在用,开发区/园区,340000,340700,,,,340700-Z02,本级开发区,,,,,,否,,,铜陵市生态环境局:1,生态环境,铜陵市|本级开发区|经开区安环局,3400-E009,,http://218.22.184.155:8231/work_List_Search.aspx?LCJD=1&lcjd1=1,市局首页 > 环保业务 > 建设项目环评审批 > 建设项目环评受理公示 / 拟审批意见公示 / 已批复项目公告,,已核实,2026-09-21,28,28,2021-05-14,2022-12-28,(空):28,三类分栏，但栏目跑在市局的独立审批系统上，地址是 IP 带端口（218.22.184.155:8231），不是 gov.cn 域名；受理公示栏目已打开确认有环评条目（含枞阳县项目），拟审批用 lcjd1=2、已批复用 lcjd1=0；28条,
AH0368,AH0368,AH0368,,铜陵狮子山高新技术产业开发区管理委员会(已注销),,已注销,在用,开发区/园区,340000,340700,,,,340700-Z04,狮子山高新区,,,,,,否,,,铜陵狮子山高新区管委会应急与生态环境局:9 / 狮子山高新区管委会应急与生态环境局:3 / 铜陵市生态环境局:3,开发区管委会,铜陵市|狮子山高新区|行政审批,3400-E009,,http://218.22.184.155:8231/work_List_Search.aspx?LCJD=1&lcjd1=1,市局首页 > 环保业务 > 建设项目环评审批 > 建设项目环评受理公示 / 拟审批意见公示 / 已批复项目公告,,已核实,2026-09-21,19,19,2025-04-25,2026-07-03,铜官:11 / (空):8,三类分栏，但栏目跑在市局的独立审批系统上，地址是 IP 带端口（218.22.184.155:8231），不是 gov.cn 域名；受理公示栏目已打开确认有环评条目（含枞阳县项目），拟审批用 lcjd1=2、已批复用 lcjd1=0；19条,
AH0369,AH0369,AH0369,,安徽枞阳经开区管理委员会,安徽枞阳经济开发区管理委员会 / 安徽枞阳经开区管委会,,在用,开发区/园区,340000,340700,,,,340700-Z03,枞阳开发区,,,,,,否,,,安徽枞阳经济开发区管理委员会:3 / 安徽枞阳经济开发区管理委员:1 / 铜陵市生态环境局:1,开发区管委会,铜陵市|枞阳开发区|行政审批,3400-E009,,http://218.22.184.155:8231/work_List_Search.aspx?LCJD=1&lcjd1=1,市局首页 > 环保业务 > 建设项目环评审批 > 建设项目环评受理公示 / 拟审批意见公示 / 已批复项目公告,,已核实,2026-09-21,12,12,2023-09-06,2026-03-06,枞阳:12,三类分栏，但栏目跑在市局的独立审批系统上，地址是 IP 带端口（218.22.184.155:8231），不是 gov.cn 域名；受理公示栏目已打开确认有环评条目（含枞阳县项目），拟审批用 lcjd1=2、已批复用 lcjd1=0；12条,
AH0371,AH0371,AH0371,,铜陵经开区安全生产与生态环境局,,,在用,开发区/园区,340000,340700,,,,340700-Z02,本级开发区,,,,,,否,,,,生态环境,铜陵市|本级开发区|生态环境,3400-E009,,http://218.22.184.155:8231/work_List_Search.aspx?LCJD=1&lcjd1=1,市局首页 > 环保业务 > 建设项目环评审批 > 建设项目环评受理公示 / 拟审批意见公示 / 已批复项目公告,,已核实,2026-09-21,5,5,2020-07-14,2022-08-12,(空):5,三类分栏，但栏目跑在市局的独立审批系统上，地址是 IP 带端口（218.22.184.155:8231），不是 gov.cn 域名；受理公示栏目已打开确认有环评条目（含枞阳县项目），拟审批用 lcjd1=2、已批复用 lcjd1=0；5条,
AH0372,AH0372,AH0372,,安徽铜陵义安经济开发区管理委员会,,,在用,开发区/园区,340000,340700,,,,340700-Z01,义安开发区,,,,,,否,,,,开发区管委会,铜陵市|义安开发区|行政审批,3400-E009,,http://218.22.184.155:8231/work_List_Search.aspx?LCJD=1&lcjd1=1,市局首页 > 环保业务 > 建设项目环评审批 > 建设项目环评受理公示 / 拟审批意见公示 / 已批复项目公告,,已核实,2026-09-21,4,4,2026-07-14,2026-08-17,义安:4,三类分栏，但栏目跑在市局的独立审批系统上，地址是 IP 带端口（218.22.184.155:8231），不是 gov.cn 域名；受理公示栏目已打开确认有环评条目（含枞阳县项目），拟审批用 lcjd1=2、已批复用 lcjd1=0；4条,
AH0373,AH0373,AH0373,,枞阳经济开发区建设和生态环境局,,,在用,开发区/园区,340000,340700,,,,340700-Z03,枞阳开发区,,,,,,否,,,安徽枞阳经济开发区管理委员会:2 / 铜陵市枞阳县生态环境分局:1,生态环境,铜陵市|枞阳开发区|生态环境,3400-E009,,http://218.22.184.155:8231/work_List_Search.aspx?LCJD=1&lcjd1=1,市局首页 > 环保业务 > 建设项目环评审批 > 建设项目环评受理公示 / 拟审批意见公示 / 已批复项目公告,,已核实,2026-09-21,3,3,2024-12-20,2025-02-07,枞阳:3,三类分栏，但栏目跑在市局的独立审批系统上，地址是 IP 带端口（218.22.184.155:8231），不是 gov.cn 域名；受理公示栏目已打开确认有环评条目（含枞阳县项目），拟审批用 lcjd1=2、已批复用 lcjd1=0；3条,
AH0374,AH0374,AH0374,,铜陵市住房和城乡建设局,,,在用,市本级,340000,340700,,铜陵市,铜陵,,,,,,本级政府部门,,是,,,铜陵市铜官区生态环境分局:1,其他部门,铜陵市|市本级|住房城乡建设局,,,,,,,,2,2,2021-02-05,2022-02-09,铜官:1 / (空):1,,
AH0375,AH0375,AH0375,,义安经开区管委会应急与生态环境局,,,在用,开发区/园区,340000,340700,,,,340700-Z01,义安开发区,,,,,,否,,,安徽铜陵义安经济开发区管理委员会:1,生态环境,铜陵市|义安开发区|生态环境,3400-E009,,http://218.22.184.155:8231/work_List_Search.aspx?LCJD=1&lcjd1=1,市局首页 > 环保业务 > 建设项目环评审批 > 建设项目环评受理公示 / 拟审批意见公示 / 已批复项目公告,,已核实,2026-09-21,1,1,2026-07-29,2026-07-29,义安:1,三类分栏，但栏目跑在市局的独立审批系统上，地址是 IP 带端口（218.22.184.155:8231），不是 gov.cn 域名；受理公示栏目已打开确认有环评条目（含枞阳县项目），拟审批用 lcjd1=2、已批复用 lcjd1=0；1条,
AH0376,AH0376,AH0376,,狮子山高新区应急与生态环境局,,,在用,开发区/园区,340000,340700,,,,340700-Z04,狮子山高新区,,,,,,否,,,铜陵狮子山高新技术产业开发区管理委员会(已注销):1,生态环境,铜陵市|狮子山高新区|生态环境,3400-E009,,http://218.22.184.155:8231/work_List_Search.aspx?LCJD=1&lcjd1=1,市局首页 > 环保业务 > 建设项目环评审批 > 建设项目环评受理公示 / 拟审批意见公示 / 已批复项目公告,,已核实,2026-09-21,1,1,2025-07-24,2025-07-24,(空):1,三类分栏，但栏目跑在市局的独立审批系统上，地址是 IP 带端口（218.22.184.155:8231），不是 gov.cn 域名；受理公示栏目已打开确认有环评条目（含枞阳县项目），拟审批用 lcjd1=2、已批复用 lcjd1=0；1条,
AH0378,AH0378,AH0378,,铜陵市交通运输局,,,在用,市本级,340000,340700,,铜陵市,铜陵,,,,,,本级政府部门,,是,,,,其他部门,铜陵市|市本级|交通运输局,,,,,,,,1,1,2021-12-13,2021-12-13,(空):1,,
AH0380,AH0380,AH0380,,铜陵经济技术开发区安全生产和环境保护监督管理局,,,在用,开发区/园区,340000,340700,,,,340700-Z02,本级开发区,,,,,,否,,,,生态环境,铜陵市|本级开发区|经济技术开发区安全生产环境保护监督管理局,3400-E009,,http://218.22.184.155:8231/work_List_Search.aspx?LCJD=1&lcjd1=1,市局首页 > 环保业务 > 建设项目环评审批 > 建设项目环评受理公示 / 拟审批意见公示 / 已批复项目公告,,已核实,2026-09-21,1,1,2022-04-02,2022-04-02,(空):1,三类分栏，但栏目跑在市局的独立审批系统上，地址是 IP 带端口（218.22.184.155:8231），不是 gov.cn 域名；受理公示栏目已打开确认有环评条目（含枞阳县项目），拟审批用 lcjd1=2、已批复用 lcjd1=0；1条,
AH0381,AH0381,AH0381,,铜陵经济技术开发区管理委员会,,,在用,开发区/园区,340000,340700,,,,340700-Z02,本级开发区,,,,,,否,,,,开发区管委会,铜陵市|本级开发区|行政审批,3400-E009,,http://218.22.184.155:8231/work_List_Search.aspx?LCJD=1&lcjd1=1,市局首页 > 环保业务 > 建设项目环评审批 > 建设项目环评受理公示 / 拟审批意见公示 / 已批复项目公告,,已核实,2026-09-21,1,1,2021-10-29,2021-10-29,(空):1,三类分栏，但栏目跑在市局的独立审批系统上，地址是 IP 带端口（218.22.184.155:8231），不是 gov.cn 域名；受理公示栏目已打开确认有环评条目（含枞阳县项目），拟审批用 lcjd1=2、已批复用 lcjd1=0；1条,
AH0133,AH0133,AH0133,,安庆市迎江区环境保护局,,,在用,区县,340000,340800,340802,迎江区,迎江,,,,,,本级政府部门,,是,,,安庆市迎江区生态环境分局:9 / 安庆市生态环境局:4 / 安庆市环境保护局:2,生态环境,安庆市|迎江|生态环境,3400-E007,,https://sthjj.anqing.gov.cn/public/column/4018218?type=4&action=list,首页 > 信息公开 > 安庆市生态环境局信息公开目录（行政权力运行 > 行政许可）,,已核实,2026-09-21,67,67,2016-03-08,2019-10-15,迎江:45 / (空):11 / 宜秀:11,没有独立的环评栏目：受理结果、批前公示、审批决定公告混在市局信息公开目录里（还混有行政处罚、水质等其他信息），故三列同址；已打开确认有环评条目（含宿松县项目）；未定位到只含行政许可的子栏目地址；67条,
AH0138,AH0138,AH0138,,安庆市迎江区生态环境分局,,,在用,区县,340000,340800,340802,迎江区,迎江,,,,,,本级政府部门,,是,,,安庆经开区行政审批局:2 / 安庆市迎江区人民政府:1 / 安庆市迎江区发展和改革委员会:1,生态环境,安庆市|迎江|生态环境分局,3400-E007,,https://sthjj.anqing.gov.cn/public/column/4018218?type=4&action=list,首页 > 信息公开 > 安庆市生态环境局信息公开目录（行政权力运行 > 行政许可）,,已核实,2026-09-21,29,29,2019-06-03,2024-12-13,迎江:28 / (空):1,没有独立的环评栏目：受理结果、批前公示、审批决定公告混在市局信息公开目录里（还混有行政处罚、水质等其他信息），故三列同址；已打开确认有环评条目（含宿松县项目）；未定位到只含行政许可的子栏目地址；29条,
AH0135,AH0135,AH0135,,安庆市大观区环境保护局,庆市大观区环境保护局,,在用,区县,340000,340800,340803,大观区,大观,,,,,,本级政府部门,,是,,,安庆市大观区生态环境分局:6 / 安庆市生态环境局:6 / 安庆市环境保护局:1,生态环境,安庆市|大观|生态环境,3400-E007,,https://sthjj.anqing.gov.cn/public/column/4018218?type=4&action=list,首页 > 信息公开 > 安庆市生态环境局信息公开目录（行政权力运行 > 行政许可）,,已核实,2026-09-21,46,46,2015-02-02,2019-11-13,大观:36 / (空):10,没有独立的环评栏目：受理结果、批前公示、审批决定公告混在市局信息公开目录里（还混有行政处罚、水质等其他信息），故三列同址；已打开确认有环评条目（含宿松县项目）；未定位到只含行政许可的子栏目地址；46条,
AH0136,AH0136,AH0136,,安庆市大观区生态环境分局,,,在用,区县,340000,340800,340803,大观区,大观,,,,,,本级政府部门,,是,,,,生态环境,安庆市|大观|生态环境分局,3400-E007,,https://sthjj.anqing.gov.cn/public/column/4018218?type=4&action=list,首页 > 信息公开 > 安庆市生态环境局信息公开目录（行政权力运行 > 行政许可）,,已核实,2026-09-21,37,37,2019-07-08,2021-11-02,大观:33 / (空):4,没有独立的环评栏目：受理结果、批前公示、审批决定公告混在市局信息公开目录里（还混有行政处罚、水质等其他信息），故三列同址；已打开确认有环评条目（含宿松县项目）；未定位到只含行政许可的子栏目地址；37条,
AH0131,AH0131,AH0131,,安庆市宜秀区环境保护局,,,在用,区县,340000,340800,340811,宜秀区,宜秀,,,,,,本级政府部门,,是,,,安庆市宜秀区生态环境分局:12 / 安庆市生态环境局:12,生态环境,安庆市|宜秀|生态环境,3400-E007,,https://sthjj.anqing.gov.cn/public/column/4018218?type=4&action=list,首页 > 信息公开 > 安庆市生态环境局信息公开目录（行政权力运行 > 行政许可）,,已核实,2026-09-21,84,84,2015-09-10,2019-04-01,宜秀:72 / (空):11 / 迎江:1,没有独立的环评栏目：受理结果、批前公示、审批决定公告混在市局信息公开目录里（还混有行政处罚、水质等其他信息），故三列同址；已打开确认有环评条目（含宿松县项目）；未定位到只含行政许可的子栏目地址；84条,
AH0134,AH0134,AH0134,,安庆市宜秀区生态环境分局,,,在用,区县,340000,340800,340811,宜秀区,宜秀,,,,,,本级政府部门,,是,,,安庆市宜秀区环境保护局:5,生态环境,安庆市|宜秀|生态环境分局,3400-E007,,https://sthjj.anqing.gov.cn/public/column/4018218?type=4&action=list,首页 > 信息公开 > 安庆市生态环境局信息公开目录（行政权力运行 > 行政许可）,,已核实,2026-09-21,51,51,2019-06-04,2022-03-09,宜秀:51,没有独立的环评栏目：受理结果、批前公示、审批决定公告混在市局信息公开目录里（还混有行政处罚、水质等其他信息），故三列同址；已打开确认有环评条目（含宿松县项目）；未定位到只含行政许可的子栏目地址；51条,
AH0128,AH0128,AH0128,,安庆市怀宁县生态环境分局,,,在用,区县,340000,340800,340822,怀宁县,怀宁,,,,,,本级政府部门,,是,,,怀宁县环境保护局:8 / 中华人民共和国生态环境部:1 / 安庆市生态环境局:1,生态环境,安庆市|怀宁|生态环境分局,3400-E007,,https://sthjj.anqing.gov.cn/public/column/4018218?type=4&action=list,首页 > 信息公开 > 安庆市生态环境局信息公开目录（行政权力运行 > 行政许可）,,已核实,2026-09-21,125,125,2020-06-10,2024-09-02,怀宁:125,没有独立的环评栏目：受理结果、批前公示、审批决定公告混在市局信息公开目录里（还混有行政处罚、水质等其他信息），故三列同址；已打开确认有环评条目（含宿松县项目）；未定位到只含行政许可的子栏目地址；125条,
AH0142,AH0142,AH0142,,怀宁县环境保护局,,,在用,区县,340000,340800,340822,怀宁县,怀宁,,,,,,本级政府部门,,是,,,安庆市怀宁县生态环境分局:7 / 安庆市生态环境局:1,生态环境,安庆市|怀宁|生态环境,3400-E007,,https://sthjj.anqing.gov.cn/public/column/4018218?type=4&action=list,首页 > 信息公开 > 安庆市生态环境局信息公开目录（行政权力运行 > 行政许可）,,已核实,2026-09-21,13,13,2016-10-12,2021-01-28,怀宁:13,没有独立的环评栏目：受理结果、批前公示、审批决定公告混在市局信息公开目录里（还混有行政处罚、水质等其他信息），故三列同址；已打开确认有环评条目（含宿松县项目）；未定位到只含行政许可的子栏目地址；13条,
AH0129,AH0129,AH0129,,安庆市宿松县生态环境分局,,,在用,区县,340000,340800,340826,宿松县,宿松,,,,,,本级政府部门,,是,,,安庆市生态环境局:16 / 宿松县环境保护局:2,生态环境,安庆市|宿松|生态环境分局,3400-E007,,https://sthjj.anqing.gov.cn/public/column/4018218?type=4&action=list,首页 > 信息公开 > 安庆市生态环境局信息公开目录（行政权力运行 > 行政许可）,,已核实,2026-09-21,106,106,2020-01-06,2025-01-10,宿松:106,没有独立的环评栏目：受理结果、批前公示、审批决定公告混在市局信息公开目录里（还混有行政处罚、水质等其他信息），故三列同址；已打开确认有环评条目（含宿松县项目）；未定位到只含行政许可的子栏目地址；106条,
AH0132,AH0132,AH0132,,安庆市望江县生态环境分局,,,在用,区县,340000,340800,340827,望江县,望江,,,,,,本级政府部门,,是,,,安庆市生态环境局:26 / 环境影响评价与排放管理股:2 / 望江县自然资源和规划局:1,生态环境,安庆市|望江|生态环境分局,3400-E007,,https://sthjj.anqing.gov.cn/public/column/4018218?type=4&action=list,首页 > 信息公开 > 安庆市生态环境局信息公开目录（行政权力运行 > 行政许可）,,已核实,2026-09-21,77,77,2017-10-17,2023-03-21,望江:77,没有独立的环评栏目：受理结果、批前公示、审批决定公告混在市局信息公开目录里（还混有行政处罚、水质等其他信息），故三列同址；已打开确认有环评条目（含宿松县项目）；未定位到只含行政许可的子栏目地址；77条,
AH0137,AH0137,AH0137,,安庆市岳西县生态环境分局,,,在用,区县,340000,340800,340828,岳西县,岳西,,,,,,本级政府部门,,是,,,安庆市生态环境局:1,生态环境,安庆市|岳西|生态环境分局,3400-E007,,https://sthjj.anqing.gov.cn/public/column/4018218?type=4&action=list,首页 > 信息公开 > 安庆市生态环境局信息公开目录（行政权力运行 > 行政许可）,,已核实,2026-09-21,30,30,2020-06-12,2025-09-29,岳西:30,没有独立的环评栏目：受理结果、批前公示、审批决定公告混在市局信息公开目录里（还混有行政处罚、水质等其他信息），故三列同址；已打开确认有环评条目（含宿松县项目）；未定位到只含行政许可的子栏目地址；30条,
AH0125,AH0125,AH0125,,安庆市桐城市生态环境分局,,,在用,区县,340000,340800,340881,桐城市,桐城,,,,,,本级政府部门,,是,,,桐城市环境保护局:21 / 安庆市生态环境局:3 / 枣庄市山亭区环境保护局:1,生态环境,安庆市|桐城|生态环境分局,3400-E007,,https://sthjj.anqing.gov.cn/public/column/4018218?type=4&action=list,首页 > 信息公开 > 安庆市生态环境局信息公开目录（行政权力运行 > 行政许可）,,已核实,2026-09-21,692,692,2019-05-13,2024-12-17,桐城:692,没有独立的环评栏目：受理结果、批前公示、审批决定公告混在市局信息公开目录里（还混有行政处罚、水质等其他信息），故三列同址；已打开确认有环评条目（含宿松县项目）；未定位到只含行政许可的子栏目地址；692条,
AH0126,AH0126,AH0126,,桐城市环境保护局,,,在用,区县,340000,340800,340881,桐城市,桐城,,,,,,本级政府部门,,是,,,安庆市桐城市生态环境分局:47 / 经开区环保分局:10 / 桐城市生态环境局经开区环保分局:3,生态环境,安庆市|桐城|生态环境,3400-E007,,https://sthjj.anqing.gov.cn/public/column/4018218?type=4&action=list,首页 > 信息公开 > 安庆市生态环境局信息公开目录（行政权力运行 > 行政许可）,,已核实,2026-09-21,433,433,2015-04-29,2021-02-20,桐城:433,没有独立的环评栏目：受理结果、批前公示、审批决定公告混在市局信息公开目录里（还混有行政处罚、水质等其他信息），故三列同址；已打开确认有环评条目（含宿松县项目）；未定位到只含行政许可的子栏目地址；433条,
AH0127,AH0127,AH0127,,安庆市潜山市生态环境分局,,,在用,区县,340000,340800,340882,潜山市,潜山,,,,,,本级政府部门,,是,,,潜山市住房和城乡建设局:15 / 中心生态环境分局:10 / 潜山市城市管理局:2,生态环境,安庆市|潜山|生态环境分局,3400-E007,,https://sthjj.anqing.gov.cn/public/column/4018218?type=4&action=list,首页 > 信息公开 > 安庆市生态环境局信息公开目录（行政权力运行 > 行政许可）,,已核实,2026-09-21,394,394,2015-09-15,2024-12-09,潜山:394,没有独立的环评栏目：受理结果、批前公示、审批决定公告混在市局信息公开目录里（还混有行政处罚、水质等其他信息），故三列同址；已打开确认有环评条目（含宿松县项目）；未定位到只含行政许可的子栏目地址；394条,
AH0146,AH0146,AH0146,,潜山县卫生院卫生局,,,在用,区县,340000,340800,340882,潜山市,潜山,,,,,,本级政府部门,,是,,,,其他部门,安庆市|潜山|卫生院卫生局,,,,,,,,1,1,2016-08-01,2016-08-01,潜山:1,,
AH0124,AH0124,AH0124,,安庆市生态环境局,安庆市环境保护局,,在用,市本级,340000,340800,,安庆市,安庆,,,,,,本级政府部门,,是,,,安庆市环境保护局:37 / 安庆市太湖县生态环境分局:28 / 安庆市望江县生态环境分局:26,生态环境,安庆市|市本级|生态环境,3400-E007,,https://sthjj.anqing.gov.cn/public/column/4018218?type=4&action=list,首页 > 信息公开 > 安庆市生态环境局信息公开目录（行政权力运行 > 行政许可）,,已核实,2026-09-21,991,980,2010-02-05,2026-08-20,大观:288 / (空):260 / 宜秀:126 / 太湖:78,没有独立的环评栏目：受理结果、批前公示、审批决定公告混在市局信息公开目录里（还混有行政处罚、水质等其他信息），故三列同址；已打开确认有环评条目（含宿松县项目）；未定位到只含行政许可的子栏目地址；991条,
AH0130,AH0130,AH0130,,安庆经开区行政审批局,,,在用,开发区/园区,340000,340800,,,,340800-Z01,本级开发区,,,,,,否,,,安庆市生态环境局:18 / 安庆市环境保护局:2 / 安庆市迎江区生态环境分局:1,行政审批,安庆市|本级开发区|行政审批,3400-E007,,https://sthjj.anqing.gov.cn/public/column/4018218?type=4&action=list,首页 > 信息公开 > 安庆市生态环境局信息公开目录（行政权力运行 > 行政许可）,,已核实,2026-09-21,93,93,2018-11-05,2026-09-07,迎江:55 / 宜秀:36 / (空):2,没有独立的环评栏目：受理结果、批前公示、审批决定公告混在市局信息公开目录里（还混有行政处罚、水质等其他信息），故三列同址；已打开确认有环评条目（含宿松县项目）；未定位到只含行政许可的子栏目地址；93条,
AH0139,AH0139,AH0139,,安庆市环境监察支队,,,在用,市本级,340000,340800,,安庆市,安庆,,,,,,本级政府部门,,是,,,,生态环境,安庆市|市本级|环境监察支队,3400-E007,,https://sthjj.anqing.gov.cn/public/column/4018218?type=4&action=list,首页 > 信息公开 > 安庆市生态环境局信息公开目录（行政权力运行 > 行政许可）,,已核实,2026-09-21,20,20,2010-02-05,2010-11-09,(空):20,没有独立的环评栏目：受理结果、批前公示、审批决定公告混在市局信息公开目录里（还混有行政处罚、水质等其他信息），故三列同址；已打开确认有环评条目（含宿松县项目）；未定位到只含行政许可的子栏目地址；20条,
AH0140,AH0140,AH0140,,安庆市公安局森林分局,,,在用,市本级,340000,340800,,安庆市,安庆,,,,,,本级政府部门,,是,,,安庆市生态环境局:6,其他部门,安庆市|市本级|公安局森林分局,,,,,,,,18,18,2012-10-25,2012-10-25,(空):18,,
AH0141,AH0141,AH0141,,安庆高新区环境保护局,,,在用,开发区/园区,340000,340800,,,,340800-Z02,本级高新区,,,,,,否,,,安庆市生态环境局:1,生态环境,安庆市|本级高新区|生态环境,3400-E007,,https://sthjj.anqing.gov.cn/public/column/4018218?type=4&action=list,首页 > 信息公开 > 安庆市生态环境局信息公开目录（行政权力运行 > 行政许可）,,已核实,2026-09-21,16,16,2020-11-24,2024-06-07,大观:15 / (空):1,没有独立的环评栏目：受理结果、批前公示、审批决定公告混在市局信息公开目录里（还混有行政处罚、水质等其他信息），故三列同址；已打开确认有环评条目（含宿松县项目）；未定位到只含行政许可的子栏目地址；16条,
AH0143,AH0143,AH0143,,经开区环保分局,,,在用,开发区/园区,340000,340800,,,,340800-Z03,桐城开发区,,,,,,否,,,桐城市环境保护局:9 / 安庆市桐城市生态环境分局:3,生态环境,安庆市|桐城开发区|经开区环保分局,3400-E007,,https://sthjj.anqing.gov.cn/public/column/4018218?type=4&action=list,首页 > 信息公开 > 安庆市生态环境局信息公开目录（行政权力运行 > 行政许可）,,已核实,2026-09-21,13,13,2020-05-13,2021-01-27,桐城:13,没有独立的环评栏目：受理结果、批前公示、审批决定公告混在市局信息公开目录里（还混有行政处罚、水质等其他信息），故三列同址；已打开确认有环评条目（含宿松县项目）；未定位到只含行政许可的子栏目地址；13条,
AH0144,AH0144,AH0144,,桐城市生态环境局经开区环保分局,,,在用,开发区/园区,340000,340800,,,,340800-Z01,本级开发区,,,,,,否,,,桐城市环境保护局:3 / 安庆市桐城市生态环境分局:2,生态环境,安庆市|本级开发区|生态环境,3400-E007,,https://sthjj.anqing.gov.cn/public/column/4018218?type=4&action=list,首页 > 信息公开 > 安庆市生态环境局信息公开目录（行政权力运行 > 行政许可）,,已核实,2026-09-21,7,7,2020-05-28,2020-12-22,桐城:7,没有独立的环评栏目：受理结果、批前公示、审批决定公告混在市局信息公开目录里（还混有行政处罚、水质等其他信息），故三列同址；已打开确认有环评条目（含宿松县项目）；未定位到只含行政许可的子栏目地址；7条,
AH0145,AH0145,AH0145,,安庆市住房和城乡建设局,,,在用,市本级,340000,340800,,安庆市,安庆,,,,,,本级政府部门,,是,,,安庆市宜秀区环境保护局:1,其他部门,安庆市|市本级|住房城乡建设局,,,,,,,,1,1,2019-06-19,2019-06-19,(空):1,,
AH0455,AH0455,AH0455,,黄山市屯溪区生态环境分局,,,在用,区县,340000,341000,341002,屯溪区,屯溪,,,,,,本级政府部门,,是,,,黄山市屯溪区水利局:1 / 黄山市生态环境局:1,生态环境,黄山市|屯溪|生态环境分局,3400-E016,,https://sthjj.huangshan.gov.cn/zwgk/public/column/6615736?type=4&action=list,首页 > 政府信息公开 > 黄山市生态环境局政府信息公开目录（行政权力运行 > 行政许可）,,已核实,2026-09-21,1,1,2023-05-11,2023-05-11,屯溪:1,没有独立环评栏目：「关于…建设项目生态环境影响文件受理情况的公示」「关于…拟作出的审批意见的公示」「…审批的环境影响评价文件」都混在市局信息公开目录里（还混有人事、采购等），故三列同址；已打开确认有环评条目。另外区县项目也会挂在区县政府门户（已见黄山区 hsq.gov.cn 的受理公示），本次按市局目录统一给。该站点有 WAF，首页要等几秒放行，直接打二级页可能 404；1条,
AH0450,AH0450,AH0450,,黄山市黄山区生态环境分局,,,在用,区县,340000,341000,341003,黄山区,黄山,,,,,,本级政府部门,,是,,,黄山市黄山区环境保护局:6 / 山区生态环境分局:1 / 淮河流域水资源保护局:1,生态环境,黄山市|黄山|生态环境分局,3400-E016,,https://sthjj.huangshan.gov.cn/zwgk/public/column/6615736?type=4&action=list,首页 > 政府信息公开 > 黄山市生态环境局政府信息公开目录（行政权力运行 > 行政许可）,,已核实,2026-09-21,103,103,2019-05-13,2026-08-12,黄山:103,没有独立环评栏目：「关于…建设项目生态环境影响文件受理情况的公示」「关于…拟作出的审批意见的公示」「…审批的环境影响评价文件」都混在市局信息公开目录里（还混有人事、采购等），故三列同址；已打开确认有环评条目。另外区县项目也会挂在区县政府门户（已见黄山区 hsq.gov.cn 的受理公示），本次按市局目录统一给。该站点有 WAF，首页要等几秒放行，直接打二级页可能 404；103条,
AH0454,AH0454,AH0454,,黄山市黄山区环境保护局,,,在用,区县,340000,341000,341003,黄山区,黄山,,,,,,本级政府部门,,是,,,黄山市黄山区生态环境分局:2,生态环境,黄山市|黄山|生态环境,3400-E016,,https://sthjj.huangshan.gov.cn/zwgk/public/column/6615736?type=4&action=list,首页 > 政府信息公开 > 黄山市生态环境局政府信息公开目录（行政权力运行 > 行政许可）,,已核实,2026-09-21,20,20,2018-09-04,2019-05-09,黄山:20,没有独立环评栏目：「关于…建设项目生态环境影响文件受理情况的公示」「关于…拟作出的审批意见的公示」「…审批的环境影响评价文件」都混在市局信息公开目录里（还混有人事、采购等），故三列同址；已打开确认有环评条目。另外区县项目也会挂在区县政府门户（已见黄山区 hsq.gov.cn 的受理公示），本次按市局目录统一给。该站点有 WAF，首页要等几秒放行，直接打二级页可能 404；20条,
AH0448,AH0448,AH0448,,黄山市徽州区生态环境分局,,,在用,区县,340000,341000,341004,徽州区,徽州,,,,,,本级政府部门,,是,,,黄山市徽州区发展和改革委员会:3 / 黄山市生态环境局:1,生态环境,黄山市|徽州|生态环境分局,3400-E016,,https://sthjj.huangshan.gov.cn/zwgk/public/column/6615736?type=4&action=list,首页 > 政府信息公开 > 黄山市生态环境局政府信息公开目录（行政权力运行 > 行政许可）,,已核实,2026-09-21,127,127,2017-11-20,2026-01-20,徽州:126 / (空):1,没有独立环评栏目：「关于…建设项目生态环境影响文件受理情况的公示」「关于…拟作出的审批意见的公示」「…审批的环境影响评价文件」都混在市局信息公开目录里（还混有人事、采购等），故三列同址；已打开确认有环评条目。另外区县项目也会挂在区县政府门户（已见黄山区 hsq.gov.cn 的受理公示），本次按市局目录统一给。该站点有 WAF，首页要等几秒放行，直接打二级页可能 404；127条,
AH0446,AH0446,AH0446,,黄山市歙县生态环境分局,,,在用,区县,340000,341000,341021,歙县,歙县,,,,,,本级政府部门,,是,,,歙县生态环境部门:1,生态环境,黄山市|歙|生态环境分局,3400-E016,,https://sthjj.huangshan.gov.cn/zwgk/public/column/6615736?type=4&action=list,首页 > 政府信息公开 > 黄山市生态环境局政府信息公开目录（行政权力运行 > 行政许可）,,已核实,2026-09-21,391,391,2016-11-04,2026-07-16,歙县:391,没有独立环评栏目：「关于…建设项目生态环境影响文件受理情况的公示」「关于…拟作出的审批意见的公示」「…审批的环境影响评价文件」都混在市局信息公开目录里（还混有人事、采购等），故三列同址；已打开确认有环评条目。另外区县项目也会挂在区县政府门户（已见黄山区 hsq.gov.cn 的受理公示），本次按市局目录统一给。该站点有 WAF，首页要等几秒放行，直接打二级页可能 404；391条,
AH0449,AH0449,AH0449,,黄山市休宁县生态环境分局,,,在用,区县,340000,341000,341022,休宁县,休宁,,,,,,本级政府部门,,是,,,黄山市生态环境局:20 / 黄山市生态环境局休宁分局:8 / 休宁县环境保护局:6,生态环境,黄山市|休宁|生态环境分局,3400-E016,,https://sthjj.huangshan.gov.cn/zwgk/public/column/6615736?type=4&action=list,首页 > 政府信息公开 > 黄山市生态环境局政府信息公开目录（行政权力运行 > 行政许可）,,已核实,2026-09-21,109,109,2019-07-05,2026-05-08,休宁:109,没有独立环评栏目：「关于…建设项目生态环境影响文件受理情况的公示」「关于…拟作出的审批意见的公示」「…审批的环境影响评价文件」都混在市局信息公开目录里（还混有人事、采购等），故三列同址；已打开确认有环评条目。另外区县项目也会挂在区县政府门户（已见黄山区 hsq.gov.cn 的受理公示），本次按市局目录统一给。该站点有 WAF，首页要等几秒放行，直接打二级页可能 404；109条,
AH0451,AH0451,AH0451,,休宁县环境保护局,,,在用,区县,340000,341000,341022,休宁县,休宁,,,,,,本级政府部门,,是,,,黄山市生态环境局休宁分局:5 / 黄山市休宁县生态环境分局:2,生态环境,黄山市|休宁|生态环境,3400-E016,,https://sthjj.huangshan.gov.cn/zwgk/public/column/6615736?type=4&action=list,首页 > 政府信息公开 > 黄山市生态环境局政府信息公开目录（行政权力运行 > 行政许可）,,已核实,2026-09-21,34,34,2015-05-14,2019-03-22,休宁:34,没有独立环评栏目：「关于…建设项目生态环境影响文件受理情况的公示」「关于…拟作出的审批意见的公示」「…审批的环境影响评价文件」都混在市局信息公开目录里（还混有人事、采购等），故三列同址；已打开确认有环评条目。另外区县项目也会挂在区县政府门户（已见黄山区 hsq.gov.cn 的受理公示），本次按市局目录统一给。该站点有 WAF，首页要等几秒放行，直接打二级页可能 404；34条,
AH0452,AH0452,AH0452,,黄山市黟县生态环境分局,,,在用,区县,340000,341000,341023,黟县,黟县,,,,,,本级政府部门,,是,,,黄山市生态环境局:2 / 黄山市环境保护局:1 / 黄山市生态环境局黟县分局:1,生态环境,黄山市|黟|生态环境分局,3400-E016,,https://sthjj.huangshan.gov.cn/zwgk/public/column/6615736?type=4&action=list,首页 > 政府信息公开 > 黄山市生态环境局政府信息公开目录（行政权力运行 > 行政许可）,,已核实,2026-09-21,27,27,2020-01-06,2026-03-02,黟县:26 / (空):1,没有独立环评栏目：「关于…建设项目生态环境影响文件受理情况的公示」「关于…拟作出的审批意见的公示」「…审批的环境影响评价文件」都混在市局信息公开目录里（还混有人事、采购等），故三列同址；已打开确认有环评条目。另外区县项目也会挂在区县政府门户（已见黄山区 hsq.gov.cn 的受理公示），本次按市局目录统一给。该站点有 WAF，首页要等几秒放行，直接打二级页可能 404；27条,
AH0453,AH0453,AH0453,,黄山市生态环境局黟县分局,黟县环境保护局,,在用,区县,340000,341000,341023,黟县,黟县,,,,,,本级政府部门,,是,,,黄山市黟县生态环境分局:2,生态环境,黄山市|黟|生态环境,3400-E016,,https://sthjj.huangshan.gov.cn/zwgk/public/column/6615736?type=4&action=list,首页 > 政府信息公开 > 黄山市生态环境局政府信息公开目录（行政权力运行 > 行政许可）,,已核实,2026-09-21,24,24,2016-10-09,2021-11-01,黟县:23 / (空):1,没有独立环评栏目：「关于…建设项目生态环境影响文件受理情况的公示」「关于…拟作出的审批意见的公示」「…审批的环境影响评价文件」都混在市局信息公开目录里（还混有人事、采购等），故三列同址；已打开确认有环评条目。另外区县项目也会挂在区县政府门户（已见黄山区 hsq.gov.cn 的受理公示），本次按市局目录统一给。该站点有 WAF，首页要等几秒放行，直接打二级页可能 404；24条,
AH0447,AH0447,AH0447,,黄山市祁门县生态环境分局,,,在用,区县,340000,341000,341024,祁门县,祁门,,,,,,本级政府部门,,是,,,黄山市生态环境局:16 / 祁门县交通运输局:2 / 山市祁门县生态环境分局:1,生态环境,黄山市|祁门|生态环境分局,3400-E016,,https://sthjj.huangshan.gov.cn/zwgk/public/column/6615736?type=4&action=list,首页 > 政府信息公开 > 黄山市生态环境局政府信息公开目录（行政权力运行 > 行政许可）,,已核实,2026-09-21,252,252,2014-06-20,2026-03-26,祁门:251 / (空):1,没有独立环评栏目：「关于…建设项目生态环境影响文件受理情况的公示」「关于…拟作出的审批意见的公示」「…审批的环境影响评价文件」都混在市局信息公开目录里（还混有人事、采购等），故三列同址；已打开确认有环评条目。另外区县项目也会挂在区县政府门户（已见黄山区 hsq.gov.cn 的受理公示），本次按市局目录统一给。该站点有 WAF，首页要等几秒放行，直接打二级页可能 404；252条,
AH0445,AH0445,AH0445,,黄山市生态环境局,黄山市环境保护局,,在用,市本级,340000,341000,,黄山市,黄山,,,,,,本级政府部门,,是,,,黄山市徽州区生态环境分局:17 / 黄山市歙县生态环境分局:7 / 黄山市屯溪区生态环境分局:5,生态环境,黄山市|市本级|生态环境,3400-E016,,https://sthjj.huangshan.gov.cn/zwgk/public/column/6615736?type=4&action=list,首页 > 政府信息公开 > 黄山市生态环境局政府信息公开目录（行政权力运行 > 行政许可）,,已核实,2026-09-21,423,419,2017-01-03,2026-08-19,屯溪:154 / (空):98 / 徽州:60 / 歙县:49,没有独立环评栏目：「关于…建设项目生态环境影响文件受理情况的公示」「关于…拟作出的审批意见的公示」「…审批的环境影响评价文件」都混在市局信息公开目录里（还混有人事、采购等），故三列同址；已打开确认有环评条目。另外区县项目也会挂在区县政府门户（已见黄山区 hsq.gov.cn 的受理公示），本次按市局目录统一给。该站点有 WAF，首页要等几秒放行，直接打二级页可能 404；423条,
AH0282,AH0282,AH0282,,滁州市环保局南谯分局,,,在用,区县,340000,341100,341103,南谯区,南谯,,,,,,本级政府部门,,是,,,,生态环境,滁州市|南谯|生态环境,3400-E003,,https://sthjj.chuzhou.gov.cn/hjgk/hpsp/slgs/index.html,首页 > 环境管理 > 建设项目环境影响评价审批 > 受理公示 / 拟审批意见公示 / 已批复项目公示,,已核实,2026-09-21,3,3,2015-08-25,2016-08-25,南谯:3,三类分栏，栏目已打开确认有环评条目；区县项目（已见定远县）也发在市局这三个栏目；3条,
AH0264,AH0264,AH0264,,滁州市来安县生态环境分局,,,在用,区县,340000,341100,341122,来安县,来安,,,,,,本级政府部门,,是,,,汊河政务服务中心生态环境分局:38 / 来安县行政服务中心生态环境分局:24 / 来安县行政服务中心环保局:19,生态环境,滁州市|来安|生态环境分局,3400-E003,,https://sthjj.chuzhou.gov.cn/hjgk/hpsp/slgs/index.html,首页 > 环境管理 > 建设项目环境影响评价审批 > 受理公示 / 拟审批意见公示 / 已批复项目公示,,已核实,2026-09-21,523,522,2019-05-30,2026-09-07,来安:517 / (空):5,三类分栏，栏目已打开确认有环评条目；区县项目（已见定远县）也发在市局这三个栏目；523条,
AH0270,AH0270,AH0270,,来安县政务服务中心生态环境分局,安县政务服务中心生态环境分局 / 来安县汊河政务服务中心生态环境局 / 来安县汊河政务服务中心环保局 / 来安县政务服务中心环保局 / 来安县汊河政务服务中心生态环境分局 / 来安县环境保护局,,在用,区县,340000,341100,341122,来安县,来安,,,,,,本级政府部门,,是,,,滁州市来安县生态环境分局:31 / 来安县行政服务中心环保局:2 / 汊河政务服务中心生态环境分局:2,生态环境,滁州市|来安|生态环境,3400-E003,,https://sthjj.chuzhou.gov.cn/hjgk/hpsp/slgs/index.html,首页 > 环境管理 > 建设项目环境影响评价审批 > 受理公示 / 拟审批意见公示 / 已批复项目公示,,已核实,2026-09-21,70,70,2018-11-02,2025-11-20,来安:69 / (空):1,三类分栏，栏目已打开确认有环评条目；区县项目（已见定远县）也发在市局这三个栏目；70条,
AH0281,AH0281,AH0281,,来安县政务服务中心生态分局,,,在用,区县,340000,341100,341122,来安县,来安,,,,,,本级政府部门,,是,,,滁州市来安县生态环境分局:2 / 滁州市生态环境局:1,行政审批,滁州市|来安|行政审批,3400-E003,,https://sthjj.chuzhou.gov.cn/hjgk/hpsp/slgs/index.html,首页 > 环境管理 > 建设项目环境影响评价审批 > 受理公示 / 拟审批意见公示 / 已批复项目公示,,已核实,2026-09-21,3,3,2020-08-03,2020-08-27,来安:3,三类分栏，栏目已打开确认有环评条目；区县项目（已见定远县）也发在市局这三个栏目；3条,
AH0268,AH0268,AH0268,,滁州市全椒县生态环境分局,,,在用,区县,340000,341100,341124,全椒县,全椒,,,,,,本级政府部门,,是,,,全椒县环境保护局:21 / 滁州市生态环境局:13 / 全椒县环保局环境影响评价及行政审批服务股:3,生态环境,滁州市|全椒|生态环境分局,3400-E003,,https://sthjj.chuzhou.gov.cn/hjgk/hpsp/slgs/index.html,首页 > 环境管理 > 建设项目环境影响评价审批 > 受理公示 / 拟审批意见公示 / 已批复项目公示,,已核实,2026-09-21,125,125,2019-09-17,2026-09-01,全椒:125,三类分栏，栏目已打开确认有环评条目；区县项目（已见定远县）也发在市局这三个栏目；125条,
AH0287,AH0287,AH0287,,全椒县环境保护局,,,在用,区县,340000,341100,341124,全椒县,全椒,,,,,,本级政府部门,,是,,,,生态环境,滁州市|全椒|生态环境,3400-E003,,https://sthjj.chuzhou.gov.cn/hjgk/hpsp/slgs/index.html,首页 > 环境管理 > 建设项目环境影响评价审批 > 受理公示 / 拟审批意见公示 / 已批复项目公示,,已核实,2026-09-21,1,1,2022-07-07,2022-07-07,全椒:1,三类分栏，栏目已打开确认有环评条目；区县项目（已见定远县）也发在市局这三个栏目；1条,
AH0267,AH0267,AH0267,,滁州市定远县生态环境分局,,,在用,区县,340000,341100,341125,定远县,定远,,,,,,本级政府部门,,是,,,滁州市生态环境局:47 / 定远县行政服务管理局:4 / 定远县行政服务管理局环境综合窗口:3,生态环境,滁州市|定远|生态环境分局,3400-E003,,https://sthjj.chuzhou.gov.cn/hjgk/hpsp/slgs/index.html,首页 > 环境管理 > 建设项目环境影响评价审批 > 受理公示 / 拟审批意见公示 / 已批复项目公示,,已核实,2026-09-21,238,238,2016-12-20,2024-08-16,定远:238,三类分栏，栏目已打开确认有环评条目；区县项目（已见定远县）也发在市局这三个栏目；238条,
AH0278,AH0278,AH0278,,定远县数据资源管理局,,,在用,区县,340000,341100,341125,定远县,定远,,,,,,本级政府部门,,是,,,滁州市定远县生态环境分局:2,行政审批,滁州市|定远|数据资源管理局,3400-E003,,https://sthjj.chuzhou.gov.cn/hjgk/hpsp/slgs/index.html,首页 > 环境管理 > 建设项目环境影响评价审批 > 受理公示 / 拟审批意见公示 / 已批复项目公示,,已核实,2026-09-21,4,4,2019-07-04,2019-09-06,定远:4,三类分栏，栏目已打开确认有环评条目；区县项目（已见定远县）也发在市局这三个栏目；4条,
AH0284,AH0284,AH0284,,定远县生态生态环境分局,,,在用,区县,340000,341100,341125,定远县,定远,,,,,,本级政府部门,,是,,,滁州市定远县生态环境分局:2,生态环境,滁州市|定远|生态生态环境分局,3400-E003,,https://sthjj.chuzhou.gov.cn/hjgk/hpsp/slgs/index.html,首页 > 环境管理 > 建设项目环境影响评价审批 > 受理公示 / 拟审批意见公示 / 已批复项目公示,,已核实,2026-09-21,2,2,2020-11-23,2020-12-09,定远:2,三类分栏，栏目已打开确认有环评条目；区县项目（已见定远县）也发在市局这三个栏目；2条,
AH0291,AH0291,AH0291,,定远县自然资源和规划局(定远县林业局),,定远县林业局,在用,区县,340000,341100,341125,定远县,定远,,,,,,本级政府部门,,是,,,滁州市定远县生态环境分局:1,其他部门,滁州市|定远|自然资源规划局(林业局),,,,,,,,1,1,2020-06-19,2020-06-19,定远:1,,
AH0266,AH0266,AH0266,,滁州市凤阳县生态环境分局,,,在用,区县,340000,341100,341126,凤阳县,凤阳,,,,,,本级政府部门,,是,,,滁州市生态环境局:7 / 凤阳县环境保护局:4 / 滁州市环保局生态环境分局:3,生态环境,滁州市|凤阳|生态环境分局,3400-E003,,https://sthjj.chuzhou.gov.cn/hjgk/hpsp/slgs/index.html,首页 > 环境管理 > 建设项目环境影响评价审批 > 受理公示 / 拟审批意见公示 / 已批复项目公示,,已核实,2026-09-21,280,280,2019-05-17,2026-09-16,凤阳:279 / (空):1,三类分栏，栏目已打开确认有环评条目；区县项目（已见定远县）也发在市局这三个栏目；280条,
AH0289,AH0289,AH0289,,凤阳县环境保护局,,,在用,区县,340000,341100,341126,凤阳县,凤阳,,,,,,本级政府部门,,是,,,,生态环境,滁州市|凤阳|生态环境,3400-E003,,https://sthjj.chuzhou.gov.cn/hjgk/hpsp/slgs/index.html,首页 > 环境管理 > 建设项目环境影响评价审批 > 受理公示 / 拟审批意见公示 / 已批复项目公示,,已核实,2026-09-21,1,1,2019-02-18,2019-02-18,凤阳:1,三类分栏，栏目已打开确认有环评条目；区县项目（已见定远县）也发在市局这三个栏目；1条,
AH0271,AH0271,AH0271,,滁州市天长市生态环境分局,,,在用,区县,340000,341100,341181,天长市,天长,,,,,,本级政府部门,,是,,,天长市环境保护局:7 / 滁州市生态环境局:1,生态环境,滁州市|天长|生态环境分局,3400-E003,,https://sthjj.chuzhou.gov.cn/hjgk/hpsp/slgs/index.html,首页 > 环境管理 > 建设项目环境影响评价审批 > 受理公示 / 拟审批意见公示 / 已批复项目公示,,已核实,2026-09-21,70,70,2019-04-28,2023-10-12,天长:69 / (空):1,三类分栏，栏目已打开确认有环评条目；区县项目（已见定远县）也发在市局这三个栏目；70条,
AH0290,AH0290,AH0290,,天长市生态管理局,,,在用,区县,340000,341100,341181,天长市,天长,,,,,,本级政府部门,,是,,,,其他部门,滁州市|天长|生态管理局,,,,,,,,1,1,2025-04-18,2025-04-18,天长:1,,
AH0265,AH0265,AH0265,,滁州市明光市生态环境分局,,,在用,区县,340000,341100,341182,明光市,明光,,,,,,本级政府部门,,是,,,明光市环境保护局:25 / 明光市行政服务中心环保窗口:3 / 明光市行政服务中心环保:2,生态环境,滁州市|明光|生态环境分局,3400-E003,,https://sthjj.chuzhou.gov.cn/hjgk/hpsp/slgs/index.html,首页 > 环境管理 > 建设项目环境影响评价审批 > 受理公示 / 拟审批意见公示 / 已批复项目公示,,已核实,2026-09-21,286,286,2021-02-07,2026-08-26,明光:286,三类分栏，栏目已打开确认有环评条目；区县项目（已见定远县）也发在市局这三个栏目；286条,
AH0269,AH0269,AH0269,,明光市环境保护局,,,在用,区县,340000,341100,341182,明光市,明光,,,,,,本级政府部门,,是,,,滁州市明光市生态环境分局:55 / 明光市行政服务中心环保窗口:12 / 明光市行政服务中心环保:10,生态环境,滁州市|明光|生态环境,3400-E003,,https://sthjj.chuzhou.gov.cn/hjgk/hpsp/slgs/index.html,首页 > 环境管理 > 建设项目环境影响评价审批 > 受理公示 / 拟审批意见公示 / 已批复项目公示,,已核实,2026-09-21,70,70,2020-06-28,2025-11-20,明光:70,三类分栏，栏目已打开确认有环评条目；区县项目（已见定远县）也发在市局这三个栏目；70条,
AH0285,AH0285,AH0285,,明光市交通运输局,,,在用,区县,340000,341100,341182,明光市,明光,,,,,,本级政府部门,,是,,,明光市行政服务中心环保:1 / 滁州市明光市生态环境分局:1,其他部门,滁州市|明光|交通运输局,,,,,,,,2,2,2020-06-04,2020-06-04,明光:2,,
AH0292,AH0292,AH0292,,明光市城市管理行政执法局,,,在用,区县,340000,341100,341182,明光市,明光,,,,,,本级政府部门,,是,,,滁州市明光市生态环境分局:1,其他部门,滁州市|明光|城市管理行政执法局,,,,,,,,1,1,2022-11-04,2022-11-04,明光:1,,
AH0293,AH0293,AH0293,,明光市行政服务中心,,,在用,区县,340000,341100,341182,明光市,明光,,,,,,本级政府部门,,是,,,明光市环境保护局:1 / 滁州市明光市生态环境分局:1,行政审批,滁州市|明光|行政审批,3400-E003,,https://sthjj.chuzhou.gov.cn/hjgk/hpsp/slgs/index.html,首页 > 环境管理 > 建设项目环境影响评价审批 > 受理公示 / 拟审批意见公示 / 已批复项目公示,,已核实,2026-09-21,1,1,2025-04-09,2025-04-09,明光:1,三类分栏，栏目已打开确认有环评条目；区县项目（已见定远县）也发在市局这三个栏目；1条,
AH0263,AH0263,AH0263,,滁州市生态环境局,滁州市行政服务中心生态环境局 / 滁州市行政服务中心环保局 / 滁州市环境保护局 / 滁州市 / 滁州市生态环境局辐射安全监管科,,在用,市本级,340000,341100,,滁州市,滁州,,,,,,本级政府部门,,是,,,滁州市环境保护局:226 / 滁州市凤阳县生态环境分局:133 / 滁州市琅琊区生态环境分局:77,生态环境,滁州市|市本级|生态环境,3400-E003,,https://sthjj.chuzhou.gov.cn/hjgk/hpsp/slgs/index.html,首页 > 环境管理 > 建设项目环境影响评价审批 > 受理公示 / 拟审批意见公示 / 已批复项目公示,,已核实,2026-09-21,2590,2590,2013-03-12,2026-09-17,(空):1376 / 南谯:441 / 琅琊:347 / 凤阳:204,三类分栏，栏目已打开确认有环评条目；区县项目（已见定远县）也发在市局这三个栏目；2590条,
AH0272,AH0272,AH0272,,中新苏滁高新技术产业开发区建设房产环保局,,,在用,开发区/园区,340000,341100,,,,341100-Z01,中新苏滁高新区,,,,,,否,,,,生态环境,滁州市|中新苏滁高新区|生态环境,3400-E003,,https://sthjj.chuzhou.gov.cn/hjgk/hpsp/slgs/index.html,首页 > 环境管理 > 建设项目环境影响评价审批 > 受理公示 / 拟审批意见公示 / 已批复项目公示,,已核实,2026-09-21,50,50,2021-02-05,2024-04-03,天长:38 / (空):7 / 琅琊:5,三类分栏，栏目已打开确认有环评条目；区县项目（已见定远县）也发在市局这三个栏目；50条,
AH0273,AH0273,AH0273,,滁州市苏滁现代产业园建设房产环保局,,,在用,开发区/园区,340000,341100,,,,341100-Z04,苏滁现代园区,,,,,,否,,,,生态环境,滁州市|苏滁现代园区|生态环境,3400-E003,,https://sthjj.chuzhou.gov.cn/hjgk/hpsp/slgs/index.html,首页 > 环境管理 > 建设项目环境影响评价审批 > 受理公示 / 拟审批意见公示 / 已批复项目公示,,已核实,2026-09-21,36,36,2021-03-17,2025-03-26,天长:34 / 琅琊:1 / (空):1,三类分栏，栏目已打开确认有环评条目；区县项目（已见定远县）也发在市局这三个栏目；36条,
AH0274,AH0274,AH0274,,中新苏滁高新技术产业开发区建设房产局,,,在用,开发区/园区,340000,341100,,,,341100-Z01,中新苏滁高新区,,,,,,否,,,,其他部门,滁州市|中新苏滁高新区|中新苏滁高新技术产业开发区建设房产局,,,,,,,,11,11,2023-09-13,2025-12-10,天长:11,,
AH0275,AH0275,AH0275,,滁州市数据资源管理局(市政务服务管理局),,市政务服务管理局,在用,市本级,340000,341100,,滁州市,滁州,,,,,,本级政府部门,,是,,,滁州市生态环境局:7 / 滁州市定远县生态环境分局:1,行政审批,滁州市|市本级|数据资源管理局(市政务服务管理局),3400-E003,,https://sthjj.chuzhou.gov.cn/hjgk/hpsp/slgs/index.html,首页 > 环境管理 > 建设项目环境影响评价审批 > 受理公示 / 拟审批意见公示 / 已批复项目公示,,已核实,2026-09-21,7,7,2025-09-23,2026-05-14,(空):7,三类分栏，栏目已打开确认有环评条目；区县项目（已见定远县）也发在市局这三个栏目；7条,
AH0276,AH0276,AH0276,,中新苏滁高新技术产业开发区企业服务局,,,在用,开发区/园区,340000,341100,,,,341100-Z01,中新苏滁高新区,,,,,,否,,,滁州市环境保护局:1,其他部门,滁州市|中新苏滁高新区|中新苏滁高新技术产业开发区企业服务局,,,,,,,,6,6,2026-01-09,2026-06-26,天长:6,,
AH0277,AH0277,AH0277,,滁州市中新苏滁高新区建设房产局,,,在用,开发区/园区,340000,341100,,,,341100-Z01,中新苏滁高新区,,,,,,否,,,,其他部门,滁州市|中新苏滁高新区|中新苏滁高新区建设房产局,,,,,,,,5,5,2025-07-09,2025-12-17,天长:4 / (空):1,,
AH0279,AH0279,AH0279,,中新苏滁高新技术产业开发区管理委员会,安徽省滁州市中新苏滁高新技术产业开发区管委会建设房产局,,在用,开发区/园区,340000,341100,,,,341100-Z01,中新苏滁高新区,,,,,,否,,,中新苏滁高新区管委会:1 / 中新苏滁高新技术产业开发区建设房产局:1,开发区管委会,滁州市|中新苏滁高新区|行政审批,3400-E003,,https://sthjj.chuzhou.gov.cn/hjgk/hpsp/slgs/index.html,首页 > 环境管理 > 建设项目环境影响评价审批 > 受理公示 / 拟审批意见公示 / 已批复项目公示,,已核实,2026-09-21,3,3,2025-05-13,2026-01-16,天长:3,三类分栏，栏目已打开确认有环评条目；区县项目（已见定远县）也发在市局这三个栏目；3条,
AH0280,AH0280,AH0280,,中新苏滁高新技术产业开发区经济运行局,,,在用,开发区/园区,340000,341100,,,,341100-Z01,中新苏滁高新区,,,,,,否,,,滁州市生态环境局:1,其他部门,滁州市|中新苏滁高新区|中新苏滁高新技术产业开发区经济运行局,,,,,,,,3,3,2025-04-17,2025-08-05,天长:3,,
AH0283,AH0283,AH0283,,中新苏滁高新区一站式服务中心,,,在用,开发区/园区,340000,341100,,,,341100-Z01,中新苏滁高新区,,,,,,否,,,,行政审批,滁州市|中新苏滁高新区|中新苏滁高新区一站式服务中心,3400-E003,,https://sthjj.chuzhou.gov.cn/hjgk/hpsp/slgs/index.html,首页 > 环境管理 > 建设项目环境影响评价审批 > 受理公示 / 拟审批意见公示 / 已批复项目公示,,已核实,2026-09-21,2,2,2026-05-18,2026-08-12,天长:2,三类分栏，栏目已打开确认有环评条目；区县项目（已见定远县）也发在市局这三个栏目；2条,
AH0286,AH0286,AH0286,,滁州市中新苏滁高新区企业服务局,中新苏滁高新区企业服务局,,在用,开发区/园区,340000,341100,,,,341100-Z01,中新苏滁高新区,,,,,,否,,,,其他部门,滁州市|中新苏滁高新区|中新苏滁高新区企业服务局,,,,,,,,2,2,2026-03-13,2026-06-15,天长:2,,
AH0288,AH0288,AH0288,,兰州高新区环保局,,,在用,开发区/园区,340000,341100,,,,341100-Z02,兰州高新区,,,,,,否,,,,生态环境,滁州市|兰州高新区|生态环境,3400-E003,,https://sthjj.chuzhou.gov.cn/hjgk/hpsp/slgs/index.html,首页 > 环境管理 > 建设项目环境影响评价审批 > 受理公示 / 拟审批意见公示 / 已批复项目公示,,已核实,2026-09-21,1,1,2020-04-02,2020-04-02,定远:1,三类分栏，栏目已打开确认有环评条目；区县项目（已见定远县）也发在市局这三个栏目；1条,
AH0294,AH0294,AH0294,,滁州市企业服务局,,,在用,市本级,340000,341100,,滁州市,滁州,,,,,,本级政府部门,,是,,,,其他部门,滁州市|市本级|企业服务局,,,,,,,,1,1,2026-07-13,2026-07-13,天长:1,,
AH0295,AH0295,AH0295,,滁州高新技术产业开发区管理委员会,,,在用,开发区/园区,340000,341100,,,,341100-Z03,本级高新区,,,,,,否,,,,开发区管委会,滁州市|本级高新区|行政审批,3400-E003,,https://sthjj.chuzhou.gov.cn/hjgk/hpsp/slgs/index.html,首页 > 环境管理 > 建设项目环境影响评价审批 > 受理公示 / 拟审批意见公示 / 已批复项目公示,,已核实,2026-09-21,1,1,2025-04-17,2025-04-17,天长:1,三类分栏，栏目已打开确认有环评条目；区县项目（已见定远县）也发在市局这三个栏目；1条,
AH0393,AH0393,AH0393,,阜阳市颍州区生态环境分局,,,在用,区县,340000,341200,341202,颍州区,颍州,,,,,,本级政府部门,,是,,,阜阳市生态环境局:11 / 阜阳市颍东区生态环境分局:1 / 阜阳市颍州区环境保护局:1,生态环境,阜阳市|颍州|生态环境分局,3400-E006,,https://sthj.fy.gov.cn/OpennessContent/showList/31/8325/page_1.html,首页 > 政府信息公开 > 行政权力运行 > 行政权力运行结果 > 行政许可（环评）,,已核实,2026-09-21,34,34,2020-07-06,2026-05-27,颍州:32 / (空):1 / 颍东:1,市局域名是 sthj.fy.gov.cn（不是 sthjj）。一个混合栏目：标题带【环评受理公示】【环评批前公示】【环评决定公告】前缀，三类混排，故三列同址；已打开确认有环评条目（含临泉、颍州等区县项目）；34条,
AH0387,AH0387,AH0387,,阜阳市颍东区生态环境分局,,,在用,区县,340000,341200,341203,颍东区,颍东,,,,,,本级政府部门,,是,,,阜阳市生态环境局:71 / 颍东区政务服务中心生态环境分局:15 / 阜阳市颍东区环境保护局:10,生态环境,阜阳市|颍东|生态环境分局,3400-E006,,https://sthj.fy.gov.cn/OpennessContent/showList/31/8325/page_1.html,首页 > 政府信息公开 > 行政权力运行 > 行政权力运行结果 > 行政许可（环评）,,已核实,2026-09-21,212,212,2020-10-19,2026-08-27,颍东:209 / (空):3,市局域名是 sthj.fy.gov.cn（不是 sthjj）。一个混合栏目：标题带【环评受理公示】【环评批前公示】【环评决定公告】前缀，三类混排，故三列同址；已打开确认有环评条目（含临泉、颍州等区县项目）；212条,
AH0405,AH0405,AH0405,,阜阳市交通运输局颍东分局,,,在用,区县,340000,341200,341203,颍东区,颍东,,,,,,本级政府部门,,是,,,阜阳市颍东区生态环境分局:2,其他部门,阜阳市|颍东|交通运输局分局,,,,,,,,2,2,2021-01-05,2021-02-18,颍东:2,,
AH0415,AH0415,AH0415,,颍东区政务服务大厅生态环境分局,,,在用,区县,340000,341200,341203,颍东区,颍东,,,,,,本级政府部门,,是,,,阜阳市颍东区生态环境分局:1,生态环境,阜阳市|颍东|政务服务大厅生态环境分局,3400-E006,,https://sthj.fy.gov.cn/OpennessContent/showList/31/8325/page_1.html,首页 > 政府信息公开 > 行政权力运行 > 行政权力运行结果 > 行政许可（环评）,,已核实,2026-09-21,1,1,2024-12-02,2024-12-02,颍东:1,市局域名是 sthj.fy.gov.cn（不是 sthjj）。一个混合栏目：标题带【环评受理公示】【环评批前公示】【环评决定公告】前缀，三类混排，故三列同址；已打开确认有环评条目（含临泉、颍州等区县项目）；1条,
AH0391,AH0391,AH0391,,阜阳市颍泉区生态环境分局,,,在用,区县,340000,341200,341204,颍泉区,颍泉,,,,,,本级政府部门,,是,,,阜阳市生态环境局:35 / 颍泉区政务服务中心生态环境分局:2 / 六安市霍邱县生态环境分局:1,生态环境,阜阳市|颍泉|生态环境分局,3400-E006,,https://sthj.fy.gov.cn/OpennessContent/showList/31/8325/page_1.html,首页 > 政府信息公开 > 行政权力运行 > 行政权力运行结果 > 行政许可（环评）,,已核实,2026-09-21,94,94,2019-11-04,2026-09-09,颍泉:92 / 颍州:1 / (空):1,市局域名是 sthj.fy.gov.cn（不是 sthjj）。一个混合栏目：标题带【环评受理公示】【环评批前公示】【环评决定公告】前缀，三类混排，故三列同址；已打开确认有环评条目（含临泉、颍州等区县项目）；94条,
AH0400,AH0400,AH0400,,颍泉区政务服务中心生态环境分局,,,在用,区县,340000,341200,341204,颍泉区,颍泉,,,,,,本级政府部门,,是,,,阜阳市颍泉区生态环境分局:2,生态环境,阜阳市|颍泉|生态环境,3400-E006,,https://sthj.fy.gov.cn/OpennessContent/showList/31/8325/page_1.html,首页 > 政府信息公开 > 行政权力运行 > 行政权力运行结果 > 行政许可（环评）,,已核实,2026-09-21,3,3,2021-05-28,2024-11-29,颍泉:3,市局域名是 sthj.fy.gov.cn（不是 sthjj）。一个混合栏目：标题带【环评受理公示】【环评批前公示】【环评决定公告】前缀，三类混排，故三列同址；已打开确认有环评条目（含临泉、颍州等区县项目）；3条,
AH0385,AH0385,AH0385,,阜阳市临泉县生态环境分局,,,在用,区县,340000,341200,341221,临泉县,临泉,,,,,,本级政府部门,,是,,,阜阳市生态环境局:151 / 临泉县住房和城乡建设局:9 / 临泉县政务服务中心生态环境分局:8,生态环境,阜阳市|临泉|生态环境分局,3400-E006,,https://sthj.fy.gov.cn/OpennessContent/showList/31/8325/page_1.html,首页 > 政府信息公开 > 行政权力运行 > 行政权力运行结果 > 行政许可（环评）,,已核实,2026-09-21,326,326,2020-12-04,2026-09-15,临泉:326,市局域名是 sthj.fy.gov.cn（不是 sthjj）。一个混合栏目：标题带【环评受理公示】【环评批前公示】【环评决定公告】前缀，三类混排，故三列同址；已打开确认有环评条目（含临泉、颍州等区县项目）；326条,
AH0397,AH0397,AH0397,,县政务服务中心生态环境分局,临泉县政务服务中心生态环境分局 / 临泉县环境保护局,,在用,区县,340000,341200,341221,临泉县,临泉,,,,,,本级政府部门,,是,,,,生态环境,阜阳市|临泉|生态环境,3400-E006,,https://sthj.fy.gov.cn/OpennessContent/showList/31/8325/page_1.html,首页 > 政府信息公开 > 行政权力运行 > 行政权力运行结果 > 行政许可（环评）,,已核实,2026-09-21,11,11,2016-04-21,2025-11-24,临泉:11,市局域名是 sthj.fy.gov.cn（不是 sthjj）。一个混合栏目：标题带【环评受理公示】【环评批前公示】【环评决定公告】前缀，三类混排，故三列同址；已打开确认有环评条目（含临泉、颍州等区县项目）；11条,
AH0388,AH0388,AH0388,,阜阳市太和县生态环境分局,,,在用,区县,340000,341200,341222,太和县,太和,,,,,,本级政府部门,,是,,,阜阳市生态环境局:30 / 阜阳市人民政府:3 / 太和县环境保护局:2,生态环境,阜阳市|太和|生态环境分局,3400-E006,,https://sthj.fy.gov.cn/OpennessContent/showList/31/8325/page_1.html,首页 > 政府信息公开 > 行政权力运行 > 行政权力运行结果 > 行政许可（环评）,,已核实,2026-09-21,186,186,2021-01-06,2026-09-17,太和:183 / (空):3,市局域名是 sthj.fy.gov.cn（不是 sthjj）。一个混合栏目：标题带【环评受理公示】【环评批前公示】【环评决定公告】前缀，三类混排，故三列同址；已打开确认有环评条目（含临泉、颍州等区县项目）；186条,
AH0398,AH0398,AH0398,,太和县环境保护局,,,在用,区县,340000,341200,341222,太和县,太和,,,,,,本级政府部门,,是,,,阜阳市太和县生态环境分局:3 / 和县环境保护局:1,生态环境,阜阳市|太和|生态环境,3400-E006,,https://sthj.fy.gov.cn/OpennessContent/showList/31/8325/page_1.html,首页 > 政府信息公开 > 行政权力运行 > 行政权力运行结果 > 行政许可（环评）,,已核实,2026-09-21,7,7,2021-03-18,2022-11-18,太和:5 / (空):2,市局域名是 sthj.fy.gov.cn（不是 sthjj）。一个混合栏目：标题带【环评受理公示】【环评批前公示】【环评决定公告】前缀，三类混排，故三列同址；已打开确认有环评条目（含临泉、颍州等区县项目）；7条,
AH0401,AH0401,AH0401,,太和县发展和改革委员会,,,在用,区县,340000,341200,341222,太和县,太和,,,,,,本级政府部门,,是,,,阜阳市太和县生态环境分局:1 / 阜阳市生态环境局:1,其他部门,阜阳市|太和|发展改革委员会,,,,,,,,2,2,2021-04-16,2022-11-10,太和:2,,
AH0402,AH0402,AH0402,,太和县经济和信息化局,,,在用,区县,340000,341200,341222,太和县,太和,,,,,,本级政府部门,,是,,,太和县环境保护局:1 / 阜阳市太和县生态环境分局:1,其他部门,阜阳市|太和|经济信息化局,,,,,,,,2,2,2021-09-14,2022-09-01,太和:2,,
AH0407,AH0407,AH0407,,太和县国土资源局,,,在用,区县,340000,341200,341222,太和县,太和,,,,,,本级政府部门,,是,,,,其他部门,阜阳市|太和|国土资源局,,,,,,,,1,1,2026-03-19,2026-03-19,太和:1,,
AH0408,AH0408,AH0408,,太和县大新镇人民政府,,,在用,区县,340000,341200,341222,太和县,太和,,,,,,本级政府部门,,是,,,阜阳市太和县生态环境分局:1,其他部门,阜阳市|太和|大新镇人民政府,,,,,,,,1,1,2022-06-24,2022-06-24,太和:1,,
AH0409,AH0409,AH0409,,太和县自然资源与规划局,,,在用,区县,340000,341200,341222,太和县,太和,,,,,,本级政府部门,,是,,,阜阳市生态环境局:1,其他部门,阜阳市|太和|自然资源与规划局,,,,,,,,1,1,2021-06-09,2021-06-09,太和:1,,
AH0410,AH0410,AH0410,,安徽省阜阳市太和县人民政府,,,在用,区县,340000,341200,341222,太和县,太和,,,,,,本级政府部门,,是,,,阜阳市太和县生态环境分局:1,其他部门,阜阳市|太和|人民政府,,,,,,,,1,1,2021-07-13,2021-07-13,太和:1,,
AH0386,AH0386,AH0386,,阜阳市阜南县生态环境分局,,,在用,区县,340000,341200,341225,阜南县,阜南,,,,,,本级政府部门,,是,,,阜阳市生态环境局:122 / 阜南县环境保护局:6 / 阜南县经济和信息化局:2,生态环境,阜阳市|阜南|生态环境分局,3400-E006,,https://sthj.fy.gov.cn/OpennessContent/showList/31/8325/page_1.html,首页 > 政府信息公开 > 行政权力运行 > 行政权力运行结果 > 行政许可（环评）,,已核实,2026-09-21,293,293,2019-12-12,2026-08-10,阜南:293,市局域名是 sthj.fy.gov.cn（不是 sthjj）。一个混合栏目：标题带【环评受理公示】【环评批前公示】【环评决定公告】前缀，三类混排，故三列同址；已打开确认有环评条目（含临泉、颍州等区县项目）；293条,
AH0394,AH0394,AH0394,,阜南县环境保护局,,,在用,区县,340000,341200,341225,阜南县,阜南,,,,,,本级政府部门,,是,,,阜阳市生态环境局:2 / 阜南县国土资源局:1,生态环境,阜阳市|阜南|生态环境,3400-E006,,https://sthj.fy.gov.cn/OpennessContent/showList/31/8325/page_1.html,首页 > 政府信息公开 > 行政权力运行 > 行政权力运行结果 > 行政许可（环评）,,已核实,2026-09-21,18,18,2018-04-17,2018-10-17,阜南:18,市局域名是 sthj.fy.gov.cn（不是 sthjj）。一个混合栏目：标题带【环评受理公示】【环评批前公示】【环评决定公告】前缀，三类混排，故三列同址；已打开确认有环评条目（含临泉、颍州等区县项目）；18条,
AH0383,AH0383,AH0383,,阜阳市颍上县生态环境分局,,,在用,区县,340000,341200,341226,颍上县,颍上,,,,,,本级政府部门,,是,,,阜阳市生态环境局:71 / 颍上县政务服务中心环保局:30 / 颍上县环境保护局:17,生态环境,阜阳市|颍上|生态环境分局,3400-E006,,https://sthj.fy.gov.cn/OpennessContent/showList/31/8325/page_1.html,首页 > 政府信息公开 > 行政权力运行 > 行政权力运行结果 > 行政许可（环评）,,已核实,2026-09-21,749,747,2016-12-05,2026-09-15,颍上:744 / (空):3,市局域名是 sthj.fy.gov.cn（不是 sthjj）。一个混合栏目：标题带【环评受理公示】【环评批前公示】【环评决定公告】前缀，三类混排，故三列同址；已打开确认有环评条目（含临泉、颍州等区县项目）；749条,
AH0390,AH0390,AH0390,,颍上县政务服务中心生态环境分局,市政务服务中心生态环境局 / 颍上县行政服务中心生态环境分局 / 颍上县政务服务中心环保局,,在用,区县,340000,341200,341226,颍上县,颍上,,,,,,本级政府部门,,是,,,阜阳市颍上县生态环境分局:10 / 阜阳市生态环境局:2,生态环境,阜阳市|颍上|生态环境,3400-E006,,https://sthj.fy.gov.cn/OpennessContent/showList/31/8325/page_1.html,首页 > 政府信息公开 > 行政权力运行 > 行政权力运行结果 > 行政许可（环评）,,已核实,2026-09-21,121,121,2018-03-20,2025-11-26,颍上:118 / 太和:1 / (空):1 / 临泉:1,市局域名是 sthj.fy.gov.cn（不是 sthjj）。一个混合栏目：标题带【环评受理公示】【环评批前公示】【环评决定公告】前缀，三类混排，故三列同址；已打开确认有环评条目（含临泉、颍州等区县项目）；121条,
AH0413,AH0413,AH0413,,颍上县城乡规划管理中心,,,在用,区县,340000,341200,341226,颍上县,颍上,,,,,,本级政府部门,,是,,,颍上县政务服务中心环保局:1,其他部门,阜阳市|颍上|城乡规划管理中心,,,,,,,,1,1,2017-05-19,2017-05-19,颍上:1,,
AH0414,AH0414,AH0414,,颍上县房地产管理局,,,在用,区县,340000,341200,341226,颍上县,颍上,,,,,,本级政府部门,,是,,,,其他部门,阜阳市|颍上|房地产管理局,,,,,,,,1,1,2018-04-13,2018-04-13,颍上:1,,
AH0384,AH0384,AH0384,,阜阳市界首市生态环境分局,,,在用,区县,340000,341200,341282,界首市,界首,,,,,,本级政府部门,,是,,,界首市环境保护局:202 / 界首市民中心生态环境分局:183 / 界首市行政审批局生态环境分局:55,生态环境,阜阳市|界首|生态环境分局,3400-E006,,https://sthj.fy.gov.cn/OpennessContent/showList/31/8325/page_1.html,首页 > 政府信息公开 > 行政权力运行 > 行政权力运行结果 > 行政许可（环评）,,已核实,2026-09-21,458,458,2018-12-07,2026-09-09,界首:458,市局域名是 sthj.fy.gov.cn（不是 sthjj）。一个混合栏目：标题带【环评受理公示】【环评批前公示】【环评决定公告】前缀，三类混排，故三列同址；已打开确认有环评条目（含临泉、颍州等区县项目）；458条,
AH0389,AH0389,AH0389,,界首市环境保护局,市行政审批局生态环境分局 / 界首市民中心生态环境分局 / 界首市行政审批局生态环境分局 / 界首市行政服务大厅环保局,,在用,区县,340000,341200,341282,界首市,界首,,,,,,本级政府部门,,是,,,阜阳市界首市生态环境分局:24 / 界首市民中心生态环境分局:12 / 市行政审批局生态环境分局:1,生态环境,阜阳市|界首|生态环境,3400-E006,,https://sthj.fy.gov.cn/OpennessContent/showList/31/8325/page_1.html,首页 > 政府信息公开 > 行政权力运行 > 行政权力运行结果 > 行政许可（环评）,,已核实,2026-09-21,124,124,2017-04-28,2025-09-25,界首:124,市局域名是 sthj.fy.gov.cn（不是 sthjj）。一个混合栏目：标题带【环评受理公示】【环评批前公示】【环评决定公告】前缀，三类混排，故三列同址；已打开确认有环评条目（含临泉、颍州等区县项目）；124条,
AH0404,AH0404,AH0404,,界首市行政审批局,,,在用,区县,340000,341200,341282,界首市,界首,,,,,,本级政府部门,,是,,,界首市行政审批局生态环境分局:1 / 阜阳市界首市生态环境分局:1,行政审批,阜阳市|界首|行政审批,3400-E006,,https://sthj.fy.gov.cn/OpennessContent/showList/31/8325/page_1.html,首页 > 政府信息公开 > 行政权力运行 > 行政权力运行结果 > 行政许可（环评）,,已核实,2026-09-21,2,2,2020-02-10,2020-03-18,界首:2,市局域名是 sthj.fy.gov.cn（不是 sthjj）。一个混合栏目：标题带【环评受理公示】【环评批前公示】【环评决定公告】前缀，三类混排，故三列同址；已打开确认有环评条目（含临泉、颍州等区县项目）；2条,
AH0382,AH0382,AH0382,,阜阳市生态环境局,安徽省阜阳市民中心生态环境局 / 阳市生态环境局,,在用,市本级,340000,341200,,阜阳市,阜阳,,,,,,本级政府部门,,是,,,阜阳市太和县生态环境分局:199 / 阜阳市颍东区生态环境分局:79 / 阜阳市临泉县生态环境分局:63,生态环境,阜阳市|市本级|生态环境,3400-E006,,https://sthj.fy.gov.cn/OpennessContent/showList/31/8325/page_1.html,首页 > 政府信息公开 > 行政权力运行 > 行政权力运行结果 > 行政许可（环评）,,已核实,2026-09-21,1073,1071,2016-08-16,2026-09-11,太和:300 / (空):168 / 临泉:166 / 颍东:144,市局域名是 sthj.fy.gov.cn（不是 sthjj）。一个混合栏目：标题带【环评受理公示】【环评批前公示】【环评决定公告】前缀，三类混排，故三列同址；已打开确认有环评条目（含临泉、颍州等区县项目）；1073条,
AH0392,AH0392,AH0392,,安徽阜阳经济开发区管理委员会,,,在用,开发区/园区,340000,341200,,,,341200-Z02,本级开发区,,,,,,否,,,阜阳市生态环境局:5 / 阜阳市环境保护局阜阳经济技术开发区分局:4 / 阜阳市生态环境局(阜阳经济开发区生态环境所):3,开发区管委会,阜阳市|本级开发区|行政审批,3400-E006,,https://sthj.fy.gov.cn/OpennessContent/showList/31/8325/page_1.html,首页 > 政府信息公开 > 行政权力运行 > 行政权力运行结果 > 行政许可（环评）,,已核实,2026-09-21,37,37,2023-08-02,2025-09-09,颍州:20 / (空):17,市局域名是 sthj.fy.gov.cn（不是 sthjj）。一个混合栏目：标题带【环评受理公示】【环评批前公示】【环评决定公告】前缀，三类混排，故三列同址；已打开确认有环评条目（含临泉、颍州等区县项目）；37条,
AH0395,AH0395,AH0395,,阜阳市生态环境局(阜阳经济开发区生态环境所),阜阳市环境保护局阜阳经济技术开发区分局 / 阜阳经济技术开发区应急管理和生态环境局,阜阳经济开发区生态环境所,在用,开发区/园区,340000,341200,,,,341200-Z02,本级开发区,,,,,,否,,,阜阳市生态环境局:7 / 安徽阜阳经济开发区管理委员会:1 / 阜阳市临泉县生态环境分局:1,生态环境,阜阳市|本级开发区|生态环境,3400-E006,,https://sthj.fy.gov.cn/OpennessContent/showList/31/8325/page_1.html,首页 > 政府信息公开 > 行政权力运行 > 行政权力运行结果 > 行政许可（环评）,,已核实,2026-09-21,17,17,2022-02-16,2026-07-15,(空):13 / 颍州:4,市局域名是 sthj.fy.gov.cn（不是 sthjj）。一个混合栏目：标题带【环评受理公示】【环评批前公示】【环评决定公告】前缀，三类混排，故三列同址；已打开确认有环评条目（含临泉、颍州等区县项目）；17条,
AH0396,AH0396,AH0396,,阜阳市人民政府,,,在用,市本级,340000,341200,,阜阳市,阜阳,,,,,,本级政府部门,,是,,,阜阳市太和县生态环境分局:12 / 阜阳市生态环境局:2 / 太和县国土资源局:1,其他部门,阜阳市|市本级|人民政府,,,,,,,,14,14,2021-08-24,2022-09-19,太和:14,,
AH0399,AH0399,AH0399,,阜阳经开区经济科技发展局,,,在用,开发区/园区,340000,341200,,,,341200-Z02,本级开发区,,,,,,否,,,,其他部门,阜阳市|本级开发区|经开区经济科技发展局,,,,,,,,4,4,2023-04-20,2023-05-16,颍州:4,,
AH0403,AH0403,AH0403,,安徽临泉经济开发区管理委员会,,,在用,开发区/园区,340000,341200,,,,341200-Z01,临泉开发区,,,,,,否,,,阜阳市临泉县生态环境分局:1 / 阜阳市生态环境局:1,开发区管委会,阜阳市|临泉开发区|行政审批,3400-E006,,https://sthj.fy.gov.cn/OpennessContent/showList/31/8325/page_1.html,首页 > 政府信息公开 > 行政权力运行 > 行政权力运行结果 > 行政许可（环评）,,已核实,2026-09-21,2,2,2020-10-26,2024-09-02,临泉:2,市局域名是 sthj.fy.gov.cn（不是 sthjj）。一个混合栏目：标题带【环评受理公示】【环评批前公示】【环评决定公告】前缀，三类混排，故三列同址；已打开确认有环评条目（含临泉、颍州等区县项目）；2条,
AH0406,AH0406,AH0406,,阜阳经济开发区经济科技发展局,,,在用,开发区/园区,340000,341200,,,,341200-Z02,本级开发区,,,,,,否,,,安徽阜阳经济开发区管理委员会:2,其他部门,阜阳市|本级开发区|经济开发区经济科技发展局,,,,,,,,2,2,2024-04-28,2024-05-22,颍州:1 / (空):1,,
AH0411,AH0411,AH0411,,阜合园区管委会,,,在用,开发区/园区,340000,341200,,,,341200-Z04,阜合园区,,,,,,否,,,阜阳合肥现代产业园区管理委员会:1,开发区管委会,阜阳市|阜合园区|行政审批,3400-E006,,https://sthj.fy.gov.cn/OpennessContent/showList/31/8325/page_1.html,首页 > 政府信息公开 > 行政权力运行 > 行政权力运行结果 > 行政许可（环评）,,已核实,2026-09-21,1,1,2026-07-13,2026-07-13,(空):1,,
AH0412,AH0412,AH0412,,阜阳合肥现代产业园区管理委员会,,,在用,开发区/园区,340000,341200,,,,341200-Z03,现代园区,,,,,,否,,,,开发区管委会,阜阳市|现代园区|行政审批,,,,,,,,1,1,2026-07-22,2026-07-22,(空):1,,
AH0187,AH0187,AH0187,,宿州市生态环境局埇桥分局,埇桥区政务服务中心环保局 / 宿州市埇桥区环境保护局,,在用,区县,340000,341300,341302,埇桥区,埇桥,,,,,,本级政府部门,,是,,,宿州市埇桥区生态环境分局:147 / 宿州市生态环境局:45 / 宿州市埇桥区环境保护局:5,生态环境,宿州市|埇桥|生态环境,3400-E014,,https://sthjj.ahsz.gov.cn/hbyw/jsxmhjyxpj/index.html?type=HPSL,首页 > 环保业务 > 建设项目环境影响评价 > 受理公示 / 拟审批意见 / 已批复项目,,已核实,2026-09-21,255,255,2015-05-29,2026-09-14,埇桥:244 / (空):11,三类分栏（同一页面按 type 参数切换），受理公示栏目已打开确认有环评条目（含萧县开发区项目）；另有部分开发区公示发在开发区门户的通知公告里（已见宿州高新区 gxq.ahsz.gov.cn），本次按市局栏目统一给；255条,
AH0201,AH0201,AH0201,,宿州市埇桥区水利局,,,在用,区县,340000,341300,341302,埇桥区,埇桥,,,,,,本级政府部门,,是,,,宿州市埇桥区生态环境分局:1,其他部门,宿州市|埇桥|水利局,,,,,,,,1,1,2021-01-25,2021-01-25,埇桥:1,,
AH0189,AH0189,AH0189,,宿州市砀山县生态环境分局,,,在用,区县,340000,341300,341321,砀山县,砀山,,,,,,本级政府部门,,是,,,山县生态环境分局:29 / 砀山县行政服务中心生态环境分局:20 / 宿州市生态环境局:14,生态环境,宿州市|砀山|生态环境分局,3400-E014,,https://sthjj.ahsz.gov.cn/hbyw/jsxmhjyxpj/index.html?type=HPSL,首页 > 环保业务 > 建设项目环境影响评价 > 受理公示 / 拟审批意见 / 已批复项目,,已核实,2026-09-21,155,155,2018-10-16,2026-09-01,砀山:153 / 埇桥:2,三类分栏（同一页面按 type 参数切换），受理公示栏目已打开确认有环评条目（含萧县开发区项目）；另有部分开发区公示发在开发区门户的通知公告里（已见宿州高新区 gxq.ahsz.gov.cn），本次按市局栏目统一给；155条,
AH0195,AH0195,AH0195,,砀山县行政服务中心砀山县生态环境分局,,,在用,区县,340000,341300,341321,砀山县,砀山,,,,,,本级政府部门,,是,,,宿州市砀山县生态环境分局:22 / 山县生态环境分局:5 / 宿州市生态环境局:4,生态环境,宿州市|砀山|生态环境,3400-E014,,https://sthjj.ahsz.gov.cn/hbyw/jsxmhjyxpj/index.html?type=HPSL,首页 > 环保业务 > 建设项目环境影响评价 > 受理公示 / 拟审批意见 / 已批复项目,,已核实,2026-09-21,29,29,2020-09-02,2023-06-16,砀山:29,三类分栏（同一页面按 type 参数切换），受理公示栏目已打开确认有环评条目（含萧县开发区项目）；另有部分开发区公示发在开发区门户的通知公告里（已见宿州高新区 gxq.ahsz.gov.cn），本次按市局栏目统一给；29条,
AH0191,AH0191,AH0191,,宿州市生态环境局萧县分局,,,在用,区县,340000,341300,341322,萧县,萧县,,,,,,本级政府部门,,是,,,宿州市萧县生态环境分局:17 / 宿州市生态环境局:9,生态环境,宿州市|萧|生态环境,3400-E014,,https://sthjj.ahsz.gov.cn/hbyw/jsxmhjyxpj/index.html?type=HPSL,首页 > 环保业务 > 建设项目环境影响评价 > 受理公示 / 拟审批意见 / 已批复项目,,已核实,2026-09-21,70,70,2020-01-10,2020-10-23,萧县:70,三类分栏（同一页面按 type 参数切换），受理公示栏目已打开确认有环评条目（含萧县开发区项目）；另有部分开发区公示发在开发区门户的通知公告里（已见宿州高新区 gxq.ahsz.gov.cn），本次按市局栏目统一给；70条,
AH0192,AH0192,AH0192,,宿州市萧县生态环境分局,宿州市生态环境萧县分局,,在用,区县,340000,341300,341322,萧县,萧县,,,,,,本级政府部门,,是,,,宿州市生态环境局:1,生态环境,宿州市|萧|生态环境分局,3400-E014,,https://sthjj.ahsz.gov.cn/hbyw/jsxmhjyxpj/index.html?type=HPSL,首页 > 环保业务 > 建设项目环境影响评价 > 受理公示 / 拟审批意见 / 已批复项目,,已核实,2026-09-21,63,63,2021-06-25,2026-06-29,萧县:63,三类分栏（同一页面按 type 参数切换），受理公示栏目已打开确认有环评条目（含萧县开发区项目）；另有部分开发区公示发在开发区门户的通知公告里（已见宿州高新区 gxq.ahsz.gov.cn），本次按市局栏目统一给；63条,
AH0190,AH0190,AH0190,,宿州市灵璧县生态环境分局,,,在用,区县,340000,341300,341323,灵璧县,灵璧,,,,,,本级政府部门,,是,,,宿州市生态环境局:24 / 灵璧县政务服务中心生态环境分局:6 / 灵璧县生态环境部门:1,生态环境,宿州市|灵璧|生态环境分局,3400-E014,,https://sthjj.ahsz.gov.cn/hbyw/jsxmhjyxpj/index.html?type=HPSL,首页 > 环保业务 > 建设项目环境影响评价 > 受理公示 / 拟审批意见 / 已批复项目,,已核实,2026-09-21,100,100,2020-09-24,2026-09-02,灵璧:100,三类分栏（同一页面按 type 参数切换），受理公示栏目已打开确认有环评条目（含萧县开发区项目）；另有部分开发区公示发在开发区门户的通知公告里（已见宿州高新区 gxq.ahsz.gov.cn），本次按市局栏目统一给；100条,
AH0193,AH0193,AH0193,,灵璧县政务服务中心生态环境分局,,,在用,区县,340000,341300,341323,灵璧县,灵璧,,,,,,本级政府部门,,是,,,宿州市灵璧县生态环境分局:24 / 宿州市生态环境局:18,生态环境,宿州市|灵璧|生态环境,3400-E014,,https://sthjj.ahsz.gov.cn/hbyw/jsxmhjyxpj/index.html?type=HPSL,首页 > 环保业务 > 建设项目环境影响评价 > 受理公示 / 拟审批意见 / 已批复项目,,已核实,2026-09-21,41,41,2021-08-30,2025-04-14,灵璧:41,三类分栏（同一页面按 type 参数切换），受理公示栏目已打开确认有环评条目（含萧县开发区项目）；另有部分开发区公示发在开发区门户的通知公告里（已见宿州高新区 gxq.ahsz.gov.cn），本次按市局栏目统一给；41条,
AH0202,AH0202,AH0202,,灵璧县住房和城乡建设局,,,在用,区县,340000,341300,341323,灵璧县,灵璧,,,,,,本级政府部门,,是,,,宿州市灵璧县生态环境分局:1,其他部门,宿州市|灵璧|住房城乡建设局,,,,,,,,1,1,2022-05-19,2022-05-19,灵璧:1,,
AH0188,AH0188,AH0188,,宿州市泗县生态环境分局,,,在用,区县,340000,341300,341324,泗县,泗县,,,,,,本级政府部门,,是,,,宿州市生态环境局:90 / 泗县发展和改革委员会:8 / 泗县经济和信息化局:4,生态环境,宿州市|泗|生态环境分局,3400-E014,,https://sthjj.ahsz.gov.cn/hbyw/jsxmhjyxpj/index.html?type=HPSL,首页 > 环保业务 > 建设项目环境影响评价 > 受理公示 / 拟审批意见 / 已批复项目,,已核实,2026-09-21,238,237,2018-05-10,2026-07-22,泗县:236 / (空):1,三类分栏（同一页面按 type 参数切换），受理公示栏目已打开确认有环评条目（含萧县开发区项目）；另有部分开发区公示发在开发区门户的通知公告里（已见宿州高新区 gxq.ahsz.gov.cn），本次按市局栏目统一给；238条,
AH0197,AH0197,AH0197,,泗县企业服务大厅生态环境分局,,,在用,区县,340000,341300,341324,泗县,泗县,,,,,,本级政府部门,,是,,,宿州市泗县生态环境分局:6 / 宿州市生态环境局:6,生态环境,宿州市|泗|企业服务大厅生态环境分局,3400-E014,,https://sthjj.ahsz.gov.cn/hbyw/jsxmhjyxpj/index.html?type=HPSL,首页 > 环保业务 > 建设项目环境影响评价 > 受理公示 / 拟审批意见 / 已批复项目,,已核实,2026-09-21,9,9,2022-05-16,2022-09-16,泗县:9,三类分栏（同一页面按 type 参数切换），受理公示栏目已打开确认有环评条目（含萧县开发区项目）；另有部分开发区公示发在开发区门户的通知公告里（已见宿州高新区 gxq.ahsz.gov.cn），本次按市局栏目统一给；9条,
AH0199,AH0199,AH0199,,安徽省宿州市泗县人民政府,,,在用,区县,340000,341300,341324,泗县,泗县,,,,,,本级政府部门,,是,,,宿州市泗县生态环境分局:3 / 宿州市生态环境局:1,其他部门,宿州市|泗|人民政府,,,,,,,,3,3,2025-06-05,2025-06-09,泗县:3,,
AH0186,AH0186,AH0186,,宿州市生态环境局经开管理中心,宿州市生态环境局高新管理中心 / 宿州市生态环境局 / 宿州市生态环境局宿马管理中心 / 宿州市政务服务中心生态环境局,,在用,市本级,340000,341300,,宿州市,宿州,,,,,,本级政府部门,,是,,,,生态环境,宿州市|市本级|生态环境,3400-E014,,https://sthjj.ahsz.gov.cn/hbyw/jsxmhjyxpj/index.html?type=HPSL,首页 > 环保业务 > 建设项目环境影响评价 > 受理公示 / 拟审批意见 / 已批复项目,,已核实,2026-09-21,1437,1437,2014-09-28,2026-09-15,埇桥:650 / 灵璧:249 / (空):247 / 萧县:136,三类分栏（同一页面按 type 参数切换），受理公示栏目已打开确认有环评条目（含萧县开发区项目）；另有部分开发区公示发在开发区门户的通知公告里（已见宿州高新区 gxq.ahsz.gov.cn），本次按市局栏目统一给；1437条,
AH0194,AH0194,AH0194,,宿州市生态环境局经济技术开发区分局,,,在用,开发区/园区,340000,341300,,,,341300-Z02,本级开发区,,,,,,否,,,宿州市生态环境局:1 / 宿州经济技术开发区:1,生态环境,宿州市|本级开发区|生态环境,3400-E014,,https://sthjj.ahsz.gov.cn/hbyw/jsxmhjyxpj/index.html?type=HPSL,首页 > 环保业务 > 建设项目环境影响评价 > 受理公示 / 拟审批意见 / 已批复项目,,已核实,2026-09-21,36,36,2022-02-15,2024-03-05,(空):36,三类分栏（同一页面按 type 参数切换），受理公示栏目已打开确认有环评条目（含萧县开发区项目）；另有部分开发区公示发在开发区门户的通知公告里（已见宿州高新区 gxq.ahsz.gov.cn），本次按市局栏目统一给；36条,
AH0196,AH0196,AH0196,,宿州市环境保护局高新区分局,,,在用,开发区/园区,340000,341300,,,,341300-Z03,本级高新区,,,,,,否,,,,生态环境,宿州市|本级高新区|生态环境,3400-E014,,https://sthjj.ahsz.gov.cn/hbyw/jsxmhjyxpj/index.html?type=HPSL,首页 > 环保业务 > 建设项目环境影响评价 > 受理公示 / 拟审批意见 / 已批复项目,,已核实,2026-09-21,12,12,2017-07-31,2022-03-18,(空):12,三类分栏（同一页面按 type 参数切换），受理公示栏目已打开确认有环评条目（含萧县开发区项目）；另有部分开发区公示发在开发区门户的通知公告里（已见宿州高新区 gxq.ahsz.gov.cn），本次按市局栏目统一给；12条,
AH0198,AH0198,AH0198,,宿州市生态环境局宿马现代产业园区分局,宿州市环境保护局宿马现代产业园区分局 / 宿州市生态环境局宿马园区环保分局,,在用,开发区/园区,340000,341300,,,,341300-Z01,宿马现代园区,,,,,,否,,,宿州市生态环境局:1,生态环境,宿州市|宿马现代园区|生态环境,3400-E014,,https://sthjj.ahsz.gov.cn/hbyw/jsxmhjyxpj/index.html?type=HPSL,首页 > 环保业务 > 建设项目环境影响评价 > 受理公示 / 拟审批意见 / 已批复项目,,已核实,2026-09-21,6,6,2014-09-02,2024-03-28,埇桥:5 / (空):1,三类分栏（同一页面按 type 参数切换），受理公示栏目已打开确认有环评条目（含萧县开发区项目）；另有部分开发区公示发在开发区门户的通知公告里（已见宿州高新区 gxq.ahsz.gov.cn），本次按市局栏目统一给；6条,
AH0200,AH0200,AH0200,,宿州市城市管理局,,,在用,市本级,340000,341300,,宿州市,宿州,,,,,,本级政府部门,,是,,,宿州市生态环境局:1,其他部门,宿州市|市本级|城市管理局,,,,,,,,2,2,2016-09-26,2017-04-17,(空):1 / 埇桥:1,,
AH0032,AH0032,AH0032,,六安市金安区生态环境分局,,,在用,区县,340000,341500,341502,金安区,金安,,,,,,本级政府部门,,是,,,六安市金安区环境保护局:40 / 六安市金安区环生态环境分局:19 / 六安市生态环境局:11,生态环境,六安市|金安|生态环境分局,3400-E011,,https://sthjj.luan.gov.cn/hbyw/xzsp/slxmgs/index.html,首页 > 环保业务 > 行政审批 > 受理项目公示 / 拟批准项目公示 / 批准项目公告,,已核实,2026-09-21,386,386,2017-09-13,2026-09-15,金安:378 / (空):8,三类分栏，栏目已打开确认有环评条目；386条,
AH0035,AH0035,AH0035,,六安市金安区环境保护局,安市金安区环境保护局,,在用,区县,340000,341500,341502,金安区,金安,,,,,,本级政府部门,,是,,,六安市金安区生态环境分局:5,生态环境,六安市|金安|生态环境,3400-E011,,https://sthjj.luan.gov.cn/hbyw/xzsp/slxmgs/index.html,首页 > 环保业务 > 行政审批 > 受理项目公示 / 拟批准项目公示 / 批准项目公告,,已核实,2026-09-21,48,48,2016-02-04,2026-04-28,金安:48,三类分栏，栏目已打开确认有环评条目；48条,
AH0046,AH0046,AH0046,,六安市金安区环境分局,,,在用,区县,340000,341500,341502,金安区,金安,,,,,,本级政府部门,,是,,,六安市金安区生态环境分局:1,其他部门,六安市|金安|环境分局,,,,,,,,1,1,2020-09-24,2020-09-24,金安:1,,
AH0048,AH0048,AH0048,,安市金安区生态环境分局,,,在用,区县,340000,341500,341502,金安区,金安,,,,,,本级政府部门,,是,,,六安市金安区生态环境分局:1,生态环境,六安市|金安|安市生态环境分局,3400-E011,,https://sthjj.luan.gov.cn/hbyw/xzsp/slxmgs/index.html,首页 > 环保业务 > 行政审批 > 受理项目公示 / 拟批准项目公示 / 批准项目公告,,已核实,2026-09-21,1,1,2020-07-07,2020-07-07,金安:1,三类分栏，栏目已打开确认有环评条目；1条,
AH0028,AH0028,AH0028,,六安市裕安区生态环境分局,,,在用,区县,340000,341500,341503,裕安区,裕安,,,,,,本级政府部门,,是,,,六安市生态环境局:191 / 六安市裕安区交通运输局:144 / 六安市裕安区水利局:6,生态环境,六安市|裕安|生态环境分局,3400-E011,,https://sthjj.luan.gov.cn/hbyw/xzsp/slxmgs/index.html,首页 > 环保业务 > 行政审批 > 受理项目公示 / 拟批准项目公示 / 批准项目公告,,已核实,2026-09-21,928,928,2016-09-06,2026-08-26,裕安:927 / (空):1,三类分栏，栏目已打开确认有环评条目；928条,
AH0038,AH0038,AH0038,,六安市裕安区生态环境部门,,,在用,区县,340000,341500,341503,裕安区,裕安,,,,,,本级政府部门,,是,,,六安市裕安区生态环境分局:5 / 六安市生态环境局:2,生态环境,六安市|裕安|生态环境,3400-E011,,https://sthjj.luan.gov.cn/hbyw/xzsp/slxmgs/index.html,首页 > 环保业务 > 行政审批 > 受理项目公示 / 拟批准项目公示 / 批准项目公告,,已核实,2026-09-21,5,5,2025-06-26,2025-07-30,裕安:5,三类分栏，栏目已打开确认有环评条目；5条,
AH0039,AH0039,AH0039,,六安市裕安区教育体育局,,,在用,区县,340000,341500,341503,裕安区,裕安,,,,,,本级政府部门,,是,,,,其他部门,六安市|裕安|教育体育局,,,,,,,,2,2,2021-01-06,2022-02-11,裕安:2,,
AH0040,AH0040,AH0040,,六安市裕安区水利局,,,在用,区县,340000,341500,341503,裕安区,裕安,,,,,,本级政府部门,,是,,,六安市生态环境局:2 / 六安市裕安区生态环境分局:2,其他部门,六安市|裕安|水利局,,,,,,,,2,2,2022-01-12,2023-10-10,裕安:2,,
AH0045,AH0045,AH0045,,六安市裕安区文化和旅游局,,,在用,区县,340000,341500,341503,裕安区,裕安,,,,,,本级政府部门,,是,,,六安市裕安区生态环境分局:1,其他部门,六安市|裕安|文化旅游局,,,,,,,,1,1,2020-11-02,2020-11-02,裕安:1,,
AH0034,AH0034,AH0034,,六安市叶集区生态环境分局,,,在用,区县,340000,341500,341504,叶集区,叶集,,,,,,本级政府部门,,是,,,六安市生态环境局:5 / 六安市生态环境局叶集分局:4 / 六安市叶集区生环境分局:2,生态环境,六安市|叶集|生态环境分局,3400-E011,,https://sthjj.luan.gov.cn/hbyw/xzsp/slxmgs/index.html,首页 > 环保业务 > 行政审批 > 受理项目公示 / 拟批准项目公示 / 批准项目公告,,已核实,2026-09-21,216,216,2018-02-13,2025-05-28,叶集:216,三类分栏，栏目已打开确认有环评条目；216条,
AH0029,AH0029,AH0029,,六安市霍邱县生态环境分局,,,在用,区县,340000,341500,341522,霍邱县,霍邱,,,,,,本级政府部门,,是,,,六安市生态环境局:122 / 霍邱县城关镇卧阳路北段环保局:35 / 霍邱县经济和信息化局:32,生态环境,六安市|霍邱|生态环境分局,3400-E011,,https://sthjj.luan.gov.cn/hbyw/xzsp/slxmgs/index.html,首页 > 环保业务 > 行政审批 > 受理项目公示 / 拟批准项目公示 / 批准项目公告,,已核实,2026-09-21,696,683,2014-01-28,2026-07-29,霍邱:681 / (空):2,三类分栏，栏目已打开确认有环评条目；696条,
AH0049,AH0049,AH0049,,安市霍邱县生态环境分局,,,在用,区县,340000,341500,341522,霍邱县,霍邱,,,,,,本级政府部门,,是,,,六安市生态环境局:1 / 六安市霍邱县生态环境分局:1,生态环境,六安市|霍邱|安市生态环境分局,3400-E011,,https://sthjj.luan.gov.cn/hbyw/xzsp/slxmgs/index.html,首页 > 环保业务 > 行政审批 > 受理项目公示 / 拟批准项目公示 / 批准项目公告,,已核实,2026-09-21,1,1,2020-09-01,2020-09-01,霍邱:1,三类分栏，栏目已打开确认有环评条目；1条,
AH0053,AH0053,AH0053,,霍邱县住房和城乡建设局,,,在用,区县,340000,341500,341522,霍邱县,霍邱,,,,,,本级政府部门,,是,,,六安市生态环境局:1 / 六安市霍邱县生态环境分局:1,其他部门,六安市|霍邱|住房城乡建设局,,,,,,,,1,1,2021-01-05,2021-01-05,霍邱:1,,
AH0030,AH0030,AH0030,,六安市舒城县生态环境分局,城县生态环境分局,,在用,区县,340000,341500,341523,舒城县,舒城,,,,,,本级政府部门,,是,,,六安市生态环境局:48 / 舒城县桃溪路生态环境分局:3 / 舒城县桃溪东路生态环境分局:1,生态环境,六安市|舒城|生态环境分局,3400-E011,,https://sthjj.luan.gov.cn/hbyw/xzsp/slxmgs/index.html,首页 > 环保业务 > 行政审批 > 受理项目公示 / 拟批准项目公示 / 批准项目公告,,已核实,2026-09-21,463,463,2016-11-25,2026-04-29,舒城:463,三类分栏，栏目已打开确认有环评条目；463条,
AH0037,AH0037,AH0037,,舒城县桃溪路生态环境分局,,,在用,区县,340000,341500,341523,舒城县,舒城,,,,,,本级政府部门,,是,,,六安市舒城县生态环境分局:20 / 六安市生态环境局:4 / 舒城县自然资源和规划局:1,生态环境,六安市|舒城|桃溪路生态环境分局,3400-E011,,https://sthjj.luan.gov.cn/hbyw/xzsp/slxmgs/index.html,首页 > 环保业务 > 行政审批 > 受理项目公示 / 拟批准项目公示 / 批准项目公告,,已核实,2026-09-21,20,20,2023-01-06,2023-05-24,舒城:20,三类分栏，栏目已打开确认有环评条目；20条,
AH0033,AH0033,AH0033,,六安市金寨县生态环境分局,,,在用,区县,340000,341500,341524,金寨县,金寨,,,,,,本级政府部门,,是,,,六安市生态环境局:2 / 安市金寨县生态环境分局:1,生态环境,六安市|金寨|生态环境分局,3400-E011,,https://sthjj.luan.gov.cn/hbyw/xzsp/slxmgs/index.html,首页 > 环保业务 > 行政审批 > 受理项目公示 / 拟批准项目公示 / 批准项目公告,,已核实,2026-09-21,381,381,2018-12-20,2026-08-26,金寨:375 / (空):6,三类分栏，栏目已打开确认有环评条目；381条,
AH0042,AH0042,AH0042,,安市金寨县生态环境分局,,,在用,区县,340000,341500,341524,金寨县,金寨,,,,,,本级政府部门,,是,,,六安市金寨县生态环境分局:2,生态环境,六安市|金寨|安市生态环境分局,3400-E011,,https://sthjj.luan.gov.cn/hbyw/xzsp/slxmgs/index.html,首页 > 环保业务 > 行政审批 > 受理项目公示 / 拟批准项目公示 / 批准项目公告,,已核实,2026-09-21,2,2,2021-05-31,2021-06-17,金寨:2,三类分栏，栏目已打开确认有环评条目；2条,
AH0047,AH0047,AH0047,,六安市金寨县环境分局,,,在用,区县,340000,341500,341524,金寨县,金寨,,,,,,本级政府部门,,是,,,六安市金寨县生态环境分局:1,其他部门,六安市|金寨|环境分局,,,,,,,,1,1,2021-08-03,2021-08-03,金寨:1,,
AH0050,AH0050,AH0050,,金寨县教育局,,,在用,区县,340000,341500,341524,金寨县,金寨,,,,,,本级政府部门,,是,,,六安市金寨县生态环境分局:1,其他部门,六安市|金寨|教育局,,,,,,,,1,1,2021-06-29,2021-06-29,金寨:1,,
AH0031,AH0031,AH0031,,六安市霍山县生态环境分局,生态环境分局,,在用,区县,340000,341500,341525,霍山县,霍山,,,,,,本级政府部门,,是,,,六安市生态环境局:50 / 霍山县水务局:4 / 霍山县农业农村局:2,生态环境,六安市|霍山|生态环境分局,3400-E011,,https://sthjj.luan.gov.cn/hbyw/xzsp/slxmgs/index.html,首页 > 环保业务 > 行政审批 > 受理项目公示 / 拟批准项目公示 / 批准项目公告,,已核实,2026-09-21,456,456,2015-03-18,2026-07-30,霍山:456,三类分栏，栏目已打开确认有环评条目；456条,
AH0043,AH0043,AH0043,,霍山县水务局,,,在用,区县,340000,341500,341525,霍山县,霍山,,,,,,本级政府部门,,是,,,六安市霍山县生态环境分局:2,其他部门,六安市|霍山|水务局,,,,,,,,2,2,2022-02-23,2024-06-07,霍山:2,,
AH0051,AH0051,AH0051,,霍山县农业农村局,,,在用,区县,340000,341500,341525,霍山县,霍山,,,,,,本级政府部门,,是,,,,其他部门,六安市|霍山|农业农村局,,,,,,,,1,1,2023-08-25,2023-08-25,霍山:1,,
AH0052,AH0052,AH0052,,霍山县民政局,,,在用,区县,340000,341500,341525,霍山县,霍山,,,,,,本级政府部门,,是,,,,其他部门,六安市|霍山|民政局,,,,,,,,1,1,2019-11-01,2019-11-01,霍山:1,,
AH0027,AH0027,AH0027,,六安市生态环境局,,,在用,市本级,340000,341500,,六安市,六安,,,,,,本级政府部门,,是,,,六安市霍山县生态环境分局:58 / 六安市裕安区生态环境分局:50 / 六安市霍邱县生态环境分局:20,生态环境,六安市|市本级|生态环境,3400-E011,,https://sthjj.luan.gov.cn/hbyw/xzsp/slxmgs/index.html,首页 > 环保业务 > 行政审批 > 受理项目公示 / 拟批准项目公示 / 批准项目公告,,已核实,2026-09-21,1143,1138,2014-11-20,2026-09-11,(空):593 / 裕安:109 / 霍山:87 / 霍邱:86,三类分栏，栏目已打开确认有环评条目；1143条,
AH0036,AH0036,AH0036,,六安经济技术开发区生态环境分局,,,在用,开发区/园区,340000,341500,,,,341500-Z01,本级开发区,,,,,,否,,,六安市生态环境局:4 / 六安经济技术开发区管理委员会:3 / 生态环境分局:2,生态环境,六安市|本级开发区|经济技术开发区生态环境分局,3400-E011,,https://sthjj.luan.gov.cn/hbyw/xzsp/slxmgs/index.html,首页 > 环保业务 > 行政审批 > 受理项目公示 / 拟批准项目公示 / 批准项目公告,,已核实,2026-09-21,32,32,2020-02-20,2025-07-31,(空):32,三类分栏，栏目已打开确认有环评条目；32条,
AH0041,AH0041,AH0041,,六安经济技术开发区管理委员会政务服务管理局,六安经济技术开发区管理委员会,,在用,开发区/园区,340000,341500,,,,341500-Z01,本级开发区,,,,,,否,,,六安经济技术开发区生态环境分局:1 / 六安经济技术开发区管理委员会:1,行政审批,六安市|本级开发区|行政审批,3400-E011,,https://sthjj.luan.gov.cn/hbyw/xzsp/slxmgs/index.html,首页 > 环保业务 > 行政审批 > 受理项目公示 / 拟批准项目公示 / 批准项目公告,,已核实,2026-09-21,2,2,2024-11-27,2024-11-27,(空):2,三类分栏，栏目已打开确认有环评条目；2条,
AH0044,AH0044,AH0044,,六安市数据资源管理局,,,在用,市本级,340000,341500,,六安市,六安,,,,,,本级政府部门,,是,,,,行政审批,六安市|市本级|数据资源管理局,3400-E011,,https://sthjj.luan.gov.cn/hbyw/xzsp/slxmgs/index.html,首页 > 环保业务 > 行政审批 > 受理项目公示 / 拟批准项目公示 / 批准项目公告,,已核实,2026-09-21,1,1,2022-04-14,2022-04-14,(空):1,三类分栏，栏目已打开确认有环评条目；1条,
AH0009,AH0009,AH0009,,亳州市谯城区生态环境分局,,,在用,区县,340000,341600,341602,谯城区,谯城,,,,,,本级政府部门,,是,,,亳州市谯城区环境保护局:87 / 亳州市生态环境局:40 / 亳州市谯城区经济和信息化局:7,生态环境,亳州市|谯城|生态环境分局,3400-E012,,https://www.bozhou.gov.cn/XxgkContent/showList/295/260225/page_1.html,亳州市人民政府 > 政府信息公开 > 市政府办 > 建设项目环境影响评价审批,,已核实,2026-09-21,402,402,2022-05-16,2026-09-07,谯城:385 / (空):17,市局站点没有环评栏目，公示发在市政府门户的「建设项目环境影响评价审批」组配分类里，受理公示 / 拟审批公示 / 审批结果公示 / 批复混排，故三列同址；已打开确认有环评条目（含高新区分局的项目）；该门户有人机验证，首次打开要等几秒；402条,
AH0011,AH0011,AH0011,,亳州市涡阳县生态环境分局,,,在用,区县,340000,341600,341621,涡阳县,涡阳,,,,,,本级政府部门,,是,,,亳州市生态环境局:69 / 涡阳县紫光大道生态环境分局:29 / 涡阳县环境保护局:7,生态环境,亳州市|涡阳|生态环境分局,3400-E012,,https://www.bozhou.gov.cn/XxgkContent/showList/295/260225/page_1.html,亳州市人民政府 > 政府信息公开 > 市政府办 > 建设项目环境影响评价审批,,已核实,2026-09-21,243,243,2020-08-31,2026-09-04,涡阳:236 / (空):7,市局站点没有环评栏目，公示发在市政府门户的「建设项目环境影响评价审批」组配分类里，受理公示 / 拟审批公示 / 审批结果公示 / 批复混排，故三列同址；已打开确认有环评条目（含高新区分局的项目）；该门户有人机验证，首次打开要等几秒；243条,
AH0013,AH0013,AH0013,,涡阳县环境保护局,,,在用,区县,340000,341600,341621,涡阳县,涡阳,,,,,,本级政府部门,,是,,,亳州市生态环境局:4 / 亳州市涡阳县生态环境分局:2 / 涡阳县环境保护局项目管理股:1,生态环境,亳州市|涡阳|生态环境,3400-E012,,https://www.bozhou.gov.cn/XxgkContent/showList/295/260225/page_1.html,亳州市人民政府 > 政府信息公开 > 市政府办 > 建设项目环境影响评价审批,,已核实,2026-09-21,113,113,2017-02-20,2018-12-26,涡阳:113,市局站点没有环评栏目，公示发在市政府门户的「建设项目环境影响评价审批」组配分类里，受理公示 / 拟审批公示 / 审批结果公示 / 批复混排，故三列同址；已打开确认有环评条目（含高新区分局的项目）；该门户有人机验证，首次打开要等几秒；113条,
AH0014,AH0014,AH0014,,涡阳县紫光大道生态环境分局,道生态环境分局,,在用,区县,340000,341600,341621,涡阳县,涡阳,,,,,,本级政府部门,,是,,,亳州市涡阳县生态环境分局:35 / 亳州市生态环境局:15 / 涡阳县环境保护局:3,生态环境,亳州市|涡阳|紫光大道生态环境分局,3400-E012,,https://www.bozhou.gov.cn/XxgkContent/showList/295/260225/page_1.html,亳州市人民政府 > 政府信息公开 > 市政府办 > 建设项目环境影响评价审批,,已核实,2026-09-21,39,39,2020-11-21,2024-09-13,涡阳:33 / (空):6,市局站点没有环评栏目，公示发在市政府门户的「建设项目环境影响评价审批」组配分类里，受理公示 / 拟审批公示 / 审批结果公示 / 批复混排，故三列同址；已打开确认有环评条目（含高新区分局的项目）；该门户有人机验证，首次打开要等几秒；39条,
AH0017,AH0017,AH0017,,涡阳县环境分局,,,在用,区县,340000,341600,341621,涡阳县,涡阳,,,,,,本级政府部门,,是,,,亳州市涡阳县生态环境分局:2 / 亳州市生态环境局:1,其他部门,亳州市|涡阳|环境分局,,,,,,,,3,3,2020-12-28,2021-04-22,涡阳:3,,
AH0024,AH0024,AH0024,,涡阳县自然资源和规划局,,,在用,区县,340000,341600,341621,涡阳县,涡阳,,,,,,本级政府部门,,是,,,,其他部门,亳州市|涡阳|自然资源规划局,,,,,,,,1,1,2021-09-22,2021-09-22,涡阳:1,,
AH0008,AH0008,AH0008,,亳州市蒙城县生态环境分局,,,在用,区县,340000,341600,341622,蒙城县,蒙城,,,,,,本级政府部门,,是,,,蒙城县环境保护局:67 / 亳州市生态环境局:34 / 蒙城县环境保护局项目管理股:2,生态环境,亳州市|蒙城|生态环境分局,3400-E012,,https://www.bozhou.gov.cn/XxgkContent/showList/295/260225/page_1.html,亳州市人民政府 > 政府信息公开 > 市政府办 > 建设项目环境影响评价审批,,已核实,2026-09-21,488,488,2016-04-14,2026-08-06,蒙城:488,市局站点没有环评栏目，公示发在市政府门户的「建设项目环境影响评价审批」组配分类里，受理公示 / 拟审批公示 / 审批结果公示 / 批复混排，故三列同址；已打开确认有环评条目（含高新区分局的项目）；该门户有人机验证，首次打开要等几秒；488条,
AH0018,AH0018,AH0018,,蒙城县农业农村局,,,在用,区县,340000,341600,341622,蒙城县,蒙城,,,,,,本级政府部门,,是,,,,其他部门,亳州市|蒙城|农业农村局,,,,,,,,3,3,2020-09-28,2020-10-10,蒙城:3,,
AH0025,AH0025,AH0025,,蒙城县环境保护局,,,在用,区县,340000,341600,341622,蒙城县,蒙城,,,,,,本级政府部门,,是,,,亳州市蒙城县生态环境分局:1,生态环境,亳州市|蒙城|生态环境,3400-E012,,https://www.bozhou.gov.cn/XxgkContent/showList/295/260225/page_1.html,亳州市人民政府 > 政府信息公开 > 市政府办 > 建设项目环境影响评价审批,,已核实,2026-09-21,1,1,2017-12-26,2017-12-26,蒙城:1,市局站点没有环评栏目，公示发在市政府门户的「建设项目环境影响评价审批」组配分类里，受理公示 / 拟审批公示 / 审批结果公示 / 批复混排，故三列同址；已打开确认有环评条目（含高新区分局的项目）；该门户有人机验证，首次打开要等几秒；1条,
AH0026,AH0026,AH0026,,蒙城县生态环境分局蒙城县生态环境分局,,,在用,区县,340000,341600,341622,蒙城县,蒙城,,,,,,本级政府部门,,是,,,亳州市生态环境局:1 / 亳州市蒙城县生态环境分局:1,生态环境,亳州市|蒙城|生态环境分局生态环境分局,3400-E012,,https://www.bozhou.gov.cn/XxgkContent/showList/295/260225/page_1.html,亳州市人民政府 > 政府信息公开 > 市政府办 > 建设项目环境影响评价审批,,已核实,2026-09-21,1,1,2020-07-15,2020-07-15,蒙城:1,市局站点没有环评栏目，公示发在市政府门户的「建设项目环境影响评价审批」组配分类里，受理公示 / 拟审批公示 / 审批结果公示 / 批复混排，故三列同址；已打开确认有环评条目（含高新区分局的项目）；该门户有人机验证，首次打开要等几秒；1条,
AH0007,AH0007,AH0007,,亳州市利辛县生态环境分局,,,在用,区县,340000,341600,341623,利辛县,利辛,,,,,,本级政府部门,,是,,,利辛县环境保护局:85 / 亳州市生态环境局:73 / 亳州市蒙城县生态环境分局:3,生态环境,亳州市|利辛|生态环境分局,3400-E012,,https://www.bozhou.gov.cn/XxgkContent/showList/295/260225/page_1.html,亳州市人民政府 > 政府信息公开 > 市政府办 > 建设项目环境影响评价审批,,已核实,2026-09-21,590,590,2019-04-17,2026-09-15,利辛:590,市局站点没有环评栏目，公示发在市政府门户的「建设项目环境影响评价审批」组配分类里，受理公示 / 拟审批公示 / 审批结果公示 / 批复混排，故三列同址；已打开确认有环评条目（含高新区分局的项目）；该门户有人机验证，首次打开要等几秒；590条,
AH0012,AH0012,AH0012,,利辛县环境保护局,路利辛县环保局,,在用,区县,340000,341600,341623,利辛县,利辛,,,,,,本级政府部门,,是,,,亳州市利辛县生态环境分局:48 / 亳州市生态环境局:7 / 亳州市公路管理局利辛分局:1,生态环境,亳州市|利辛|生态环境,3400-E012,,https://www.bozhou.gov.cn/XxgkContent/showList/295/260225/page_1.html,亳州市人民政府 > 政府信息公开 > 市政府办 > 建设项目环境影响评价审批,,已核实,2026-09-21,189,189,2011-10-08,2021-09-06,利辛:189,市局站点没有环评栏目，公示发在市政府门户的「建设项目环境影响评价审批」组配分类里，受理公示 / 拟审批公示 / 审批结果公示 / 批复混排，故三列同址；已打开确认有环评条目（含高新区分局的项目）；该门户有人机验证，首次打开要等几秒；189条,
AH0021,AH0021,AH0021,,利辛县自然资源和规划局,,,在用,区县,340000,341600,341623,利辛县,利辛,,,,,,本级政府部门,,是,,,利辛县环境保护局:1,其他部门,亳州市|利辛|自然资源规划局,,,,,,,,1,1,2022-03-07,2022-03-07,利辛:1,,
AH0023,AH0023,AH0023,,州市利辛县生态环境分局,,,在用,区县,340000,341600,341623,利辛县,利辛,,,,,,本级政府部门,,是,,,,生态环境,亳州市|利辛|州市生态环境分局,3400-E012,,https://www.bozhou.gov.cn/XxgkContent/showList/295/260225/page_1.html,亳州市人民政府 > 政府信息公开 > 市政府办 > 建设项目环境影响评价审批,,已核实,2026-09-21,1,1,2020-05-09,2020-05-09,利辛:1,市局站点没有环评栏目，公示发在市政府门户的「建设项目环境影响评价审批」组配分类里，受理公示 / 拟审批公示 / 审批结果公示 / 批复混排，故三列同址；已打开确认有环评条目（含高新区分局的项目）；该门户有人机验证，首次打开要等几秒；1条,
AH0006,AH0006,AH0006,,亳州市生态环境局,亳州市生态环境局我分局,,在用,市本级,340000,341600,,亳州市,亳州,,,,,,本级政府部门,,是,,,亳州市蒙城县生态环境分局:85 / 亳州市利辛县生态环境分局:80 / 亳州市涡阳县生态环境分局:18,生态环境,亳州市|市本级|生态环境,3400-E012,,https://www.bozhou.gov.cn/XxgkContent/showList/295/260225/page_1.html,亳州市人民政府 > 政府信息公开 > 市政府办 > 建设项目环境影响评价审批,,已核实,2026-09-21,752,752,2013-04-20,2026-08-03,谯城:205 / 利辛:159 / (空):153 / 蒙城:147,市局站点没有环评栏目，公示发在市政府门户的「建设项目环境影响评价审批」组配分类里，受理公示 / 拟审批公示 / 审批结果公示 / 批复混排，故三列同址；已打开确认有环评条目（含高新区分局的项目）；该门户有人机验证，首次打开要等几秒；752条,
AH0010,AH0010,AH0010,,亳州高新技术产业开发区生态环境分局,,,在用,开发区/园区,340000,341600,,,,341600-Z01,本级高新区,,,,,,否,,,蚌埠高新技术产业开发区管理委员会:46 / 亳州市生态环境局:43 / 高新区生态环境分局:43,生态环境,亳州市|本级高新区|高新技术产业开发区生态环境分局,3400-E012,,https://www.bozhou.gov.cn/XxgkContent/showList/295/260225/page_1.html,亳州市人民政府 > 政府信息公开 > 市政府办 > 建设项目环境影响评价审批,,已核实,2026-09-21,263,263,2020-02-21,2026-03-19,谯城:174 / (空):89,市局站点没有环评栏目，公示发在市政府门户的「建设项目环境影响评价审批」组配分类里，受理公示 / 拟审批公示 / 审批结果公示 / 批复混排，故三列同址；已打开确认有环评条目（含高新区分局的项目）；该门户有人机验证，首次打开要等几秒；263条,
AH0015,AH0015,AH0015,,高新区生态环境分局,,,在用,开发区/园区,340000,341600,,,,341600-Z03,谯城高新区,,,,,,否,,,亳州高新技术产业开发区生态环境分局:5 / 蚌埠市生态环境局:4 / 亳州市生态环境局:2,生态环境,亳州市|谯城高新区|高新区生态环境分局,3400-E012,,https://www.bozhou.gov.cn/XxgkContent/showList/295/260225/page_1.html,亳州市人民政府 > 政府信息公开 > 市政府办 > 建设项目环境影响评价审批,,已核实,2026-09-21,21,21,2023-04-01,2026-09-16,(空):18 / 谯城:3,市局站点没有环评栏目，公示发在市政府门户的「建设项目环境影响评价审批」组配分类里，受理公示 / 拟审批公示 / 审批结果公示 / 批复混排，故三列同址；已打开确认有环评条目（含高新区分局的项目）；该门户有人机验证，首次打开要等几秒；21条,
AH0016,AH0016,AH0016,,亳州高新区生态环境分局,,,在用,开发区/园区,340000,341600,,,,341600-Z01,本级高新区,,,,,,否,,,亳州市生态环境局:2 / 亳州高新技术产业开发区生态环境分局:1,生态环境,亳州市|本级高新区|高新区生态环境分局,3400-E012,,https://www.bozhou.gov.cn/XxgkContent/showList/295/260225/page_1.html,亳州市人民政府 > 政府信息公开 > 市政府办 > 建设项目环境影响评价审批,,已核实,2026-09-21,9,9,2024-05-06,2025-07-09,谯城:6 / (空):3,市局站点没有环评栏目，公示发在市政府门户的「建设项目环境影响评价审批」组配分类里，受理公示 / 拟审批公示 / 审批结果公示 / 批复混排，故三列同址；已打开确认有环评条目（含高新区分局的项目）；该门户有人机验证，首次打开要等几秒；9条,
AH0019,AH0019,AH0019,,亳州高新技术产业开发区投资促进局,,,在用,开发区/园区,340000,341600,,,,341600-Z01,本级高新区,,,,,,否,,,亳州高新技术产业开发区生态环境分局:1,其他部门,亳州市|本级高新区|高新技术产业开发区投资促进局,,,,,,,,1,1,2021-07-02,2021-07-02,谯城:1,,
AH0020,AH0020,AH0020,,亳州高新技术开发区生态环境分局,,,在用,开发区/园区,340000,341600,,,,341600-Z04,高新技术开发区,,,,,,否,,,亳州高新技术产业开发区生态环境分局:1,生态环境,亳州市|高新技术开发区|高新技术开发区生态环境分局,3400-E012,,https://www.bozhou.gov.cn/XxgkContent/showList/295/260225/page_1.html,亳州市人民政府 > 政府信息公开 > 市政府办 > 建设项目环境影响评价审批,,已核实,2026-09-21,1,1,2025-05-05,2025-05-05,(空):1,市局站点没有环评栏目，公示发在市政府门户的「建设项目环境影响评价审批」组配分类里，受理公示 / 拟审批公示 / 审批结果公示 / 批复混排，故三列同址；已打开确认有环评条目（含高新区分局的项目）；该门户有人机验证，首次打开要等几秒；1条,
AH0022,AH0022,AH0022,,安徽涡阳经济开发区管理委员会,,,在用,开发区/园区,340000,341600,,,,341600-Z02,涡阳开发区,,,,,,否,,,亳州市涡阳县生态环境分局:1 / 亳州市生态环境局:1,开发区管委会,亳州市|涡阳开发区|行政审批,3400-E012,,https://www.bozhou.gov.cn/XxgkContent/showList/295/260225/page_1.html,亳州市人民政府 > 政府信息公开 > 市政府办 > 建设项目环境影响评价审批,,已核实,2026-09-21,1,1,2023-07-25,2023-07-25,涡阳:1,市局站点没有环评栏目，公示发在市政府门户的「建设项目环境影响评价审批」组配分类里，受理公示 / 拟审批公示 / 审批结果公示 / 批复混排，故三列同址；已打开确认有环评条目（含高新区分局的项目）；该门户有人机验证，首次打开要等几秒；1条,
AH0205,AH0205,AH0205,,池州市贵池区生态环境分局,,,在用,区县,340000,341700,341702,贵池区,贵池,,,,,,本级政府部门,,是,,,池州市生态环境局:193 / 池州市民政局:43 / 池州市农业农村局:40,生态环境,池州市|贵池|生态环境分局,3400-E015,,https://sthjj.chizhou.gov.cn/Hbsp/showList/HPSL/page_1.html,首页 > 在线办事 > 建设项目环评审批 > 建设项目环评受理公示 / 拟审批意见公开 / 已批复项目公告,,已核实,2026-09-21,263,263,2019-01-22,2026-09-16,贵池:253 / (空):10,三类分栏，栏目已打开确认有环评条目；区县项目（已见青阳县）也在市局栏目；263条,
AH0213,AH0213,AH0213,,池州市贵池区环境保护局,,,在用,区县,340000,341700,341702,贵池区,贵池,,,,,,本级政府部门,,是,,,池州市生态环境局:2 / 池州市贵池区生态环境分局:2 / 池州市住房和城乡建设局:1,生态环境,池州市|贵池|生态环境,3400-E015,,https://sthjj.chizhou.gov.cn/Hbsp/showList/HPSL/page_1.html,首页 > 在线办事 > 建设项目环评审批 > 建设项目环评受理公示 / 拟审批意见公开 / 已批复项目公告,,已核实,2026-09-21,2,2,2022-05-30,2023-09-07,贵池:2,三类分栏，栏目已打开确认有环评条目；区县项目（已见青阳县）也在市局栏目；2条,
AH0214,AH0214,AH0214,,池州市贵池区自然资源和规划局,,,在用,区县,340000,341700,341702,贵池区,贵池,,,,,,本级政府部门,,是,,,池州市农业农村局:2 / 池州市生态环境局:2 / 池州市贵池区生态环境分局:2,其他部门,池州市|贵池|自然资源规划局,,,,,,,,2,2,2021-01-29,2021-01-29,贵池:2,,
AH0218,AH0218,AH0218,,池州市贵池区水利局,,,在用,区县,340000,341700,341702,贵池区,贵池,,,,,,本级政府部门,,是,,,池州市贵池区生态环境分局:1,其他部门,池州市|贵池|水利局,,,,,,,,1,1,2024-04-01,2024-04-01,贵池:1,,
AH0207,AH0207,AH0207,,池州市东至县生态环境分局,,,在用,区县,340000,341700,341721,东至县,东至,,,,,,本级政府部门,,是,,,池州市生态环境局:57 / 东至县环境保护局:12 / 池州市东至县胜利镇:1,生态环境,池州市|东至|生态环境分局,3400-E015,,https://sthjj.chizhou.gov.cn/Hbsp/showList/HPSL/page_1.html,首页 > 在线办事 > 建设项目环评审批 > 建设项目环评受理公示 / 拟审批意见公开 / 已批复项目公告,,已核实,2026-09-21,236,235,2018-01-04,2026-09-10,东至:234 / 贵池:1,三类分栏，栏目已打开确认有环评条目；区县项目（已见青阳县）也在市局栏目；236条,
AH0216,AH0216,AH0216,,东至县环境保护局,,,在用,区县,340000,341700,341721,东至县,东至,,,,,,本级政府部门,,是,,,,生态环境,池州市|东至|生态环境,3400-E015,,https://sthjj.chizhou.gov.cn/Hbsp/showList/HPSL/page_1.html,首页 > 在线办事 > 建设项目环评审批 > 建设项目环评受理公示 / 拟审批意见公开 / 已批复项目公告,,已核实,2026-09-21,1,1,2018-01-19,2018-01-19,东至:1,三类分栏，栏目已打开确认有环评条目；区县项目（已见青阳县）也在市局栏目；1条,
AH0208,AH0208,AH0208,,石台县环境保护局,,,在用,区县,340000,341700,341722,石台县,石台,,,,,,本级政府部门,,是,,,池州市石台县生态环境分局:86 / 池州市生态环境局:57 / 石台县科技经济信息化局:4,生态环境,池州市|石台|生态环境,3400-E015,,https://sthjj.chizhou.gov.cn/Hbsp/showList/HPSL/page_1.html,首页 > 在线办事 > 建设项目环评审批 > 建设项目环评受理公示 / 拟审批意见公开 / 已批复项目公告,,已核实,2026-09-21,133,133,2015-08-20,2024-10-21,石台:131 / (空):2,三类分栏，栏目已打开确认有环评条目；区县项目（已见青阳县）也在市局栏目；133条,
AH0210,AH0210,AH0210,,池州市石台县生态环境分局,,,在用,区县,340000,341700,341722,石台县,石台,,,,,,本级政府部门,,是,,,石台县环境保护局:6 / 池州市生态环境局:4 / 安徽俊森家具有限公司:2,生态环境,池州市|石台|生态环境分局,3400-E015,,https://sthjj.chizhou.gov.cn/Hbsp/showList/HPSL/page_1.html,首页 > 在线办事 > 建设项目环评审批 > 建设项目环评受理公示 / 拟审批意见公开 / 已批复项目公告,,已核实,2026-09-21,18,18,2019-05-27,2026-06-18,石台:18,三类分栏，栏目已打开确认有环评条目；区县项目（已见青阳县）也在市局栏目；18条,
AH0220,AH0220,AH0220,,石台县文化和旅游局,,,在用,区县,340000,341700,341722,石台县,石台,,,,,,本级政府部门,,是,,,池州市生态环境局:1 / 石台县环境保护局:1,其他部门,池州市|石台|文化旅游局,,,,,,,,1,1,2020-05-14,2020-05-14,石台:1,,
AH0204,AH0204,AH0204,,池州市青阳县生态环境分局,,,在用,区县,340000,341700,341723,青阳县,青阳,,,,,,本级政府部门,,是,,,池州市生态环境局:117 / 青阳环境保护局:78 / 青阳县科技经济信息化局:34,生态环境,池州市|青阳|生态环境分局,3400-E015,,https://sthjj.chizhou.gov.cn/Hbsp/showList/HPSL/page_1.html,首页 > 在线办事 > 建设项目环评审批 > 建设项目环评受理公示 / 拟审批意见公开 / 已批复项目公告,,已核实,2026-09-21,433,433,2014-12-10,2026-09-10,青阳:428 / (空):5,三类分栏，栏目已打开确认有环评条目；区县项目（已见青阳县）也在市局栏目；433条,
AH0206,AH0206,AH0206,,青阳环境保护局,,,在用,区县,340000,341700,341723,青阳县,青阳,,,,,,本级政府部门,,是,,,青阳县环保局:172 / 池州市生态环境局:154 / 池州市青阳县生态环境分局:36,生态环境,池州市|青阳|生态环境,3400-E015,,https://sthjj.chizhou.gov.cn/Hbsp/showList/HPSL/page_1.html,首页 > 在线办事 > 建设项目环评审批 > 建设项目环评受理公示 / 拟审批意见公开 / 已批复项目公告,,已核实,2026-09-21,240,240,2015-05-19,2019-10-31,青阳:240,三类分栏，栏目已打开确认有环评条目；区县项目（已见青阳县）也在市局栏目；240条,
AH0212,AH0212,AH0212,,青阳县住房和城乡建设局,,,在用,区县,340000,341700,341723,青阳县,青阳,,,,,,本级政府部门,,是,,,池州市生态环境局:4 / 池州市青阳县生态环境分局:3,其他部门,池州市|青阳|住房城乡建设局,,,,,,,,7,7,2019-04-19,2021-03-02,青阳:7,,
AH0215,AH0215,AH0215,,青阳县水务局,,,在用,区县,340000,341700,341723,青阳县,青阳,,,,,,本级政府部门,,是,,,池州市生态环境局:2 / 青阳环境保护局:2,其他部门,池州市|青阳|水务局,,,,,,,,2,2,2018-03-26,2019-02-18,青阳:2,,
AH0221,AH0221,AH0221,,青阳县地方公路管理局,,,在用,区县,340000,341700,341723,青阳县,青阳,,,,,,本级政府部门,,是,,,池州市生态环境局:1 / 青阳县环保局:1 / 青阳环境保护局:1,其他部门,池州市|青阳|地方公路管理局,,,,,,,,1,1,2019-07-09,2019-07-09,青阳:1,,
AH0222,AH0222,AH0222,,青阳县教育体育局,,,在用,区县,340000,341700,341723,青阳县,青阳,,,,,,本级政府部门,,是,,,池州市青阳县生态环境分局:1,其他部门,池州市|青阳|教育体育局,,,,,,,,1,1,2022-04-15,2022-04-15,(空):1,,
AH0223,AH0223,AH0223,,青阳县教育局,,,在用,区县,340000,341700,341723,青阳县,青阳,,,,,,本级政府部门,,是,,,池州市生态环境局:1,其他部门,池州市|青阳|教育局,,,,,,,,1,1,2017-06-02,2017-06-02,青阳:1,,
AH0203,AH0203,AH0203,,池州市生态环境局,,,在用,市本级,340000,341700,,池州市,池州,,,,,,本级政府部门,,是,,,青阳环境保护局:198 / 青阳县环保局:141 / 池州市贵池区生态环境分局:103,生态环境,池州市|市本级|生态环境,3400-E015,,https://sthjj.chizhou.gov.cn/Hbsp/showList/HPSL/page_1.html,首页 > 在线办事 > 建设项目环评审批 > 建设项目环评受理公示 / 拟审批意见公开 / 已批复项目公告,,已核实,2026-09-21,1360,1357,2014-08-29,2026-08-24,贵池:455 / (空):356 / 青阳:310 / 东至:222,三类分栏，栏目已打开确认有环评条目；区县项目（已见青阳县）也在市局栏目；1360条,
AH0209,AH0209,AH0209,,池州市生态环境局直属园区分局,,,在用,开发区/园区,340000,341700,,,,341700-Z02,直属园区,,,,,,否,,,池州市生态环境局:66 / 皖江江南新兴产业集中区生态环境局:16 / 池州经济技术开发区生态环境局:3,生态环境,池州市|直属园区|生态环境,3400-E015,,https://sthjj.chizhou.gov.cn/Hbsp/showList/HPSL/page_1.html,首页 > 在线办事 > 建设项目环评审批 > 建设项目环评受理公示 / 拟审批意见公开 / 已批复项目公告,,已核实,2026-09-21,71,71,2020-05-18,2022-04-01,(空):36 / 贵池:35,三类分栏，栏目已打开确认有环评条目；区县项目（已见青阳县）也在市局栏目；71条,
AH0211,AH0211,AH0211,,经开区生态环境局,,,在用,开发区/园区,340000,341700,,,,341700-Z03,贵池开发区,,,,,,否,,,池州经济技术开发区生态环境局:9 / 池州市生态环境局:1,生态环境,池州市|贵池开发区|生态环境,3400-E015,,https://sthjj.chizhou.gov.cn/Hbsp/showList/HPSL/page_1.html,首页 > 在线办事 > 建设项目环评审批 > 建设项目环评受理公示 / 拟审批意见公开 / 已批复项目公告,,已核实,2026-09-21,9,9,2022-10-11,2026-05-06,贵池:9,三类分栏，栏目已打开确认有环评条目；区县项目（已见青阳县）也在市局栏目；9条,
AH0217,AH0217,AH0217,,池州市民政局,,,在用,市本级,340000,341700,,池州市,池州,,,,,,本级政府部门,,是,,,池州市生态环境局:1 / 池州市贵池区生态环境分局:1 / 环保窗口:1,其他部门,池州市|市本级|民政局,,,,,,,,1,1,2022-02-24,2022-02-24,贵池:1,,
AH0219,AH0219,AH0219,,池州经济技术开发区生态环境局,,,在用,开发区/园区,340000,341700,,,,341700-Z01,本级开发区,,,,,,否,,,经开区生态环境局:1,生态环境,池州市|本级开发区|生态环境,3400-E015,,https://sthjj.chizhou.gov.cn/Hbsp/showList/HPSL/page_1.html,首页 > 在线办事 > 建设项目环评审批 > 建设项目环评受理公示 / 拟审批意见公开 / 已批复项目公告,,已核实,2026-09-21,1,1,2024-12-26,2024-12-26,贵池:1,三类分栏，栏目已打开确认有环评条目；区县项目（已见青阳县）也在市局栏目；1条,
AH0155,AH0155,AH0155,,宣城市宣州区生态环境分局,,,在用,区县,340000,341800,341802,宣州区,宣州,,,,,,本级政府部门,,是,,,宣城市生态环境局:105 / 宣城市宣州区环境保护局:13 / 宣州区生态环境局分局:4,生态环境,宣城市|宣州|生态环境分局,3400-E004,,https://sthjj.xuancheng.gov.cn/News/showList/43279/page_1.html,首页 > 新闻中心 > 公示公告,,已核实,2026-09-21,187,187,2018-12-07,2026-09-01,宣州:187,没有独立环评栏目：受理公示与审批前公示混在「公示公告」栏目里（还混有采购、排污权出让等），故三列同址；已打开确认有环评条目（含广德市的多条）；187条,
AH0175,AH0175,AH0175,,宣城市宣州区水利局,,,在用,区县,340000,341800,341802,宣州区,宣州,,,,,,本级政府部门,,是,,,宣城市宣州区生态环境分局:1,其他部门,宣城市|宣州|水利局,,,,,,,,1,1,2020-07-16,2020-07-16,宣州:1,,
AH0150,AH0150,AH0150,,宣城市郎溪县生态环境分局,生态环境分局,,在用,区县,340000,341800,341821,郎溪县,郎溪,,,,,,本级政府部门,,是,,,宣城市生态环境局:84 / 郎溪县环境保护局:16 / 郎溪县生态环境部门:6,生态环境,宣城市|郎溪|生态环境分局,3400-E004,,https://sthjj.xuancheng.gov.cn/News/showList/43279/page_1.html,首页 > 新闻中心 > 公示公告,,已核实,2026-09-21,377,377,2019-07-02,2026-08-11,郎溪:373 / (空):3 / 广德:1,没有独立环评栏目：受理公示与审批前公示混在「公示公告」栏目里（还混有采购、排污权出让等），故三列同址；已打开确认有环评条目（含广德市的多条）；377条,
AH0171,AH0171,AH0171,,郎溪县水利局,,,在用,区县,340000,341800,341821,郎溪县,郎溪,,,,,,本级政府部门,,是,,,宣城市生态环境局:2 / 宣城市郎溪县生态环境分局:2,其他部门,宣城市|郎溪|水利局,,,,,,,,2,2,2024-04-23,2024-04-23,郎溪:2,,
AH0184,AH0184,AH0184,,郎溪县交通运输局,,,在用,区县,340000,341800,341821,郎溪县,郎溪,,,,,,本级政府部门,,是,,,宣城市生态环境局:1,其他部门,宣城市|郎溪|交通运输局,,,,,,,,1,1,2022-12-13,2022-12-13,(空):1,,
AH0185,AH0185,AH0185,,郎溪县生态环境部门,,,在用,区县,340000,341800,341821,郎溪县,郎溪,,,,,,本级政府部门,,是,,,,生态环境,宣城市|郎溪|生态环境,3400-E004,,https://sthjj.xuancheng.gov.cn/News/showList/43279/page_1.html,首页 > 新闻中心 > 公示公告,,已核实,2026-09-21,1,1,2024-03-05,2024-03-05,郎溪:1,没有独立环评栏目：受理公示与审批前公示混在「公示公告」栏目里（还混有采购、排污权出让等），故三列同址；已打开确认有环评条目（含广德市的多条）；1条,
AH0152,AH0152,AH0152,,泾县贺村东路泾县环境保护局,泾县环境保护局,,在用,区县,340000,341800,341823,泾县,泾县,,,,,,本级政府部门,,是,,,宣城市泾县生态环境分局:54 / 泾县环境保护局:10 / 泾县贺村东路泾县生态环境分局:3,生态环境,宣城市|泾|生态环境,3400-E004,,https://sthjj.xuancheng.gov.cn/News/showList/43279/page_1.html,首页 > 新闻中心 > 公示公告,,已核实,2026-09-21,231,231,2015-03-16,2019-06-19,泾县:231,没有独立环评栏目：受理公示与审批前公示混在「公示公告」栏目里（还混有采购、排污权出让等），故三列同址；已打开确认有环评条目（含广德市的多条）；231条,
AH0154,AH0154,AH0154,,泾县贺村东路泾县生态环境分局,,,在用,区县,340000,341800,341823,泾县,泾县,,,,,,本级政府部门,,是,,,宣城市泾县生态环境分局:172 / 宣城市生态环境局:23 / 泾县环境保护局:3,生态环境,宣城市|泾|贺村东路生态环境分局,3400-E004,,https://sthjj.xuancheng.gov.cn/News/showList/43279/page_1.html,首页 > 新闻中心 > 公示公告,,已核实,2026-09-21,208,208,2019-06-20,2025-01-08,泾县:208,没有独立环评栏目：受理公示与审批前公示混在「公示公告」栏目里（还混有采购、排污权出让等），故三列同址；已打开确认有环评条目（含广德市的多条）；208条,
AH0156,AH0156,AH0156,,宣城市泾县生态环境分局,,,在用,区县,340000,341800,341823,泾县,泾县,,,,,,本级政府部门,,是,,,泾县贺村东路泾县生态环境分局:66 / 泾县贺村东路泾县环境保护局:13 / 宣城市生态环境局:7,生态环境,宣城市|泾|生态环境分局,3400-E004,,https://sthjj.xuancheng.gov.cn/News/showList/43279/page_1.html,首页 > 新闻中心 > 公示公告,,已核实,2026-09-21,184,184,2016-04-22,2026-07-06,泾县:184,没有独立环评栏目：受理公示与审批前公示混在「公示公告」栏目里（还混有采购、排污权出让等），故三列同址；已打开确认有环评条目（含广德市的多条）；184条,
AH0153,AH0153,AH0153,,宣城市绩溪县生态环境分局,,,在用,区县,340000,341800,341824,绩溪县,绩溪,,,,,,本级政府部门,,是,,,绩溪县环境保护局:14 / 宣城市生态环境局:6 / 宣城市旌德县生态环境分局:2,生态环境,宣城市|绩溪|生态环境分局,3400-E004,,https://sthjj.xuancheng.gov.cn/News/showList/43279/page_1.html,首页 > 新闻中心 > 公示公告,,已核实,2026-09-21,225,225,2019-05-22,2026-09-01,绩溪:225,没有独立环评栏目：受理公示与审批前公示混在「公示公告」栏目里（还混有采购、排污权出让等），故三列同址；已打开确认有环评条目（含广德市的多条）；225条,
AH0157,AH0157,AH0157,,绩溪县环境保护局,,,在用,区县,340000,341800,341824,绩溪县,绩溪,,,,,,本级政府部门,,是,,,宣城市绩溪县生态环境分局:10 / 绩溪县水务局:1,生态环境,宣城市|绩溪|生态环境,3400-E004,,https://sthjj.xuancheng.gov.cn/News/showList/43279/page_1.html,首页 > 新闻中心 > 公示公告,,已核实,2026-09-21,106,106,2016-06-20,2019-05-08,绩溪:106,没有独立环评栏目：受理公示与审批前公示混在「公示公告」栏目里（还混有采购、排污权出让等），故三列同址；已打开确认有环评条目（含广德市的多条）；106条,
AH0164,AH0164,AH0164,,绩溪县民政局,,,在用,区县,340000,341800,341824,绩溪县,绩溪,,,,,,本级政府部门,,是,,,宣城市绩溪县生态环境分局:2,其他部门,宣城市|绩溪|民政局,,,,,,,,4,4,2023-03-29,2024-01-30,绩溪:4,,
AH0168,AH0168,AH0168,,绩溪县住房和城乡建设局,,,在用,区县,340000,341800,341824,绩溪县,绩溪,,,,,,本级政府部门,,是,,,宣城市绩溪县生态环境分局:1,其他部门,宣城市|绩溪|住房城乡建设局,,,,,,,,2,2,2020-06-11,2023-12-14,绩溪:2,,
AH0169,AH0169,AH0169,,绩溪县农业农村水利局,,,在用,区县,340000,341800,341824,绩溪县,绩溪,,,,,,本级政府部门,,是,,,宣城市绩溪县生态环境分局:2,其他部门,宣城市|绩溪|农业农村水利局,,,,,,,,2,2,2020-03-13,2023-11-06,绩溪:2,,
AH0170,AH0170,AH0170,,绩溪县水务局,,,在用,区县,340000,341800,341824,绩溪县,绩溪,,,,,,本级政府部门,,是,,,绩溪县环境保护局:1,其他部门,宣城市|绩溪|水务局,,,,,,,,2,2,2017-12-25,2019-01-23,绩溪:2,,
AH0172,AH0172,AH0172,,城市绩溪县生态环境分局,,,在用,区县,340000,341800,341824,绩溪县,绩溪,,,,,,本级政府部门,,是,,,宣城市绩溪县生态环境分局:1,生态环境,宣城市|绩溪|城市生态环境分局,3400-E004,,https://sthjj.xuancheng.gov.cn/News/showList/43279/page_1.html,首页 > 新闻中心 > 公示公告,,已核实,2026-09-21,1,1,2020-11-12,2020-11-12,绩溪:1,没有独立环评栏目：受理公示与审批前公示混在「公示公告」栏目里（还混有采购、排污权出让等），故三列同址；已打开确认有环评条目（含广德市的多条）；1条,
AH0183,AH0183,AH0183,,绩溪县交通运输局,,,在用,区县,340000,341800,341824,绩溪县,绩溪,,,,,,本级政府部门,,是,,,宣城市绩溪县生态环境分局:1,其他部门,宣城市|绩溪|交通运输局,,,,,,,,1,1,2023-03-07,2023-03-07,绩溪:1,,
AH0151,AH0151,AH0151,,宣城市旌德县生态环境分局,,,在用,区县,340000,341800,341825,旌德县,旌德,,,,,,本级政府部门,,是,,,宣城市生态环境局:62 / 旌德县环境保护局:34 / 宣城市生态环境保护综合行政执法支队旌德县大队:4,生态环境,宣城市|旌德|生态环境分局,3400-E004,,https://sthjj.xuancheng.gov.cn/News/showList/43279/page_1.html,首页 > 新闻中心 > 公示公告,,已核实,2026-09-21,245,245,2016-12-21,2026-04-10,旌德:245,没有独立环评栏目：受理公示与审批前公示混在「公示公告」栏目里（还混有采购、排污权出让等），故三列同址；已打开确认有环评条目（含广德市的多条）；245条,
AH0166,AH0166,AH0166,,旌德县政务服务中心生态环境分局,旌德县环境保护局,,在用,区县,340000,341800,341825,旌德县,旌德,,,,,,本级政府部门,,是,,,宣城市旌德县生态环境分局:2,生态环境,宣城市|旌德|生态环境,3400-E004,,https://sthjj.xuancheng.gov.cn/News/showList/43279/page_1.html,首页 > 新闻中心 > 公示公告,,已核实,2026-09-21,3,3,2020-09-09,2025-03-10,旌德:3,没有独立环评栏目：受理公示与审批前公示混在「公示公告」栏目里（还混有采购、排污权出让等），故三列同址；已打开确认有环评条目（含广德市的多条）；3条,
AH0177,AH0177,AH0177,,宣城市生态环境保护综合行政执法支队旌德县大队,,,在用,区县,340000,341800,341825,旌德县,旌德,,,,,,本级政府部门,,是,,,宣城市旌德县生态环境分局:1,生态环境,宣城市|旌德|生态环境保护综合行政执法支队大队,3400-E004,,https://sthjj.xuancheng.gov.cn/News/showList/43279/page_1.html,首页 > 新闻中心 > 公示公告,,已核实,2026-09-21,1,1,2025-03-24,2025-03-24,旌德:1,没有独立环评栏目：受理公示与审批前公示混在「公示公告」栏目里（还混有采购、排污权出让等），故三列同址；已打开确认有环评条目（含广德市的多条）；1条,
AH0149,AH0149,AH0149,,宣城市宁国市生态环境分局,城市宁国市生态环境分局,,在用,区县,340000,341800,341881,宁国市,宁国,,,,,,本级政府部门,,是,,,宣城市生态环境局:13 / 城市宁国市生态环境分局:6 / 国市生态环境分局:5,生态环境,宣城市|宁国|生态环境分局,3400-E004,,https://sthjj.xuancheng.gov.cn/News/showList/43279/page_1.html,首页 > 新闻中心 > 公示公告,,已核实,2026-09-21,1155,1155,2016-12-29,2026-09-18,宁国:1154 / (空):1,没有独立环评栏目：受理公示与审批前公示混在「公示公告」栏目里（还混有采购、排污权出让等），故三列同址；已打开确认有环评条目（含广德市的多条）；1155条,
AH0161,AH0161,AH0161,,中溪分局,宁国市环保局港口分局 / 宁国市环保局中溪分局,,在用,区县,340000,341800,341881,宁国市,宁国,,,,,,本级政府部门,,是,,,宣城市宁国市生态环境分局:4 / 宁国市环保局中溪分局:1,生态环境,宣城市|宁国|中溪分局,,,,,,,,8,8,2018-05-23,2018-05-30,宁国:8,,
AH0173,AH0173,AH0173,,宁国市住房和城乡建设局(人民防空办公室),,人民防空办公室,在用,区县,340000,341800,341881,宁国市,宁国,,,,,,本级政府部门,,是,,,宣城市宁国市生态环境分局:1,其他部门,宣城市|宁国|住房城乡建设局(人民防空办公室),,,,,,,,1,1,2019-09-26,2019-09-26,宁国:1,,
AH0174,AH0174,AH0174,,宁国市政务服务管理局,,,在用,区县,340000,341800,341881,宁国市,宁国,,,,,,本级政府部门,,是,,,宣城市宁国市生态环境分局:1,行政审批,宣城市|宁国|政务服务管理局,3400-E004,,https://sthjj.xuancheng.gov.cn/News/showList/43279/page_1.html,首页 > 新闻中心 > 公示公告,,已核实,2026-09-21,1,1,2020-11-26,2020-11-26,宁国:1,没有独立环评栏目：受理公示与审批前公示混在「公示公告」栏目里（还混有采购、排污权出让等），故三列同址；已打开确认有环评条目（含广德市的多条）；1条,
AH0148,AH0148,AH0148,,宣城市广德市生态环境分局,宣城市生态环境广德市分局 / 宣城市广德县生态环境分局,,在用,区县,340000,341800,341882,广德市,广德,,,,,,本级政府部门,,是,,,宣城市生态环境局:84 / 广德市发展和改革委员会:54 / 宣城市广德县环保局:13,生态环境,宣城市|广德|生态环境分局,3400-E004,,https://sthjj.xuancheng.gov.cn/News/showList/43279/page_1.html,首页 > 新闻中心 > 公示公告,,已核实,2026-09-21,1328,1328,2016-04-01,2026-09-17,广德:1328,没有独立环评栏目：受理公示与审批前公示混在「公示公告」栏目里（还混有采购、排污权出让等），故三列同址；已打开确认有环评条目（含广德市的多条）；1328条,
AH0159,AH0159,AH0159,,广德市发展和改革委员会,,,在用,区县,340000,341800,341882,广德市,广德,,,,,,本级政府部门,,是,,,宣城市广德市生态环境分局:29 / 宣城市生态环境局:2 / 宣城市广德县环保局:1,其他部门,宣城市|广德|发展改革委员会,,,,,,,,30,30,2019-12-02,2023-04-10,广德:30,,
AH0162,AH0162,AH0162,,宣城市广德县环保局,,,在用,区县,340000,341800,341882,广德市,广德,,,,,,本级政府部门,,是,,,宣城市广德市生态环境分局:1,生态环境,宣城市|广德|生态环境,3400-E004,,https://sthjj.xuancheng.gov.cn/News/showList/43279/page_1.html,首页 > 新闻中心 > 公示公告,,已核实,2026-09-21,4,4,2020-12-30,2021-03-05,广德:4,没有独立环评栏目：受理公示与审批前公示混在「公示公告」栏目里（还混有采购、排污权出让等），故三列同址；已打开确认有环评条目（含广德市的多条）；4条,
AH0163,AH0163,AH0163,,宣城市广德市生态环境分局政务服务科,,,在用,区县,340000,341800,341882,广德市,广德,,,,,,本级政府部门,,是,,,宣城市广德市生态环境分局:5,生态环境,宣城市|广德|生态环境分局政务服务科,3400-E004,,https://sthjj.xuancheng.gov.cn/News/showList/43279/page_1.html,首页 > 新闻中心 > 公示公告,,已核实,2026-09-21,4,4,2025-11-03,2026-05-14,广德:4,没有独立环评栏目：受理公示与审批前公示混在「公示公告」栏目里（还混有采购、排污权出让等），故三列同址；已打开确认有环评条目（含广德市的多条）；4条,
AH0179,AH0179,AH0179,,广德市市场监督管理局,,,在用,区县,340000,341800,341882,广德市,广德,,,,,,本级政府部门,,是,,,宣城市广德市生态环境分局:2,其他部门,宣城市|广德|市场监督管理局,,,,,,,,1,1,2021-04-14,2021-04-14,广德:1,,
AH0180,AH0180,AH0180,,广德市水利局,,,在用,区县,340000,341800,341882,广德市,广德,,,,,,本级政府部门,,是,,,宣城市广德市生态环境分局:1 / 广德市自然资源和规划局:1,其他部门,宣城市|广德|水利局,,,,,,,,1,1,2023-08-16,2023-08-16,广德:1,,
AH0181,AH0181,AH0181,,广德市经济和信息化局,,,在用,区县,340000,341800,341882,广德市,广德,,,,,,本级政府部门,,是,,,宣城市广德市生态环境分局:1 / 宣城市生态环境广德市分局:1,其他部门,宣城市|广德|经济信息化局,,,,,,,,1,1,2021-09-15,2021-09-15,广德:1,,
AH0147,AH0147,AH0147,,宣城市生态环境局,宣城市政务服务中心市生态环境局,,在用,市本级,340000,341800,,宣城市,宣城,,,,,,本级政府部门,,是,,,宣城市宣州区生态环境分局:428 / 宣城市广德市生态环境分局:88 / 宣城市郎溪县生态环境分局:53,生态环境,宣城市|市本级|生态环境,3400-E004,,https://sthjj.xuancheng.gov.cn/News/showList/43279/page_1.html,首页 > 新闻中心 > 公示公告,,已核实,2026-09-21,1341,1341,2007-07-30,2026-09-20,(空):689 / 宣州:509 / 广德:57 / 郎溪:54,没有独立环评栏目：受理公示与审批前公示混在「公示公告」栏目里（还混有采购、排污权出让等），故三列同址；已打开确认有环评条目（含广德市的多条）；1341条,
AH0158,AH0158,AH0158,,安徽省广德县经济开发区环保局分局,广德县开发区管委会五楼环保分局 / 安徽省宣城市广德县经济开发区环保局分局 / 安徽省宣城市广德县经济开发区环保局 / 广德市生态环境局广德县经济开发区环保局分局 / 安徽省宣城市广德经济开发区环保局分局 / 广德市生态环境局广德县经济开发区环保分局,,在用,开发区/园区,340000,341800,,,,341800-Z02,广德开发区,,,,,,否,,,宣城市广德市生态环境分局:3,生态环境,宣城市|广德开发区|生态环境,3400-E004,,https://sthjj.xuancheng.gov.cn/News/showList/43279/page_1.html,首页 > 新闻中心 > 公示公告,,已核实,2026-09-21,38,38,2016-03-23,2020-04-23,广德:38,没有独立环评栏目：受理公示与审批前公示混在「公示公告」栏目里（还混有采购、排污权出让等），故三列同址；已打开确认有环评条目（含广德市的多条）；38条,
AH0160,AH0160,AH0160,,宣城市生态环境局经开区分局,广德县环保局开发区分局 / 广德市生态环境局广德县环保局开发区分局,,在用,开发区/园区,340000,341800,,,,341800-Z03,本级开发区,,,,,,否,,,宣城市生态环境局:1,生态环境,宣城市|本级开发区|生态环境,3400-E004,,https://sthjj.xuancheng.gov.cn/News/showList/43279/page_1.html,首页 > 新闻中心 > 公示公告,,已核实,2026-09-21,26,26,2016-05-05,2026-07-13,(空):23 / 广德:2 / 宣州:1,没有独立环评栏目：受理公示与审批前公示混在「公示公告」栏目里（还混有采购、排污权出让等），故三列同址；已打开确认有环评条目（含广德市的多条）；26条,
AH0165,AH0165,AH0165,,开发区环保分局,,,在用,开发区/园区,340000,341800,,,,341800-Z01,宁国开发区,,,,,,否,,,宣城市宁国市生态环境分局:3,生态环境,宣城市|宁国开发区|开发区环保分局,3400-E004,,https://sthjj.xuancheng.gov.cn/News/showList/43279/page_1.html,首页 > 新闻中心 > 公示公告,,已核实,2026-09-21,3,3,2018-05-04,2018-05-22,宁国:3,没有独立环评栏目：受理公示与审批前公示混在「公示公告」栏目里（还混有采购、排污权出让等），故三列同址；已打开确认有环评条目（含广德市的多条）；3条,
AH0167,AH0167,AH0167,,广德经开区经发局,,,在用,开发区/园区,340000,341800,,,,341800-Z02,广德开发区,,,,,,否,,,宣城市广德市生态环境分局:1,其他部门,宣城市|广德开发区|经开区经发局,,,,,,,,2,2,2021-03-09,2021-03-09,广德:2,,
AH0176,AH0176,AH0176,,宣城市市政工程建设管理处,,,在用,市本级,340000,341800,,宣城市,宣城,,,,,,本级政府部门,,是,,,宣城市生态环境局:1,其他部门,宣城市|市本级|市政工程建设管理处,,,,,,,,1,1,2017-04-05,2017-04-05,(空):1,,
AH0178,AH0178,AH0178,,广德县开发区环保分局,,,在用,开发区/园区,340000,341800,,,,341800-Z02,广德开发区,,,,,,否,,,,生态环境,宣城市|广德开发区|开发区环保分局,3400-E004,,https://sthjj.xuancheng.gov.cn/News/showList/43279/page_1.html,首页 > 新闻中心 > 公示公告,,已核实,2026-09-21,1,1,2018-09-03,2018-09-03,广德:1,没有独立环评栏目：受理公示与审批前公示混在「公示公告」栏目里（还混有采购、排污权出让等），故三列同址；已打开确认有环评条目（含广德市的多条）；1条,
AH0182,AH0182,AH0182,,广德经济开发区经发局,,,在用,开发区/园区,340000,341800,,,,341800-Z02,广德开发区,,,,,,否,,,宣城市广德市生态环境分局:1,其他部门,宣城市|广德开发区|经济开发区经发局,,,,,,,,1,1,2023-02-24,2023-02-24,广德:1,,
