城市,入口URL,公告URL,标题,发布日期,发文机关,审批地区,项目名称,建设地点,项目地区,建设单位,环评机构,是否辐射,括号语义
南京市,https://sthjj.nanjing.gov.cn/ztzl/xzxkhxzzfxxgs/xzxkhzfxxhz/xmhpslqk_68811/,https://sthjj.nanjing.gov.cn/ztzl/xzxkhxzzfxxgs/pcjxxgk/lh/xmhpslqk_68872/202609/t20260923_5916570.html,南京市生态环境局关于2026年9月23日建设项目生态环境影响评价文件受理情况的公示（六合）,2026年9月23日,六合生态环境局,六合,六合西站地方配套工程站前路工程,六合区马鞍街道规划机场快速路交叉口，向北与经一路平面交叉，止于规划机场大道平交口,六合,南京市六合区交通运输局,苏交科集团股份有限公司,否,发文机关
南京市,https://sthjj.nanjing.gov.cn/ztzl/xzxkhxzzfxxgs/xzxkhzfxxhz/xmhpslqk_68811/,https://sthjj.nanjing.gov.cn/ztzl/xzxkhxzzfxxgs/pcjxxgk/xw/xmhpslqk_68824/202609/t20260923_5916126.html,南京市生态环境局关于2026年9月23日建设项目环境影响评价文件 受理情况的公示（玄武）,2026年9月23日,南京市玄武生态环境局,玄武,南京脉通血管医院建设工程,江苏省南京市玄武区龙蟠路9号兴隆大厦负一、三、四层,玄武,南京脉通血管医院有限公司,铭瑞环境科技（南京）有限公司,否,发文机关
南京市,https://sthjj.nanjing.gov.cn/ztzl/xzxkhxzzfxxgs/xzxkhzfxxhz/xmhpslqk_68811/,https://sthjj.nanjing.gov.cn/ztzl/xzxkhxzzfxxgs/sjxzxkhzfxx/xmhpslqk_68817/202609/t20260922_5915645.html,南京市生态环境局关于2026年9月22日建设项目生态环境影响评价文件受理情况的公示（市级）,2026年9月22日,南京市生态环境局,市本级,年产150万羽蛋鸡绿色、智慧、循环全链条升级项目,江苏省南京市溧水区东屏街道和平村108号,溧水,江苏春神农业科技发展有限公司,南京信佣工程咨询有限公司,否,层级
南京市,https://sthjj.nanjing.gov.cn/ztzl/xzxkhxzzfxxgs/xzxkhzfxxhz/xmhpslqk_68811/,https://sthjj.nanjing.gov.cn/ztzl/xzxkhxzzfxxgs/pcjxxgk/jn/xmhpslqk_68860/202609/t20260920_5914256.html,南京市生态环境局关于2026年9月20日建设项目环境影响评价文件受理情况的公示（江宁）,2026年9月20日,南京市江宁生态环境局,江宁,中西药制剂研发及药品质量研究检测实验室项目,江苏省南京市江宁区湖熟街道智造创新园2号楼7F,江宁,南京信路申医药科技有限公司,南京泽恒环保科技有限公司,否,发文机关
南京市,https://sthjj.nanjing.gov.cn/ztzl/xzxkhxzzfxxgs/xzxkhzfxxhz/xmhpslqk_68811/,https://sthjj.nanjing.gov.cn/ztzl/xzxkhxzzfxxgs/pcjxxgk/qx/xmhpslqk_68848/202609/t20260920_5913886.html,南京市生态环境局关于2026年9月20日建设项目生态环境影响评价文件受理情况的公示（栖霞）,2026年9月20日,栖霞生态环境局,栖霞,省质量和标准化研究院国家射频识别产品质量监督检验中心实验室改造项目,江苏省南京市栖霞区天马路20号马群科技园K地块3号楼,栖霞,江苏省质量和标准化研究院,江苏润环环境科技有限公司,否,发文机关
南京市,https://sthjj.nanjing.gov.cn/ztzl/xzxkhxzzfxxgs/xzxkhzfxxhz/xmhpslqk_68811/,https://sthjj.nanjing.gov.cn/ztzl/xzxkhxzzfxxgs/sjxzxkhzfxx/xmhpslqk_68817/202609/t20260917_5912353.html,2026年09月17日南京市生态环境局受理建设项目环评文件情况公示(辐射),2026年09月17日,南京市生态环境局,市本级,南京普合道六合光伏发电项目配套220千伏送出工程.pdf,江苏省南京市六合区马鞍街道、竹镇镇、程桥街道、龙池街道、江北新区葛塘街道（行政区划隶属六合区）,六合,国网江苏省电力有限公司南京供电分公司,江苏清全科技有限公司,是,业务类别
南京市,https://sthjj.nanjing.gov.cn/ztzl/xzxkhxzzfxxgs/xzxkhzfxxhz/xmhpslqk_68811/,https://sthjj.nanjing.gov.cn/ztzl/xzxkhxzzfxxgs/pcjxxgk/jn/xmhpslqk_68860/202609/t20260916_5912076.html,南京市生态环境局关于2026年9月16日建设项目环境影响评价文件受理情况的公示（江宁）,2026年9月16日,南京市江宁生态环境局,江宁,短蒸馏提纯扩建项目,南京市江宁区高新园芝兰路18号5号楼205室,江宁,南京普瑞生物医药有限公司,南京优态环境科技有限公司,否,发文机关
南京市,https://sthjj.nanjing.gov.cn/ztzl/xzxkhxzzfxxgs/xzxkhzfxxhz/xmhpslqk_68811/,https://sthjj.nanjing.gov.cn/ztzl/xzxkhxzzfxxgs/pcjxxgk/jn/xmhpslqk_68860/202609/t20260916_5912076.html,南京市生态环境局关于2026年9月16日建设项目环境影响评价文件受理情况的公示（江宁）,2026年9月16日,南京市江宁生态环境局,江宁,江苏朔立检测有限公司环境检测实验室项目,南京市江宁区东山街道万安东路88号,江宁,江苏朔立检测有限公司,南京伊环环境科技有限公司,否,发文机关
南京市,https://sthjj.nanjing.gov.cn/ztzl/xzxkhxzzfxxgs/xzxkhzfxxhz/xmhpslqk_68811/,https://sthjj.nanjing.gov.cn/ztzl/xzxkhxzzfxxgs/pcjxxgk/jn/xmhpslqk_68860/202609/t20260916_5912076.html,南京市生态环境局关于2026年9月16日建设项目环境影响评价文件受理情况的公示（江宁）,2026年9月16日,南京市江宁生态环境局,江宁,南京川馥记调味品及预制食品生产基地项目（一期）,江苏省南京市江宁区滨江开发区宝象路56号,江宁,南京川馥记食品有限公司,南京伊环环境科技有限公司,否,发文机关
南京市,https://sthjj.nanjing.gov.cn/ztzl/xzxkhxzzfxxgs/xzxkhzfxxhz/xmhpslqk_68811/,https://sthjj.nanjing.gov.cn/ztzl/xzxkhxzzfxxgs/pcjxxgk/qx/xmhpslqk_68848/202609/t20260914_5910125.html,南京市生态环境局关于2026年9月14日建设项目生态环境影响评价文件受理情况的公示（栖霞）,2026年9月14日,栖霞生态环境局,栖霞,翼禾医药工艺优化研发项目,江苏省南京市栖霞区仙林街道纬地路9号D6栋1002、1004室,栖霞,南京翼禾生物科技有限公司,南京亘屹环保科技有限公司,否,发文机关
南京市,https://sthjj.nanjing.gov.cn/ztzl/xzxkhxzzfxxgs/xzxkhzfxxhz/xmhpslqk_68811/,https://sthjj.nanjing.gov.cn/ztzl/xzxkhxzzfxxgs/pcjxxgk/jn/xmhpslqk_68860/202609/t20260909_5907866.html,南京市生态环境局关于2026年9月9日建设项目环境影响评价文件受理情况的公示（江宁）,2026年9月9日,南京市江宁生态环境局,江宁,废鸡蛋（废雏胚蛋）综合利用项目,南京市江宁区横溪街道西阳社区阴山矿兴龙路2号,江宁,江苏华美环保有限公司,江苏苏科咨询有限公司,否,发文机关
南京市,https://sthjj.nanjing.gov.cn/ztzl/xzxkhxzzfxxgs/xzxkhzfxxhz/xmhpslqk_68811/,https://sthjj.nanjing.gov.cn/ztzl/xzxkhxzzfxxgs/sjxzxkhzfxx/xmhpslqk_68817/202609/t20260909_5907551.html,2026年09月09日南京市生态环境局受理建设项目环评文件情况公示(辐射),2026年09月09日,南京市生态环境局,市本级,江苏南京新城中心220千伏变电站110千伏配套送出工程.pdf,南京市建邺区境内,建邺,国网江苏省电力有限公司南京供电分公司,江苏嘉溢安全环境科技服务有限公司,是,业务类别
南京市,https://sthjj.nanjing.gov.cn/ztzl/xzxkhxzzfxxgs/xzxkhzfxxhz/xmhpslqk_68811/,https://sthjj.nanjing.gov.cn/ztzl/xzxkhxzzfxxgs/pcjxxgk/ls/xmhpslqk_68878/202609/t20260908_5907107.html,南京市生态环境局关于2026年9月8日建设项目生态环境影响评价文件受理情况的公示（溧水）,2026年9月8日,南京市溧水生态环境局,溧水,年产1亿件LED电子元器件生产线项目,南京市溧水区东屏街道松岭路88号车创智谷产业园18、19栋,溧水,南京灿晶光电科技有限公司,,否,发文机关
南京市,https://sthjj.nanjing.gov.cn/ztzl/xzxkhxzzfxxgs/xzxkhzfxxhz/xmhpslqk_68811/,https://sthjj.nanjing.gov.cn/ztzl/xzxkhxzzfxxgs/pcjxxgk/qx/xmhpslqk_68848/202609/t20260904_5905368.html,南京市生态环境局关于2026年9月4日建设项目生态环境影响评价文件受理情况的公示（栖霞）,2026年9月4日,栖霞生态环境局,栖霞,AI驱动的新一代抗体和细胞治疗药物关键技术研发和产业化平台,江苏省南京市栖霞区仙林街道纬地路9号江苏生命科技创新园B5栋1、2楼,栖霞,南京康和细胞基因工程研究院有限公司,南京亘屹环保科技有限公司,否,发文机关
南京市,https://sthjj.nanjing.gov.cn/ztzl/xzxkhxzzfxxgs/xzxkhzfxxhz/xmhpslqk_68811/,https://sthjj.nanjing.gov.cn/ztzl/xzxkhxzzfxxgs/pcjxxgk/qx/xmhpslqk_68848/202609/t20260904_5905368.html,南京市生态环境局关于2026年9月4日建设项目生态环境影响评价文件受理情况的公示（栖霞）,2026年9月4日,栖霞生态环境局,栖霞,靶向药酯化单元催化材料研发项目,江苏省南京市栖霞区仙林街道仙林大学城纬地路9号江苏生命科技创新园C6栋506室,栖霞,新鼎承（南京）科技有限公司,南京瑞轩环保科技有限公司,否,发文机关
南京市,https://sthjj.nanjing.gov.cn/ztzl/xzxkhxzzfxxgs/xzxkhzfxxhz/xmhpslqk_68811/,https://sthjj.nanjing.gov.cn/ztzl/xzxkhxzzfxxgs/pcjxxgk/jn/xmhpslqk_68860/202609/t20260904_5905264.html,南京市生态环境局关于2026年9月4日建设项目环境影响评价文件受理情况的公示（江宁）,2026年9月4日,南京市江宁生态环境局,江宁,江宁区句容河综合整治工程,南京市江宁区湖熟街道汤水河口到涵头村句容河段,江宁,南京市江宁区水务局,南京嘉泽环境咨询有限公司,否,发文机关
南京市,https://sthjj.nanjing.gov.cn/ztzl/xzxkhxzzfxxgs/xzxkhzfxxhz/xmhpslqk_68811/,https://sthjj.nanjing.gov.cn/ztzl/xzxkhxzzfxxgs/pcjxxgk/jn/xmhpslqk_68860/202609/t20260903_5904879.html,南京市生态环境局关于2026年9月3日建设项目环境影响评价文件受理情况的公示（江宁）,2026年9月3日,南京市江宁生态环境局,江宁,玻璃制品深加工项目,江苏省南京市江宁区淳化街道青山社区杨家庄,江宁,南京慧河节能玻璃有限公司,江苏南京博晟环境科技有限公司,否,发文机关
南京市,https://sthjj.nanjing.gov.cn/ztzl/xzxkhxzzfxxgs/xzxkhzfxxhz/xmhpslqk_68811/,https://sthjj.nanjing.gov.cn/ztzl/xzxkhxzzfxxgs/pcjxxgk/yht/xmhpslqk_68854/202609/t20260903_5904848.html,南京市生态环境局关于2026年9月3日建设项目环境影响评价文件受理情况的公示（雨花台）,2026年9月3日,南京市雨花台生态环境局,雨花台,报纸印刷产线技改项目,南京市雨花台区凤舞路15号,雨花台,南京时代传媒股份有限公司,南大环境规划设计研究院(江苏)有限公司,否,发文机关
南京市,https://sthjj.nanjing.gov.cn/ztzl/xzxkhxzzfxxgs/xzxkhzfxxhz/xmhpslqk_68811/,https://sthjj.nanjing.gov.cn/ztzl/xzxkhxzzfxxgs/pcjxxgk/yht/xmhpslqk_68854/202609/t20260903_5904848.html,南京市生态环境局关于2026年9月3日建设项目环境影响评价文件受理情况的公示（雨花台）,2026年9月3日,南京市雨花台生态环境局,雨花台,生物实验室建设项目,南京市雨花台区凤舞路11号,雨花台,南京博恩生物技术有限公司,江苏翠峰生态环境有限公司,否,发文机关
南京市,https://sthjj.nanjing.gov.cn/ztzl/xzxkhxzzfxxgs/xzxkhzfxxhz/xmhpslqk_68811/,https://sthjj.nanjing.gov.cn/ztzl/xzxkhxzzfxxgs/pcjxxgk/jn/xmhpslqk_68860/202505/t20250508_5433901.html,2025年5月8日环境影响评价文件受理情况公告（江宁区）,2025年5月8日,南京市江宁生态环境局,江宁,际华特种防护与应急保障基地项目,南京市江宁区滨江经济开发区飞鹰路36号,江宁,南京际华装备科技有限公司,南京市中业环保科技有限公司,否,发文机关
南京市,https://sthjj.nanjing.gov.cn/ztzl/xzxkhxzzfxxgs/xzxkhzfxxhz/xmhpslqk_68811/,https://sthjj.nanjing.gov.cn/ztzl/xzxkhxzzfxxgs/sjxzxkhzfxx/xmhpslqk_68817/202504/t20250421_5131958.html,2025年4月21日南京市生态环境局受理建设项目环评文件情况公示(辐射),2025年4月21日,南京市生态环境局,市本级,南京鑫智能源装备有限公司年产 10000台智能药化装备生产项目（固定探伤项目）.pdf,江苏省南京市高淳区东坝街道双芜路1号,高淳,南京鑫智能源装备有限公司,江苏睿源环境科技有限公司,是,业务类别
南京市,https://sthjj.nanjing.gov.cn/ztzl/xzxkhxzzfxxgs/xzxkhzfxxhz/xmhpslqk_68811/,https://sthjj.nanjing.gov.cn/ztzl/xzxkhxzzfxxgs/sjxzxkhzfxx/xmhpslqk_68817/202504/t20250415_5128761.html,2025年4月15日南京市生态环境局受理建设项目环评文件情况公示(辐射),2025年4月15日,南京市生态环境局,市本级,江苏南京鲜鱼110千伏开关站1号2号主变扩建工程.pdf,南京市鼓楼区下关街道,鼓楼,国网江苏省电力有限公司南京供电分公司,江苏通凯生态科技有限公司,是,业务类别
南京市,https://sthjj.nanjing.gov.cn/ztzl/xzxkhxzzfxxgs/xzxkhzfxxhz/xmhpslqk_68811/,https://sthjj.nanjing.gov.cn/ztzl/xzxkhxzzfxxgs/sjxzxkhzfxx/xmhpslqk_68817/202504/t20250415_5128761.html,2025年4月15日南京市生态环境局受理建设项目环评文件情况公示(辐射),2025年4月15日,南京市生态环境局,市本级,江苏南京双湖110千伏变电站1号主变扩建工程.pdf,南京市高淳区紫荆大道与双湖路交叉口西北侧，现有双湖110kV变电站内,高淳,国网江苏省电力有限公司南京供电分公司,江苏通凯生态科技有限公司,是,业务类别
南京市,https://sthjj.nanjing.gov.cn/ztzl/xzxkhxzzfxxgs/xzxkhzfxxhz/xmhpslqk_68811/,https://sthjj.nanjing.gov.cn/ztzl/xzxkhxzzfxxgs/sjxzxkhzfxx/xmhpslqk_68817/202504/t20250411_5126756.html,2025年4月11日南京市生态环境局受理建设项目环评文件情况公示(辐射),2025年4月11日,南京市生态环境局,市本级,南京科学园220千伏变电站110千伏送出工程.pdf,南京市江宁科学园片区境内,江宁,国网江苏省电力有限公司南京供电分公司,江苏嘉溢安全环境科技服务有限公司,是,业务类别
南京市,https://sthjj.nanjing.gov.cn/ztzl/xzxkhxzzfxxgs/xzxkhzfxxhz/xmhpslqk_68811/,https://sthjj.nanjing.gov.cn/ztzl/xzxkhxzzfxxgs/sjxzxkhzfxx/xmhpslqk_68817/202504/t20250411_5126756.html,2025年4月11日南京市生态环境局受理建设项目环评文件情况公示(辐射),2025年4月11日,南京市生态环境局,市本级,民用飞机零部件生产线检测改造项目（辐射专题）.pdf,南京市江宁区国华路9号（江宁开发区）,江宁,中航工业南京机电科技有限公司,江苏睿源环境科技有限公司,是,业务类别
南京市,https://sthjj.nanjing.gov.cn/ztzl/xzxkhxzzfxxgs/xzxkhzfxxhz/xmhpslqk_68811/,https://sthjj.nanjing.gov.cn/ztzl/xzxkhxzzfxxgs/sjxzxkhzfxx/xmhpslqk_68817/202504/t20250409_5114407.html,2025年4月9日南京市生态环境局受理建设项目环评文件情况公示(辐射),2025年4月9日,南京市生态环境局,市本级,南京吉冲~骆家110千伏线路工程.pdf,南京市栖霞区境内,栖霞,国网江苏省电力有限公司南京供电分公司,江苏嘉溢安全环境科技服务有限公司,是,业务类别
南京市,https://sthjj.nanjing.gov.cn/ztzl/xzxkhxzzfxxgs/xzxkhzfxxhz/xmhpslqk_68811/,https://sthjj.nanjing.gov.cn/ztzl/xzxkhxzzfxxgs/sjxzxkhzfxx/xmhpslqk_68817/202503/t20250331_5107664.html,2025年3月31日南京市生态环境局受理建设项目环评文件情况公示(辐射),2025年3月31日,南京市生态环境局,市本级,江苏航浦国创复材研究院有限公司复合材料结构舱段研制项目（辐射专题）.pdf,南京市六合区郁庄路2号六合科技城A3栋,六合,江苏航浦国创复材研究院有限公司,江苏玖清玖蓝环保科技有限公司,是,业务类别
南京市,https://sthjj.nanjing.gov.cn/ztzl/xzxkhxzzfxxgs/xzxkhzfxxhz/xmhpslqk_68811/,https://sthjj.nanjing.gov.cn/ztzl/xzxkhxzzfxxgs/sjxzxkhzfxx/xmhpslqk_68817/202503/t20250331_5107664.html,2025年3月31日南京市生态环境局受理建设项目环评文件情况公示(辐射),2025年3月31日,南京市生态环境局,市本级,南京扬子特种设备检测有限公司新建移动式X射线探伤项目.pdf,客户厂区内（探伤机贮存场所：江苏省南京市江北新区长芦街道成品路与动力路交叉路口往北约120米南京扬子特种设备检测有限公司厂区射线机仪器室）,江北新区,南京扬子特种设备检测有限公司,江苏玖清玖蓝环保科技有限公司,是,业务类别
南京市,https://sthjj.nanjing.gov.cn/ztzl/xzxkhxzzfxxgs/xzxkhzfxxhz/xmhpslqk_68811/,https://sthjj.nanjing.gov.cn/ztzl/xzxkhxzzfxxgs/sjxzxkhzfxx/xmhpslqk_68817/202503/t20250321_5100572.html,2025年3月21日南京市生态环境局受理建设项目环评文件情况公示(辐射),2025年3月21日,南京市生态环境局,市本级,范德威尔（南京）纺织机械有限公司新建1台X射线实时成像检测装置项目.pdf,公司生产车间X光室,,范德威尔（南京）纺织机械有限公司,江苏玖清玖蓝环保科技有限公司,是,业务类别
南京市,https://sthjj.nanjing.gov.cn/ztzl/xzxkhxzzfxxgs/xzxkhzfxxhz/xmhpslqk_68811/,https://sthjj.nanjing.gov.cn/ztzl/xzxkhxzzfxxgs/pcjxxgk/yht/xmhpslqk_68854/202503/t20250320_5099975.html,2025年3月20日南京市雨花台生态环境局受理建设项目环评文件情况公示（辐射）,2025年3月20日,雨花台区生态环境局,雨花台,雨花经济开发区产业园区配套基础设施一期工程（220kV秦滨2M15/2M16线10#-23#塔杆线迁移）,江苏省南京市雨花台区雨花经济开发区,雨花台,南京市雨花经济开发区管理委员会,江苏麒羽科技有限公司,是,业务类别
南京市,https://sthjj.nanjing.gov.cn/ztzl/xzxkhxzzfxxgs/xzxkhzfxxhz/xmhpslqk_68811/,https://sthjj.nanjing.gov.cn/ztzl/xzxkhxzzfxxgs/pcjxxgk/xw/xmhpslqk_68824/202503/t20250317_5096985.html,2025年3月17日南京市玄武生态环境局受理建设项目环评文件情况公示(玄武区),2025年3月17日,南京市玄武生态环境局,玄武,,,,,,否,发文机关
南京市,https://sthjj.nanjing.gov.cn/ztzl/xzxkhxzzfxxgs/xzxkhzfxxhz/xmhpslqk_68811/,https://sthjj.nanjing.gov.cn/ztzl/xzxkhxzzfxxgs/sjxzxkhzfxx/xmhpslqk_68817/202503/t20250307_5091046.html,2025年3月7日南京市生态环境局受理建设项目环评文件情况公示(辐射),2025年3月7日,南京市生态环境局,市本级,312国道宁镇界至七乡河段工程（220kV西平线迁改工程）.pdf,南京市栖霞区,栖霞,南京市公路事业发展中心,江苏睿源环境科技有限公司,是,业务类别
南京市,https://sthjj.nanjing.gov.cn/ztzl/xzxkhxzzfxxgs/xzxkhzfxxhz/xmhpslqk_68811/,https://sthjj.nanjing.gov.cn/ztzl/xzxkhxzzfxxgs/sjxzxkhzfxx/xmhpslqk_68817/202502/t20250221_5080276.html,2025年2月21日南京市生态环境局受理建设项目环评文件情况公示(辐射),2025年2月21日,南京市生态环境局,市本级,河海大学新建1台工业CT装置项目.pdf,江苏省南京市江宁区佛城西路8号笃学楼西部1层岩土体分析室,江宁,河海大学,江苏玖清玖蓝环保科技有限公司,是,业务类别
南京市,https://sthjj.nanjing.gov.cn/ztzl/xzxkhxzzfxxgs/xzxkhzfxxhz/xmhpslqk_68811/,https://sthjj.nanjing.gov.cn/ztzl/xzxkhxzzfxxgs/sjxzxkhzfxx/xmhpslqk_68817/202502/t20250221_5080276.html,2025年2月21日南京市生态环境局受理建设项目环评文件情况公示(辐射),2025年2月21日,南京市生态环境局,市本级,招商局金陵船舶（南京）有限公司固定式X射线探伤房扩建项目.pdf,南京市鼓楼区燕江路55号不锈钢车间,鼓楼,招商局金陵船舶（南京）有限公司,江苏玖清玖蓝环保科技有限公司,是,业务类别
南京市,https://sthjj.nanjing.gov.cn/ztzl/xzxkhxzzfxxgs/xzxkhzfxxhz/xmhpslqk_68811/,https://sthjj.nanjing.gov.cn/ztzl/xzxkhxzzfxxgs/sjxzxkhzfxx/xmhpslqk_68817/202502/t20250214_5075082.html,2025年2月14日南京市生态环境局受理建设项目环评文件情况公示(辐射),2025年2月14日,南京市生态环境局,市本级,江苏特检科技有限公司新建8台移动式X射线探伤项目环境影响评价报告 .pdf,栖霞区燕子矶街道燕尧路100号检测楼2楼,栖霞,江苏特检科技有限公司,南京泰坤环境检测有限公司,是,业务类别
南京市,https://sthjj.nanjing.gov.cn/ztzl/xzxkhxzzfxxgs/xzxkhzfxxhz/xmhpslqk_68811/,https://sthjj.nanjing.gov.cn/ztzl/xzxkhxzzfxxgs/sjxzxkhzfxx/xmhpslqk_68817/202502/t20250211_5072251.html,2025年2月11日南京市生态环境局受理建设项目环评文件情况公示(辐射),2025年2月11日,南京市生态环境局,市本级,南京市六合区中医院新增一台DSA项目.pdf,江苏省南京市六合区龙池街道新棠路181号,六合,南京市六合区中医院,江苏玖清玖蓝环保科技有限公司,是,业务类别
南京市,https://sthjj.nanjing.gov.cn/ztzl/xzxkhxzzfxxgs/xzxkhzfxxhz/xmhpslqk_68811/,https://sthjj.nanjing.gov.cn/ztzl/xzxkhxzzfxxgs/sjxzxkhzfxx/xmhpslqk_68817/202501/t20250117_5058849.html,2025年1月17日南京市生态环境局受理建设项目环评文件情况公示(辐射),2025年1月17日,南京市生态环境局,市本级,国网江苏南京变检110kV吉龙变2号主变调拨.pdf,江苏省南京市江宁区秣陵街道吉印大道南侧东南大学校区内,江宁,国网江苏省电力有限公司南京供电分公司,江苏清全科技有限公司,是,业务类别
南京市,https://sthjj.nanjing.gov.cn/ztzl/xzxkhxzzfxxgs/xzxkhzfxxhz/xmhpslqk_68811/,https://sthjj.nanjing.gov.cn/ztzl/xzxkhxzzfxxgs/sjxzxkhzfxx/xmhpslqk_68817/202412/t20241227_5043139.html,2024年12月27日南京市生态环境局受理建设项目环评文件情况公示(辐射)-1,2024年12月27日,南京市生态环境局,市本级,国网江苏南京变检110kV悦民变2号主变调拨.pdf,江苏省南京市江宁区麒麟街道东麒路,江宁,国网江苏省电力有限公司南京供电分公司,江苏清全科技有限公司,是,业务类别
南京市,https://sthjj.nanjing.gov.cn/ztzl/xzxkhxzzfxxgs/xzxkhzfxxhz/xmhpslqk_68811/,https://sthjj.nanjing.gov.cn/ztzl/xzxkhxzzfxxgs/sjxzxkhzfxx/xmhpslqk_68817/202507/t20250722_5612671.html,2025年7月22日南京市生态环境局受理建设项目环评文件情况公示(辐射),2025年7月22日,南京市生态环境局,市本级,南京云极芯半导体科技有限公司集成电路探针卡生产基地项目（辐射专项）.pdf,南京市浦口区百合路161号,浦口,南京云极芯半导体科技有限公司,南京瑞森辐射技术有限公司,是,业务类别
南京市,https://sthjj.nanjing.gov.cn/ztzl/xzxkhxzzfxxgs/xzxkhzfxxhz/xmhpslqk_68811/,https://sthjj.nanjing.gov.cn/ztzl/xzxkhxzzfxxgs/sjxzxkhzfxx/xmhpslqk_68817/202507/t20250717_5609874.html,2025年7月17日南京市生态环境局受理建设项目环评文件情况公示(辐射),2025年7月17日,南京市生态环境局,市本级,工业CT设备生产项目.pdf,南京市浦口区林春路3号,浦口,南京华视智能科技股份有限公司,江苏睿源环境科技有限公司,是,业务类别
南京市,https://sthjj.nanjing.gov.cn/ztzl/xzxkhxzzfxxgs/xzxkhzfxxhz/xmhpslqk_68811/,https://sthjj.nanjing.gov.cn/ztzl/xzxkhxzzfxxgs/sjxzxkhzfxx/xmhpslqk_68817/202507/t20250711_5605587.html,2025年7月11日南京市生态环境局受理建设项目环评文件情况公示(辐射),2025年7月11日,南京市生态环境局,市本级,中国医学科学院皮肤病医院新增2台浅层X线放射治疗系统项目.pdf,南京市玄武区蒋王庙街12号,玄武,中国医学科学院皮肤病医院（中国医学科学院皮肤病研究所）,南京瑞森辐射技术有限公司,是,业务类别
南京市,https://sthjj.nanjing.gov.cn/ztzl/xzxkhxzzfxxgs/xzxkhzfxxhz/xmhpslqk_68811/,https://sthjj.nanjing.gov.cn/ztzl/xzxkhxzzfxxgs/sjxzxkhzfxx/xmhpslqk_68817/202506/t20250630_5596503.html,2025年6月30日南京市生态环境局受理建设项目环评文件情况公示(辐射)-1,2025年6月30日,南京市生态环境局,市本级,南京东善桥~科学园220千伏线路工程.pdf,南京市江宁经济技术开发区、江宁高新区,江宁,国网江苏省电力有限公司南京供电分公司,江苏通凯生态科技有限公司,是,业务类别
南京市,https://sthjj.nanjing.gov.cn/ztzl/xzxkhxzzfxxgs/xzxkhzfxxhz/xmhpslqk_68811/,https://sthjj.nanjing.gov.cn/ztzl/xzxkhxzzfxxgs/sjxzxkhzfxx/xmhpslqk_68817/202506/t20250630_5596339.html,2025年6月30日南京市生态环境局受理建设项目环评文件情况公示(辐射),2025年6月30日,南京市生态环境局,市本级,南京应天骨科医院新建1台DSA应用项目.pdf,南京经开区新港大道78号,本级开发区,南京应天骨科医院,南京泰坤环境检测有限公司,是,业务类别
南京市,https://sthjj.nanjing.gov.cn/ztzl/xzxkhxzzfxxgs/xzxkhzfxxhz/xmhpslqk_68811/,https://sthjj.nanjing.gov.cn/ztzl/xzxkhxzzfxxgs/sjxzxkhzfxx/xmhpslqk_68817/202506/t20250627_5595523.html,2025年6月27日南京市生态环境局受理建设项目环评文件情况公示(辐射),2025年6月27日,南京市生态环境局,市本级,汽车零部件生产线升级改造项目（辐射专题）.pdf,南京市江宁区禄口街道来凤路38号,江宁,胡连电子（南京）有限公司,南京伊环环境科技有限公司,是,业务类别
南京市,https://sthjj.nanjing.gov.cn/ztzl/xzxkhxzzfxxgs/xzxkhzfxxhz/xmhpslqk_68811/,https://sthjj.nanjing.gov.cn/ztzl/xzxkhxzzfxxgs/sjxzxkhzfxx/xmhpslqk_68817/202506/t20250623_5591670.html,2025年6月23日南京市生态环境局受理建设项目环评文件情况公示(辐射),2025年6月23日,南京市生态环境局,市本级,南京中科华兴应急科技研究院新建移动式X射线探伤机项目环境影响评价报告.pdf,南京市江宁经济技术开发区东吉大道 1 号,江宁,南京中科华兴应急科技研究院有限公司,南京泰坤环境检测有限公司,是,业务类别
南京市,https://sthjj.nanjing.gov.cn/ztzl/xzxkhxzzfxxgs/xzxkhzfxxhz/xmhpslqk_68811/,https://sthjj.nanjing.gov.cn/ztzl/xzxkhxzzfxxgs/sjxzxkhzfxx/xmhpslqk_68817/202506/t20250619_5589794.html,2025年6月19日南京市生态环境局受理建设项目环评文件情况公示(辐射)-1,2025年6月19日,南京市生态环境局,市本级,南京牧龙~板桥π入公塘变电站220千伏线路工程等电网项目——南京东善桥~龙山π入公塘变220千伏线路工程.pdf,南京市江宁区境内,江宁,国网江苏省电力有限公司南京供电分公司,江苏嘉溢安全环境科技服务有限公司,是,业务类别
南京市,https://sthjj.nanjing.gov.cn/ztzl/xzxkhxzzfxxgs/xzxkhzfxxhz/xmhpslqk_68811/,https://sthjj.nanjing.gov.cn/ztzl/xzxkhxzzfxxgs/sjxzxkhzfxx/xmhpslqk_68817/202506/t20250619_5589346.html,2025年6月19日南京市生态环境局受理建设项目环评文件情况公示(辐射),2025年6月19日,南京市生态环境局,市本级,南京博纳能源环保集团有限公司新建1座固定式X射线探伤房项目.pdf,南京江北新区智能制造园博富路11号厂房1北侧,江北新区,南京博纳能源环保集团有限公司,江苏玖清玖蓝环保科技有限公司,是,业务类别
南京市,https://sthjj.nanjing.gov.cn/ztzl/xzxkhxzzfxxgs/xzxkhzfxxhz/xmhpslqk_68811/,https://sthjj.nanjing.gov.cn/ztzl/xzxkhxzzfxxgs/sjxzxkhzfxx/xmhpslqk_68817/202506/t20250618_5588922.html,2025年6月18日南京市生态环境局受理建设项目环评文件情况公示(辐射),2025年6月18日,南京市生态环境局,市本级,中兴通讯（南京）有限责任公司在线式3D-X-RAY检测装置购置项目.pdf,南京市江宁区江宁街道牧龙中路1号,江宁,中兴通讯（南京）有限责任公司,江苏玖清玖蓝环保科技有限公司,是,业务类别
南京市,https://sthjj.nanjing.gov.cn/ztzl/xzxkhxzzfxxgs/xzxkhzfxxhz/xmhpslqk_68811/,https://sthjj.nanjing.gov.cn/ztzl/xzxkhxzzfxxgs/sjxzxkhzfxx/xmhpslqk_68817/202506/t20250613_5585670.html,2025年6月13日南京市生态环境局受理建设项目环评文件情况公示(辐射),2025年6月13日,南京市生态环境局,市本级,南京理工大学扩建1台工业CT装置项目.pdf,江苏省南京市玄武区孝陵卫街道孝陵卫街200号,玄武,南京理工大学,江苏睿源环境科技有限公司,是,业务类别
南京市,https://sthjj.nanjing.gov.cn/ztzl/xzxkhxzzfxxgs/xzxkhzfxxhz/xmhpslqk_68811/,https://sthjj.nanjing.gov.cn/ztzl/xzxkhxzzfxxgs/sjxzxkhzfxx/xmhpslqk_68817/202506/t20250605_5578242.html,2025年6月5日南京市生态环境局受理建设项目环评文件情况公示(辐射),2025年6月5日,南京市生态环境局,市本级,江苏南京小青110千伏开关站1号2号主变扩建工程.pdf,江苏省南京市建邺区,建邺,国网江苏省电力有限公司南京供电分公司,江苏清全科技有限公司,是,业务类别
南京市,https://sthjj.nanjing.gov.cn/ztzl/xzxkhxzzfxxgs/xzxkhzfxxhz/xmhpslqk_68811/,https://sthjj.nanjing.gov.cn/ztzl/xzxkhxzzfxxgs/pcjxxgk/xw/xmhpslqk_68824/202505/t20250530_5574144.html,2025年5月30日南京市玄武生态环境局受理建设项目环评文件情况公示(玄武区),2025年5月30日,南京市玄武生态环境局,玄武,,,,,,否,发文机关
南京市,https://sthjj.nanjing.gov.cn/ztzl/xzxkhxzzfxxgs/xzxkhzfxxhz/xmhpslqk_68811/,https://sthjj.nanjing.gov.cn/ztzl/xzxkhxzzfxxgs/sjxzxkhzfxx/xmhpslqk_68817/202505/t20250529_5573321.html,2025年5月29日南京市生态环境局受理建设项目环评文件情况公示(辐射),2025年5月29日,南京市生态环境局,市本级,新能源电池新型核心部件生产项目（X光检测设备项目）.pdf,南京市高淳区经济开发区全风环保公司东侧，四至范围东临古檀大道、南临凤山路、西临桃园北路、北临戴卫路,高淳,江苏华智汽车零部件有限公司,江苏睿源环境科技有限公司,是,业务类别
南京市,https://sthjj.nanjing.gov.cn/ztzl/xzxkhxzzfxxgs/xzxkhzfxxhz/xmhpslqk_68811/,https://sthjj.nanjing.gov.cn/ztzl/xzxkhxzzfxxgs/pcjxxgk/xw/xmhpslqk_68824/202505/t20250513_5561025.html,2025年5月13日南京市玄武生态环境局受理建设项目环评文件情况公示(玄武区),2025年5月13日,南京市玄武生态环境局,玄武,,,,,,否,发文机关
南京市,https://sthjj.nanjing.gov.cn/ztzl/xzxkhxzzfxxgs/xzxkhzfxxhz/xmhpslqk_68811/,https://sthjj.nanjing.gov.cn/ztzl/xzxkhxzzfxxgs/sjxzxkhzfxx/xmhpslqk_68817/202510/t20251011_5664807.html,2025年10月11日南京市生态环境局受理建设项目环评文件情况公示(辐射),2025年10月11日,南京市生态环境局,市本级,六合龙池头桥渔光互补光伏项目110kV送出线路工程,江苏省南京市六合区龙池街道、江北新区葛塘街道,六合,南京星俊新能源有限公司,江苏南京博晟环境科技有限公司,是,业务类别
南京市,https://sthjj.nanjing.gov.cn/ztzl/xzxkhxzzfxxgs/xzxkhzfxxhz/xmhpslqk_68811/,https://sthjj.nanjing.gov.cn/ztzl/xzxkhxzzfxxgs/sjxzxkhzfxx/xmhpslqk_68817/202510/t20251009_5662401.html,2025年10月9日南京市生态环境局受理建设项目环评文件情况公示(辐射),2025年10月9日,南京市生态环境局,市本级,特种压力设备扩产项目（迁建固定式X射线探伤项目）.pdf,南京市江宁区禄口街道华商路36号,江宁,南京麦驰钛业有限公司,南京伊环环境科技有限公司,是,业务类别
南京市,https://sthjj.nanjing.gov.cn/ztzl/xzxkhxzzfxxgs/xzxkhzfxxhz/xmhpslqk_68811/,https://sthjj.nanjing.gov.cn/ztzl/xzxkhxzzfxxgs/sjxzxkhzfxx/xmhpslqk_68817/202509/t20250930_5661305.html,南京市生态环境局关于2025年9月30日建设项目环境影响评价文件受理情况的公示（市级）,2025年9月30日,南京市生态环境局,市本级,水阳江西陡门至甘家拐段航道整治工程,南京市高淳区,高淳,南京市交通运输局,苏交科集团股份有限公司,否,层级
南京市,https://sthjj.nanjing.gov.cn/ztzl/xzxkhxzzfxxgs/xzxkhzfxxhz/xmhpslqk_68811/,https://sthjj.nanjing.gov.cn/ztzl/xzxkhxzzfxxgs/sjxzxkhzfxx/xmhpslqk_68817/202509/t20250930_5661510.html,2025年9月30日南京市生态环境局受理建设项目环评文件情况公示(辐射),2025年9月30日,南京市生态环境局,市本级,江苏南京明都110千伏开关站1号2号主变扩建工程.pdf,南京市秦淮区、雨花台区境内,雨花台,国网江苏省电力有限公司南京供电分公司,江苏嘉溢安全环境科技服务有限公司,是,业务类别
南京市,https://sthjj.nanjing.gov.cn/ztzl/xzxkhxzzfxxgs/xzxkhzfxxhz/xmhpslqk_68811/,https://sthjj.nanjing.gov.cn/ztzl/xzxkhxzzfxxgs/pcjxxgk/xw/xmhpslqk_68824/202509/t20250929_5659408.html,南京市生态环境局关于2025年9月29日建设项目环评文件受理情况的公示(玄武),2025年9月29日,南京市玄武生态环境局,玄武,木子宠物医院玄武分公司装修改造项目环评公示稿,江苏省南京市玄武区龙蟠中路95号-4、-5,玄武,淮安市木子宠物医院有限公司南京玄武分公司,江苏润环环境科技有限公司,否,发文机关
南京市,https://sthjj.nanjing.gov.cn/ztzl/xzxkhxzzfxxgs/xzxkhzfxxhz/xmhpslqk_68811/,https://sthjj.nanjing.gov.cn/ztzl/xzxkhxzzfxxgs/pcjxxgk/gc/xmhpslqk_68884/202509/t20250926_5657268.html,南京市生态环境局关于2025年9月26日建设项目环境影响评价文件受理情况的公示（高淳）,2025年9月26日,南京市生态环境局,市本级,江苏统一企业有限公司400bpm无菌线项目,江苏省南京市高淳经济开发区古檀大道301号,高淳,江苏统一企业有限公司,南京新萌芽环境工程有限公司,否,项目属地
南京市,https://sthjj.nanjing.gov.cn/ztzl/xzxkhxzzfxxgs/xzxkhzfxxhz/xmhpslqk_68811/,https://sthjj.nanjing.gov.cn/ztzl/xzxkhxzzfxxgs/pcjxxgk/lh/xmhpslqk_68872/202509/t20250924_5655574.html,南京市生态环境局关于2025年9月24日建设项目环境影响评价文件受理情况的公示（六合）,2025年9月24日,六合生态环境局,六合,泵类及环保设备生产线技术改造项目,六合区横梁街道滕营路204号,六合,南京汇蓝环保设备有限公司,南京新萌芽环境工程有限公司,否,发文机关
南京市,https://sthjj.nanjing.gov.cn/ztzl/xzxkhxzzfxxgs/xzxkhzfxxhz/xmhpslqk_68811/,https://sthjj.nanjing.gov.cn/ztzl/xzxkhxzzfxxgs/pcjxxgk/lh/xmhpslqk_68872/202509/t20250924_5655574.html,南京市生态环境局关于2025年9月24日建设项目环境影响评价文件受理情况的公示（六合）,2025年9月24日,六合生态环境局,六合,肿瘤诊断及治疗医疗器械设备生产项目,六合区龙袍街道南京四桥经济园府前南路18号,六合,南京诺源医疗器械有限公司,南京珞石环境科技有限公司,否,发文机关
南京市,https://sthjj.nanjing.gov.cn/ztzl/xzxkhxzzfxxgs/xzxkhzfxxhz/xmhpslqk_68811/,https://sthjj.nanjing.gov.cn/ztzl/xzxkhxzzfxxgs/sjxzxkhzfxx/xmhpslqk_68817/202509/t20250918_5651774.html,南京市生态环境局关于2025年9月18日建设项目环境影响评价文件受理情况的公示（市级）,2025年9月18日,南京市生态环境局,市本级,规二路西延工程,南京市雨花台区,雨花台,中国（南京）软件谷管理委员会,江苏环保产业技术研究院股份公司,否,层级
南京市,https://sthjj.nanjing.gov.cn/ztzl/xzxkhxzzfxxgs/xzxkhzfxxhz/xmhpslqk_68811/,https://sthjj.nanjing.gov.cn/ztzl/xzxkhxzzfxxgs/pcjxxgk/gc/xmhpslqk_68884/202509/t20250908_5644697.html,南京市生态环境局关于2025年9月8日建设项目环境影响评价文件受理情况的公示（高淳）,2025年9月8日,南京市生态环境局,市本级,南京铖联激光科技有限公司医疗个性化齿科产品产业基地项目,江苏省南京市高淳区经济开发区凤山路115号南京医疗器械产业园云溪医谷21幢,高淳,南京铖联激光科技有限公司,淮安晓牧环保服务有限公司,否,项目属地
南京市,https://sthjj.nanjing.gov.cn/ztzl/xzxkhxzzfxxgs/xzxkhzfxxhz/xmhpslqk_68811/,https://sthjj.nanjing.gov.cn/ztzl/xzxkhxzzfxxgs/pcjxxgk/yht/xmhpslqk_68854/202508/t20250826_5636172.html,2025年8月26日南京市雨花台生态环境局受理建设项目环评文件情况公示（辐射）,2025年8月26日,雨花台区生态环境局,雨花台,110kV大梅#1、#2线#01至#05塔杆线迁移下地工程,江苏省南京市雨花台区西善桥街道,雨花台,南京雨花新城发展有限公司,江苏麒羽科技有限公司,是,业务类别
南京市,https://sthjj.nanjing.gov.cn/ztzl/xzxkhxzzfxxgs/xzxkhzfxxhz/xmhpslqk_68811/,https://sthjj.nanjing.gov.cn/ztzl/xzxkhxzzfxxgs/pcjxxgk/gc/xmhpslqk_68884/202508/t20250822_5633957.html,2025年8月22日南京市高淳生态环境局受理建设项目环评文件情况公示（高淳区）,2025年8月22日,南京市生态环境局,市本级,导视系统产品生产,江苏省南京市高淳区漆桥街道双联工业园双秀路29号厂房,高淳,南京向美导视系统科技有限公司,南京瑞轩环保科技有限公司,否,项目属地
南京市,https://sthjj.nanjing.gov.cn/ztzl/xzxkhxzzfxxgs/xzxkhzfxxhz/xmhpslqk_68811/,https://sthjj.nanjing.gov.cn/ztzl/xzxkhxzzfxxgs/sjxzxkhzfxx/xmhpslqk_68817/202508/t20250819_5630566.html,2025年8月19日南京市生态环境局受理建设项目环评文件情况公示(辐射),2025年8月19日,南京市生态环境局,市本级,中铁四局北沿江铁路 220千伏三黄 2Y21、三槽2Y22线4#-5#、8#-9#杆线迁移工程 （公示本）.pdf,南京市六合区龙池街道、江北新区葛塘街道,六合,中铁四局集团电气化工程有限公司,江苏通凯生态科技有限公司,是,业务类别
南京市,https://sthjj.nanjing.gov.cn/ztzl/xzxkhxzzfxxgs/xzxkhzfxxhz/xmhpslqk_68811/,https://sthjj.nanjing.gov.cn/ztzl/xzxkhxzzfxxgs/pcjxxgk/gc/xmhpslqk_68884/202508/t20250815_5628621.html,2025年8月15日南京市高淳生态环境局受理建设项目环评文件情况公示（高淳区）,2025年8月15日,南京市生态环境局,市本级,5G智能化数控机床研发生产项目,江苏省江苏高淳经济开发区游山路以南、苍溪路以东四期标准厂房8号楼,高淳,江苏克劳斯机床有限公司,南京瑞轩环保科技有限公司,否,项目属地
南京市,https://sthjj.nanjing.gov.cn/ztzl/xzxkhxzzfxxgs/xzxkhzfxxhz/xmhpslqk_68811/,https://sthjj.nanjing.gov.cn/ztzl/xzxkhxzzfxxgs/pcjxxgk/xw/xmhpslqk_68824/202508/t20250805_5621848.html,2025年8月5日南京市玄武生态环境局受理建设项目环评文件情况公示(玄武区),2025年8月5日,南京市玄武生态环境局,玄武,,,,,,否,发文机关
南京市,https://sthjj.nanjing.gov.cn/ztzl/xzxkhxzzfxxgs/xzxkhzfxxhz/xmhpslqk_68811/,https://sthjj.nanjing.gov.cn/ztzl/xzxkhxzzfxxgs/pcjxxgk/gc/xmhpslqk_68884/202508/t20250801_5619958.html,2025年8月1日南京市高淳生态环境局受理建设项目环评文件情况公示（高淳区）,2025年8月1日,南京市生态环境局,市本级,汽车零部件绿色智能工厂升级项目,江苏省南京市高淳区经济开发区双湖路59号,高淳,南京冠盛汽配有限公司,中岩碳能（南京）生态科技有限公司,否,项目属地
南京市,https://sthjj.nanjing.gov.cn/ztzl/xzxkhxzzfxxgs/xzxkhzfxxhz/xmhpslqk_68811/,https://sthjj.nanjing.gov.cn/ztzl/xzxkhxzzfxxgs/pcjxxgk/gc/xmhpslqk_68884/202508/t20250801_5619958.html,2025年8月1日南京市高淳生态环境局受理建设项目环评文件情况公示（高淳区）,2025年8月1日,南京市生态环境局,市本级,高强度紧固件生产项目（重新报批）,江苏省南京市高淳经济开发区双高路93号,高淳,南京汉瑞交通技术有限公司,南京新萌芽环境工程有限公司,否,项目属地
南京市,https://sthjj.nanjing.gov.cn/ztzl/xzxkhxzzfxxgs/xzxkhzfxxhz/xmhpslqk_68811/,https://sthjj.nanjing.gov.cn/ztzl/xzxkhxzzfxxgs/pcjxxgk/gc/xmhpslqk_68884/202508/t20250801_5619958.html,2025年8月1日南京市高淳生态环境局受理建设项目环评文件情况公示（高淳区）,2025年8月1日,南京市生态环境局,市本级,汽车用起绒地毯研发制造项目,江苏省南京市高淳区经济开发区凤山路108号,高淳,南京运驰汽车零部件有限公司,南京朗泽环保科技有限公司,否,项目属地
南京市,https://sthjj.nanjing.gov.cn/ztzl/xzxkhxzzfxxgs/xzxkhzfxxhz/xmhpslqk_68811/,https://sthjj.nanjing.gov.cn/ztzl/xzxkhxzzfxxgs/pcjxxgk/gc/xmhpslqk_68884/202508/t20250801_5619958.html,2025年8月1日南京市高淳生态环境局受理建设项目环评文件情况公示（高淳区）,2025年8月1日,南京市生态环境局,市本级,年产2.5亿粒艾司奥美拉唑肠溶胶囊项目,江苏省南京市高淳区经济开发区双高路36号,高淳,江苏中邦制药有限公司,南京朗泽环保科技有限公司,否,项目属地
南京市,https://sthjj.nanjing.gov.cn/ztzl/xzxkhxzzfxxgs/xzxkhzfxxhz/xmhpslqk_68811/,https://sthjj.nanjing.gov.cn/ztzl/xzxkhxzzfxxgs/pcjxxgk/lh/xmhpslqk_68872/202510/t20251028_5677901.html,南京市生态环境局关于2025年10月28日建设项目环境影响评价文件受理情况的公示（六合）,2025年10月28日,六合生态环境局,六合,六合经济开发区龙池东路（沿河路至龙顶路段）新建道路工程,六合区经济开发区，北起沿河路（规划道路），南至龙顶路（规划道路）,六合,南京六合经济开发区管理委员会,江苏润环环境科技有限公司,否,发文机关
南京市,https://sthjj.nanjing.gov.cn/ztzl/xzxkhxzzfxxgs/xzxkhzfxxhz/xmhpslqk_68811/,https://sthjj.nanjing.gov.cn/ztzl/xzxkhxzzfxxgs/pcjxxgk/lh/xmhpslqk_68872/202510/t20251028_5677901.html,南京市生态环境局关于2025年10月28日建设项目环境影响评价文件受理情况的公示（六合）,2025年10月28日,六合生态环境局,六合,预拌混凝土生产线技术改造项目,六合区马鞍街道南京矿业机电产业园6号,六合,江苏金海宁新型建材科技有限公司,国环正源（江苏）生态有限公司,否,发文机关
南京市,https://sthjj.nanjing.gov.cn/ztzl/xzxkhxzzfxxgs/xzxkhzfxxhz/xmhpslqk_68811/,https://sthjj.nanjing.gov.cn/ztzl/xzxkhxzzfxxgs/pcjxxgk/lh/xmhpslqk_68872/202510/t20251028_5677901.html,南京市生态环境局关于2025年10月28日建设项目环境影响评价文件受理情况的公示（六合）,2025年10月28日,六合生态环境局,六合,年产500万只塑料桶及加注管项目,六合区横梁街道新篁工业区三美路8号,六合,南京涌动汽车配件有限公司,淮安晓牧环保服务有限公司,否,发文机关
南京市,https://sthjj.nanjing.gov.cn/ztzl/xzxkhxzzfxxgs/xzxkhzfxxhz/xmhpslqk_68811/,https://sthjj.nanjing.gov.cn/ztzl/xzxkhxzzfxxgs/sjxzxkhzfxx/xmhpslqk_68817/202510/t20251028_5677688.html,南京市生态环境局关于2025年10月28日建设项目环境影响评价文件受理情况的公示（市级）,2025年10月28日,南京市生态环境局,市本级,普凯盛年产5万吨预制钢制桥梁项目一期,南京市六合区雄州街道石庄路,六合,普凯盛科技（南京）有限公司,国芳工程技术（江苏）有限公司,否,层级
南京市,https://sthjj.nanjing.gov.cn/ztzl/xzxkhxzzfxxgs/xzxkhzfxxhz/xmhpslqk_68811/,https://sthjj.nanjing.gov.cn/ztzl/xzxkhxzzfxxgs/pcjxxgk/jn/xmhpslqk_68860/202510/t20251022_5674321.html,南京市生态环境局关于2025年10月22日建设项目环境影响评价文件受理情况的公示（江宁）,2025年10月22日,南京市江宁生态环境局,江宁,年产8000吨仓储货架技术改造项目,江苏省南京市江宁滨江开发区地秀路759号,江宁,南京有多利科技发展有限公司,南京润吴环境技术有限公司,否,发文机关
南京市,https://sthjj.nanjing.gov.cn/ztzl/xzxkhxzzfxxgs/xzxkhzfxxhz/xmhpslqk_68811/,https://sthjj.nanjing.gov.cn/ztzl/xzxkhxzzfxxgs/pcjxxgk/gc/xmhpslqk_68884/202510/t20251022_5674126.html,南京市生态环境局关于2025年10月22日建设项目环境影响评价文件受理情况的公示（高淳）,2025年10月22日,南京市生态环境局,市本级,年产2万吨冷冻食品生产基地项目（重新报批）,江苏省南京市高淳区高淳经济开发区戴卫西路88号,高淳,祯祥（江苏）食品生物科技有限公司,南京朗泽环保科技有限公司,否,项目属地
南京市,https://sthjj.nanjing.gov.cn/ztzl/xzxkhxzzfxxgs/xzxkhzfxxhz/xmhpslqk_68811/,https://sthjj.nanjing.gov.cn/ztzl/xzxkhxzzfxxgs/pcjxxgk/gc/xmhpslqk_68884/202510/t20251022_5674126.html,南京市生态环境局关于2025年10月22日建设项目环境影响评价文件受理情况的公示（高淳）,2025年10月22日,南京市生态环境局,市本级,年产6000万支医疗、医美产品研发生产项目,江苏省南京市高淳区经济开发区凤山路1-1号5号楼1层,高淳,江苏郦颜医疗科技有限公司,南京安心环境科技有限公司,否,项目属地
南京市,https://sthjj.nanjing.gov.cn/ztzl/xzxkhxzzfxxgs/xzxkhzfxxhz/xmhpslqk_68811/,https://sthjj.nanjing.gov.cn/ztzl/xzxkhxzzfxxgs/pcjxxgk/gc/xmhpslqk_68884/202510/t20251021_5673701.html,2025年10月21日南京市高淳生态环境局受理建设项目环评文件情况公示（高淳区）,2025年10月21日,南京市生态环境局,市本级,华能高淳桠溪126兆瓦渔光互补综合项目（110kV升压站）,江苏省南京市高淳区桠溪街道芜太村,高淳,华能南京高淳新能源有限公司,南京朗泽环保科技有限公司,否,项目属地
南京市,https://sthjj.nanjing.gov.cn/ztzl/xzxkhxzzfxxgs/xzxkhzfxxhz/xmhpslqk_68811/,https://sthjj.nanjing.gov.cn/ztzl/xzxkhxzzfxxgs/pcjxxgk/jn/xmhpslqk_68860/202510/t20251021_5673584.html,南京市生态环境局关于2025年10月21日建设项目环境影响评价文件受理情况的公示（江宁）,2025年10月21日,南京市江宁生态环境局,江宁,南京市江宁区科学园污水处理厂五期工程项目（近期）,南京市江宁经济技术开发区吉印大道北侧，秦淮河东侧、竹山路西侧，科学园污水处理厂三、四期南侧,秦淮,南京江宁科学园发展集团有限公司,南京伊环环境科技有限公司,否,发文机关
南京市,https://sthjj.nanjing.gov.cn/ztzl/xzxkhxzzfxxgs/xzxkhzfxxhz/xmhpslqk_68811/,https://sthjj.nanjing.gov.cn/ztzl/xzxkhxzzfxxgs/pcjxxgk/jn/xmhpslqk_68860/202510/t20251021_5673584.html,南京市生态环境局关于2025年10月21日建设项目环境影响评价文件受理情况的公示（江宁）,2025年10月21日,南京市江宁生态环境局,江宁,汽车车厢维修制造项目,南京市江宁区汤山街道鹤龄社区小前村328号,江宁,南京浩飞车业有限公司,南京伊环环境科技有限公司,否,发文机关
南京市,https://sthjj.nanjing.gov.cn/ztzl/xzxkhxzzfxxgs/xzxkhzfxxhz/xmhpslqk_68811/,https://sthjj.nanjing.gov.cn/ztzl/xzxkhxzzfxxgs/sjxzxkhzfxx/xmhpslqk_68817/202510/t20251017_5671927.html,2025年10月17日南京市生态环境局受理建设项目环评文件情况公示(辐射),2025年10月17日,南京市生态环境局,市本级,江苏南京龙山~滨江π入公塘变电站 110 千伏线路新建工程环境影响报告表,南京市江宁区秣陵街道,江宁,国网江苏省电力有限公司南京供电分公司,江苏通凯生态科技有限公司,是,业务类别
南京市,https://sthjj.nanjing.gov.cn/ztzl/xzxkhxzzfxxgs/xzxkhzfxxhz/xmhpslqk_68811/,https://sthjj.nanjing.gov.cn/ztzl/xzxkhxzzfxxgs/pcjxxgk/jn/xmhpslqk_68860/202510/t20251017_5671812.html,南京市生态环境局关于2025年10月17日建设项目环境影响评价文件受理情况的公示（江宁）,2025年10月17日,南京市江宁生态环境局,江宁,生物试剂生产项目,江苏省南京市江宁区滨江经济开发区地秀路767号,江宁,江苏凯基生物技术股份有限公司,南京景恒环保科技有限公司,否,发文机关
南京市,https://sthjj.nanjing.gov.cn/ztzl/xzxkhxzzfxxgs/xzxkhzfxxhz/xmhpslqk_68811/,https://sthjj.nanjing.gov.cn/ztzl/xzxkhxzzfxxgs/pcjxxgk/jn/xmhpslqk_68860/202510/t20251017_5671812.html,南京市生态环境局关于2025年10月17日建设项目环境影响评价文件受理情况的公示（江宁）,2025年10月17日,南京市江宁生态环境局,江宁,一加江宁大学城宠物医院项目,江苏省南京市江宁区高新园鹏山路9号1栋一区104室,江宁,一加（南京）宠物医疗有限公司江宁大学城分公司,南京润物生态环境科技有限公司,否,发文机关
南京市,https://sthjj.nanjing.gov.cn/ztzl/xzxkhxzzfxxgs/xzxkhzfxxhz/xmhpslqk_68811/,https://sthjj.nanjing.gov.cn/ztzl/xzxkhxzzfxxgs/pcjxxgk/jn/xmhpslqk_68860/202510/t20251017_5671812.html,南京市生态环境局关于2025年10月17日建设项目环境影响评价文件受理情况的公示（江宁）,2025年10月17日,南京市江宁生态环境局,江宁,土壤及动植物样本检测扩建项目,南京市江宁区芝兰路18号2号楼,江宁,南京因特生物科技有限公司,江苏润环环境科技有限公司,否,发文机关
南京市,https://sthjj.nanjing.gov.cn/ztzl/xzxkhxzzfxxgs/xzxkhzfxxhz/xmhpslqk_68811/,https://sthjj.nanjing.gov.cn/ztzl/xzxkhxzzfxxgs/pcjxxgk/lh/xmhpslqk_68872/202510/t20251017_5671734.html,南京市生态环境局关于2025年10月17日建设项目环境影响评价文件受理情况的公示（六合）,2025年10月17日,六合生态环境局,六合,环保设备生产项目,六合区龙池街道雄州南路 441 号,六合,南京古蓝环保设备实业有限公司,南京珞石环境科技有限公司,否,发文机关
南京市,https://sthjj.nanjing.gov.cn/ztzl/xzxkhxzzfxxgs/xzxkhzfxxhz/xmhpslqk_68811/,https://sthjj.nanjing.gov.cn/ztzl/xzxkhxzzfxxgs/pcjxxgk/xw/xmhpslqk_68824/202510/t20251016_5671214.html,南京市生态环境局关于2025年10月16日建设项目环境影响评价文件 受理情况的公示（玄武）,2025年10月16日,南京市玄武生态环境局,玄武,生物育种钟山实验室基地（南京钟山国际农业科技创新中心）-公示稿10月.pdf,江苏省南京市玄武区孝陵卫街道东至规划柳营路，西至柳营西路，南至省农科院现状建成区，北至中山门大街及现状建筑,玄武,江苏钟山硅谷种业科技有限公司,南京瑞轩环保科技有限公司,否,发文机关
南京市,https://sthjj.nanjing.gov.cn/ztzl/xzxkhxzzfxxgs/xzxkhzfxxhz/xmhpslqk_68811/,https://sthjj.nanjing.gov.cn/ztzl/xzxkhxzzfxxgs/sjxzxkhzfxx/xmhpslqk_68817/202510/t20251016_5671063.html,2025年10月16日南京市生态环境局受理建设项目环评文件情况公示(辐射),2025年10月16日,南京市生态环境局,市本级,江苏惠海船舶设备有限公司新增移动式X射线探伤项目.pdf,南京市高淳区淳溪镇松园北路16号4幢,高淳,江苏惠海船舶设备有限公司,南京瑞森辐射技术有限公司,是,业务类别
南京市,https://sthjj.nanjing.gov.cn/ztzl/xzxkhxzzfxxgs/xzxkhzfxxhz/xmhpslqk_68811/,https://sthjj.nanjing.gov.cn/ztzl/xzxkhxzzfxxgs/sjxzxkhzfxx/xmhpslqk_68817/202510/t20251015_5667720.html,南京市生态环境局关于2025年10月15日建设项目环境影响评价文件受理情况的公示（市级）,2025年10月15日,南京市生态环境局,市本级,仪长线、仪长复线（殷庄站段）改线工程,南京市六合区、南京江北新区,六合,国家管网集团东部原油储运有限公司,江苏河海环境科学研究院有限公司,否,层级
南京市,https://sthjj.nanjing.gov.cn/ztzl/xzxkhxzzfxxgs/xzxkhzfxxhz/xmhpslqk_68811/,https://sthjj.nanjing.gov.cn/ztzl/xzxkhxzzfxxgs/sjxzxkhzfxx/xmhpslqk_68817/202510/t20251015_5667720.html,南京市生态环境局关于2025年10月15日建设项目环境影响评价文件受理情况的公示（市级）,2025年10月15日,南京市生态环境局,市本级,仪长线江北新区和浦口区段受沪渝蓉铁路建设影响原油管道改线工程,南京市浦口区、南京江北新区,浦口,国家管网集团东部原油储运有限公司,江苏河海环境科学研究院有限公司,否,层级
南京市,https://sthjj.nanjing.gov.cn/ztzl/xzxkhxzzfxxgs/xzxkhzfxxhz/xmhpslqk_68811/,https://sthjj.nanjing.gov.cn/ztzl/xzxkhxzzfxxgs/pcjxxgk/jn/xmhpslqk_68860/202510/t20251015_5667577.html,南京市生态环境局关于2025年10月15日建设项目环境影响评价文件受理情况的公示（江宁）,2025年10月15日,南京市江宁生态环境局,江宁,金属台架、床具、柜类生产项目,江苏省南京市江宁区江宁街道上湖工业园区上湖路23号,江宁,南京优冠办公家具有限公司,南京国环科技股份有限公司,否,发文机关
南京市,https://sthjj.nanjing.gov.cn/ztzl/xzxkhxzzfxxgs/xzxkhzfxxhz/xmhpslqk_68811/,https://sthjj.nanjing.gov.cn/ztzl/xzxkhxzzfxxgs/sjxzxkhzfxx/xmhpslqk_68817/202510/t20251014_5666167.html,2025年10月14日南京市生态环境局受理建设项目环评文件情况公示(辐射),2025年10月14日,南京市生态环境局,市本级,南京市第一医院扩建1台DSA项目.pdf,南京市秦淮区长乐路68号,秦淮,南京市第一医院,南京瑞森辐射技术有限公司,是,业务类别
南京市,https://sthjj.nanjing.gov.cn/ztzl/xzxkhxzzfxxgs/xzxkhzfxxhz/xmhpslqk_68811/,https://sthjj.nanjing.gov.cn/ztzl/xzxkhxzzfxxgs/pcjxxgk/jn/xmhpslqk_68860/202510/t20251013_5665530.html,南京市生态环境局关于2025年10月13日建设项目环境影响评价文件受理情况的公示（江宁）,2025年10月13日,南京市江宁生态环境局,江宁,水基型灭火器生产线项目,南京市江宁区滨江经济开发区地秀路757号B栋,江宁,南京锂泰新能源科技有限公司,南京伊环环境科技有限公司,否,发文机关
南京市,https://sthjj.nanjing.gov.cn/ztzl/xzxkhxzzfxxgs/xzxkhzfxxhz/xmhpslqk_68811/,https://sthjj.nanjing.gov.cn/ztzl/xzxkhxzzfxxgs/sjxzxkhzfxx/xmhpslqk_68817/202511/t20251120_5694592.html,2025年11月20日南京市生态环境局受理建设项目环评文件情况公示(辐射),2025年11月20日,南京市生态环境局,市本级,江苏南京汤山110千伏变电站1号主变增容工程.pdf,江苏省南京市江宁区汤山街道境内,江宁,国网江苏省电力有限公司南京供电分公司,江苏清全科技有限公司,是,业务类别
南京市,https://sthjj.nanjing.gov.cn/ztzl/xzxkhxzzfxxgs/xzxkhzfxxhz/xmhpslqk_68811/,https://sthjj.nanjing.gov.cn/ztzl/xzxkhxzzfxxgs/sjxzxkhzfxx/xmhpslqk_68817/202511/t20251119_5693387.html,2025年11月19日南京市生态环境局受理建设项目环评文件情况公示(辐射),2025年11月19日,南京市生态环境局,市本级,众芯汉创(江苏)科技有限公司新建移动式X射线探伤项目.pdf,探伤地点：电网系统高压输电线路。探伤机贮存地点：江苏省南京市江宁区菲尼克斯路70号总部基地 33 栋 1202 室,江宁,众芯汉创（江苏）科技有限公司,中碳绿色（南京）科技发展有限公司,是,业务类别
南京市,https://sthjj.nanjing.gov.cn/ztzl/xzxkhxzzfxxgs/xzxkhzfxxhz/xmhpslqk_68811/,https://sthjj.nanjing.gov.cn/ztzl/xzxkhxzzfxxgs/sjxzxkhzfxx/xmhpslqk_68817/202511/t20251119_5693387.html,2025年11月19日南京市生态环境局受理建设项目环评文件情况公示(辐射),2025年11月19日,南京市生态环境局,市本级,中南兰信（南京）辐射技术研究院有限公司新建1台D-D中子发生器项目.pdf,中南兰信（南京）辐射技术研究院有限公司中子实验室（高淳经济开发区檀溪路2号南京三强节能工程有限公司销售楼内）,高淳,中南兰信（南京）辐射技术研究院有限公司,江苏清全科技有限公司,是,业务类别
南京市,https://sthjj.nanjing.gov.cn/ztzl/xzxkhxzzfxxgs/xzxkhzfxxhz/xmhpslqk_68811/,https://sthjj.nanjing.gov.cn/ztzl/xzxkhxzzfxxgs/pcjxxgk/jn/xmhpslqk_68860/202511/t20251107_5685189.html,南京市生态环境局关于2025年11月18日建设项目环境影响评价文件受理情况的公示（江宁）,2025年11月18日,南京市生态环境局,市本级,公示本-江南环保产业园110kV龙郎线牧龙支线、110kV牧电1#、2#线迁改工程.pdf,南京市江宁区江南环保产业园,江宁,南京江南环保产业园管理委员会,江苏睿源环境科技有限公司,否,项目属地
南京市,https://sthjj.nanjing.gov.cn/ztzl/xzxkhxzzfxxgs/xzxkhzfxxhz/xmhpslqk_68811/,https://sthjj.nanjing.gov.cn/ztzl/xzxkhxzzfxxgs/pcjxxgk/lh/xmhpslqk_68872/202511/t20251118_5692480.html,南京市生态环境局关于2025年11月18日建设项目环境影响评价文件受理情况的公示（六合）,2025年11月18日,六合生态环境局,六合,南京丰翔船用设备有限公司船用设备生产项目,六合区横梁街道叶庄路83号,六合,南京丰翔船用设备有限公司,南京优安安全技术研究院有限公司,否,发文机关
南京市,https://sthjj.nanjing.gov.cn/ztzl/xzxkhxzzfxxgs/xzxkhzfxxhz/xmhpslqk_68811/,https://sthjj.nanjing.gov.cn/ztzl/xzxkhxzzfxxgs/pcjxxgk/jn/xmhpslqk_68860/202511/t20251118_5692316.html,南京市生态环境局关于2025年11月18日建设项目环境影响评价文件受理情况的公示（江宁）,2025年11月18日,南京市江宁生态环境局,江宁,南京中玖医学检验实验室项目,江苏省南京市江宁区东山街道宏靖路6号6层,江宁,南京中玖医学检验实验室有限公司,南京伊环环境科技有限公司,否,发文机关
南京市,https://sthjj.nanjing.gov.cn/ztzl/xzxkhxzzfxxgs/xzxkhzfxxhz/xmhpslqk_68811/,https://sthjj.nanjing.gov.cn/ztzl/xzxkhxzzfxxgs/sjxzxkhzfxx/xmhpslqk_68817/202511/t20251117_5691812.html,南京市生态环境局关于2025年11月17日建设项目环境影响评价文件受理情况的公示（市级）,2025年11月17日,南京市生态环境局,市本级,退役锂电池综合利用项目,南京市六合区六合循环经济产业园,六合,南京公用赣锋循环科技有限公司,南京城环生态科技有限公司,否,层级
南京市,https://sthjj.nanjing.gov.cn/ztzl/xzxkhxzzfxxgs/xzxkhzfxxhz/xmhpslqk_68811/,https://sthjj.nanjing.gov.cn/ztzl/xzxkhxzzfxxgs/pcjxxgk/jn/xmhpslqk_68860/202511/t20251114_5689769.html,南京市生态环境局关于2025年11月14日建设项目环境影响评价文件受理情况的公示（江宁）,2025年11月14日,南京市江宁生态环境局,江宁,消防车制造项目,南京市江宁区江宁街道滨溪大道22号,江宁,南京高立特种装备有限公司,南京伊环环境科技有限公司,否,发文机关
南京市,https://sthjj.nanjing.gov.cn/ztzl/xzxkhxzzfxxgs/xzxkhzfxxhz/xmhpslqk_68811/,https://sthjj.nanjing.gov.cn/ztzl/xzxkhxzzfxxgs/pcjxxgk/jn/xmhpslqk_68860/202511/t20251113_5688216.html,南京市生态环境局关于2025年11月13日建设项目环境影响评价文件受理情况的公示（江宁）,2025年11月13日,南京市江宁生态环境局,江宁,生牛屠宰加工技术改造项目,江苏省南京市江宁区淳化街道茶岗社区上合大道8号,江宁,南京鸿俐清真牛羊肉加工有限公司,南京亘屹环保科技有限公司,否,发文机关
南京市,https://sthjj.nanjing.gov.cn/ztzl/xzxkhxzzfxxgs/xzxkhzfxxhz/xmhpslqk_68811/,https://sthjj.nanjing.gov.cn/ztzl/xzxkhxzzfxxgs/pcjxxgk/jn/xmhpslqk_68860/202511/t20251113_5688216.html,南京市生态环境局关于2025年11月13日建设项目环境影响评价文件受理情况的公示（江宁）,2025年11月13日,南京市江宁生态环境局,江宁,江宁东部公交综合保养场喷漆房项目,南京市江宁区淳化街道104国道以南、梅龙湖以西（江宁东部公交综合停车保养场用地范围内）,江宁,南京江宁公共交通集团有限公司,南大环境规划设计研究院（江苏）有限公司,否,发文机关
南京市,https://sthjj.nanjing.gov.cn/ztzl/xzxkhxzzfxxgs/xzxkhzfxxhz/xmhpslqk_68811/,https://sthjj.nanjing.gov.cn/ztzl/xzxkhxzzfxxgs/pcjxxgk/gc/xmhpslqk_68884/202511/t20251111_5686605.html,南京市生态环境局关于2025年11月11日建设项目环境影响评价文件受理情况的公示（高淳）,2025年11月11日,南京市生态环境局,市本级,医疗耗材及实验研发生产项目,江苏省南京市高淳区经济开发区戴卫西路37号,高淳,南京羽琳科技实业有限公司,述邦安全环境技术服务南京有限公司,否,项目属地
南京市,https://sthjj.nanjing.gov.cn/ztzl/xzxkhxzzfxxgs/xzxkhzfxxhz/xmhpslqk_68811/,https://sthjj.nanjing.gov.cn/ztzl/xzxkhxzzfxxgs/pcjxxgk/gc/xmhpslqk_68884/202511/t20251111_5686605.html,南京市生态环境局关于2025年11月11日建设项目环境影响评价文件受理情况的公示（高淳）,2025年11月11日,南京市生态环境局,市本级,年产3000（台）套配电设备及电力设施生产项目,江苏省南京市高淳区经济开发区花山路21号,高淳,天豪电力科技（江苏）股份有限公司,南京新萌芽环境工程有限公司,否,项目属地
南京市,https://sthjj.nanjing.gov.cn/ztzl/xzxkhxzzfxxgs/xzxkhzfxxhz/xmhpslqk_68811/,https://sthjj.nanjing.gov.cn/ztzl/xzxkhxzzfxxgs/pcjxxgk/xw/xmhpslqk_68824/202511/t20251107_5685028.html,南京市生态环境局关于2025年11月7日建设项目环境影响评价文件 受理情况的公示（玄武）,2025年11月7日,南京市玄武生态环境局,玄武,√公示稿-南京理工大学基础学科楼B栋项目报告表,江苏省南京市玄武区孝陵卫街道孝陵卫街200号,玄武,南京理工大学,江苏环保产业技术研究院股份公司,否,发文机关
南京市,https://sthjj.nanjing.gov.cn/ztzl/xzxkhxzzfxxgs/xzxkhzfxxhz/xmhpslqk_68811/,https://sthjj.nanjing.gov.cn/ztzl/xzxkhxzzfxxgs/pcjxxgk/jn/xmhpslqk_68860/202511/t20251107_5684790.html,南京市生态环境局关于2025年11月7日建设项目环境影响评价文件受理情况的公示（江宁）,2025年11月7日,南京市江宁生态环境局,江宁,消防产品性能检测实验室项目,江苏省南京市江宁区竹山路599号4幢,江宁,南京南消金枪鱼实验室科技有限公司,南京苏绿环境技术有限公司,否,发文机关
南京市,https://sthjj.nanjing.gov.cn/ztzl/xzxkhxzzfxxgs/xzxkhzfxxhz/xmhpslqk_68811/,https://sthjj.nanjing.gov.cn/ztzl/xzxkhxzzfxxgs/pcjxxgk/yht/xmhpslqk_68854/202511/t20251106_5684487.html,2025年11月6日南京市雨花台生态环境局受理建设项目环评文件情况公示（辐射）,2025年11月6日,雨花台区生态环境局,雨花台,宁芜铁路扩能改造工程（220千伏牧板2588线、220千伏东板2589线塔杆线迁移项目）,江苏省南京市雨花台区板桥街道,雨花台,宁安铁路有限责任公司,南京瑞森辐射技术有限公司,是,业务类别
南京市,https://sthjj.nanjing.gov.cn/ztzl/xzxkhxzzfxxgs/xzxkhzfxxhz/xmhpslqk_68811/,https://sthjj.nanjing.gov.cn/ztzl/xzxkhxzzfxxgs/pcjxxgk/lh/xmhpslqk_68872/202511/t20251106_5684257.html,南京市生态环境局关于2025年11月6日建设项目环境影响评价文件受理情况的公示（六合）,2025年11月6日,六合生态环境局,六合,蜡微粉及特种粉体技术改造项目,六合经济开发区槽坊路29号,六合,南京天诗新材料科技股份有限公司,江苏久之源环境科技有限公司,否,发文机关
南京市,https://sthjj.nanjing.gov.cn/ztzl/xzxkhxzzfxxgs/xzxkhzfxxhz/xmhpslqk_68811/,https://sthjj.nanjing.gov.cn/ztzl/xzxkhxzzfxxgs/pcjxxgk/lh/xmhpslqk_68872/202511/t20251106_5684257.html,南京市生态环境局关于2025年11月6日建设项目环境影响评价文件受理情况的公示（六合）,2025年11月6日,六合生态环境局,六合,年产5000套农机钣金件全工艺制造项目,六合区横梁街道天石路1-18号,六合,南京雄州机电制造有限公司,南京珞石环境科技有限公司,否,发文机关
南京市,https://sthjj.nanjing.gov.cn/ztzl/xzxkhxzzfxxgs/xzxkhzfxxhz/xmhpslqk_68811/,https://sthjj.nanjing.gov.cn/ztzl/xzxkhxzzfxxgs/sjxzxkhzfxx/xmhpslqk_68817/202511/t20251104_5682557.html,2025年11月4日南京市生态环境局受理建设项目环评文件情况公示(辐射),2025年11月4日,南京市生态环境局,市本级,江苏南京井塘110千伏输变电工程环境影响报告表.pdf,溧水区白马镇,溧水,国网江苏省电力有限公司南京供电分公司,江苏通凯生态科技有限公司,是,业务类别
南京市,https://sthjj.nanjing.gov.cn/ztzl/xzxkhxzzfxxgs/xzxkhzfxxhz/xmhpslqk_68811/,https://sthjj.nanjing.gov.cn/ztzl/xzxkhxzzfxxgs/sjxzxkhzfxx/xmhpslqk_68817/202511/t20251104_5682557.html,2025年11月4日南京市生态环境局受理建设项目环评文件情况公示(辐射),2025年11月4日,南京市生态环境局,市本级,南京国轩电池有限公司国轩年产5GWh新能源动力电池产线设备升级改造项目（新建1台工业CT装置项目）.pdf,南京市六合区龙池街道时代大道59号1#厂房北侧CT室内,六合,南京国轩电池有限公司,江苏玖清玖蓝环保科技有限公司,是,业务类别
南京市,https://sthjj.nanjing.gov.cn/ztzl/xzxkhxzzfxxgs/xzxkhzfxxhz/xmhpslqk_68811/,https://sthjj.nanjing.gov.cn/ztzl/xzxkhxzzfxxgs/sjxzxkhzfxx/xmhpslqk_68817/202510/t20251028_5678005.html,2025年10月28日南京市生态环境局受理建设项目环评文件情况公示(辐射),2025年10月28日,南京市生态环境局,市本级,南京工业大学新建1台工业CT装置项目.pdf,南京市浦珠南路30号南京工业大学崇德楼C栋高端测试实验室一,,南京工业大学,江苏玖清玖蓝环保科技有限公司,是,业务类别
南京市,https://sthjj.nanjing.gov.cn/ztzl/xzxkhxzzfxxgs/xzxkhzfxxhz/xmhpslqk_68811/,https://sthjj.nanjing.gov.cn/ztzl/xzxkhxzzfxxgs/pcjxxgk/jn/xmhpslqk_68860/202512/t20251208_5708198.html,南京市生态环境局关于2025年12月8日建设项目环境影响评价文件受理情况的公示（江宁）,2025年12月8日,南京市生态环境局,市本级,长三角智能制造与装备创新港（一期）项目110千伏接入业扩配套工程环境影响报告表-公示版盖章扫描件.pdf,南京市江宁区汤山街道,江宁,南京汤山建设投资发展有限公司,江苏标杆环境科技有限公司,否,项目属地
南京市,https://sthjj.nanjing.gov.cn/ztzl/xzxkhxzzfxxgs/xzxkhzfxxhz/xmhpslqk_68811/,https://sthjj.nanjing.gov.cn/ztzl/xzxkhxzzfxxgs/sjxzxkhzfxx/xmhpslqk_68817/202512/t20251205_5706612.html,南京市生态环境局关于2025年12月05日建设项目环境影响评价文件受理情况的公示（市级）,2025年12月05日,南京市生态环境局,市本级,年新增500吨饲料添加剂生产线扩建项目,南京市溧水区白马镇食品园大道2号,溧水,江苏奥迈生物科技有限公司,江苏润环环境科技有限公司,否,层级
南京市,https://sthjj.nanjing.gov.cn/ztzl/xzxkhxzzfxxgs/xzxkhzfxxhz/xmhpslqk_68811/,https://sthjj.nanjing.gov.cn/ztzl/xzxkhxzzfxxgs/sjxzxkhzfxx/xmhpslqk_68817/202512/t20251204_5705159.html,2025年12月4日南京市生态环境局受理建设项目环评文件情况公示(辐射),2025年12月4日,南京市生态环境局,市本级,江苏南京桠溪~松溪110千伏线路新建工程.pdf,南京市高淳区桠溪街道,高淳,国网江苏省电力有限公司南京供电分公司,江苏通凯生态科技有限公司,是,业务类别
南京市,https://sthjj.nanjing.gov.cn/ztzl/xzxkhxzzfxxgs/xzxkhzfxxhz/xmhpslqk_68811/,https://sthjj.nanjing.gov.cn/ztzl/xzxkhxzzfxxgs/pcjxxgk/yht/xmhpslqk_68854/202512/t20251203_5703569.html,南京市生态环境局关于2025年12月3日建设项目环境影响评价文件受理情况的公示（雨花台）,2025年12月3日,南京市雨花台生态环境局,雨花台,南京瑞安电气注塑生产线扩建增产项目,南京市雨花台区龙腾南路28号,雨花台,南京瑞安电气股份有限公司,南京绿创环境科技有限公司,否,发文机关
南京市,https://sthjj.nanjing.gov.cn/ztzl/xzxkhxzzfxxgs/xzxkhzfxxhz/xmhpslqk_68811/,https://sthjj.nanjing.gov.cn/ztzl/xzxkhxzzfxxgs/pcjxxgk/yht/xmhpslqk_68854/202512/t20251203_5703569.html,南京市生态环境局关于2025年12月3日建设项目环境影响评价文件受理情况的公示（雨花台）,2025年12月3日,南京市雨花台生态环境局,雨花台,傲拓科技产研一体化中心项目（可编程逻辑控制器生产中心项目、研发中心项目）,江苏省南京市雨花台区中国（南京）软件谷瑞谷路以南、梅苑南路以西地块,雨花台,傲拓科技股份有限公司,南京泽恒环保科技有限公司,否,发文机关
南京市,https://sthjj.nanjing.gov.cn/ztzl/xzxkhxzzfxxgs/xzxkhzfxxhz/xmhpslqk_68811/,https://sthjj.nanjing.gov.cn/ztzl/xzxkhxzzfxxgs/pcjxxgk/jn/xmhpslqk_68860/202512/t20251203_5703242.html,南京市生态环境局关于2025年12月3日建设项目环境影响评价文件受理情况的公示（江宁）,2025年12月3日,南京市江宁生态环境局,江宁,年产30万只高压硅堆组合块项目,南京市江宁区通联路9号19#601,江宁,南京通宁电子器材有限公司,淮安晓牧环保服务有限公司,否,发文机关
南京市,https://sthjj.nanjing.gov.cn/ztzl/xzxkhxzzfxxgs/xzxkhzfxxhz/xmhpslqk_68811/,https://sthjj.nanjing.gov.cn/ztzl/xzxkhxzzfxxgs/sjxzxkhzfxx/xmhpslqk_68817/202512/t20251202_5702828.html,南京市生态环境局关于2025年12月02日建设项目环境影响评价文件受理情况的公示（市级）,2025年12月02日,南京市生态环境局,市本级,甬沪宁金扬线原油管道龙袍新城段改线工程,江苏省南京市六合区龙袍街道,六合,国家管网集团东部原油储运有限公司,国环正源（江苏）生态有限公司,否,层级
南京市,https://sthjj.nanjing.gov.cn/ztzl/xzxkhxzzfxxgs/xzxkhzfxxhz/xmhpslqk_68811/,https://sthjj.nanjing.gov.cn/ztzl/xzxkhxzzfxxgs/pcjxxgk/jn/xmhpslqk_68860/202512/t20251202_5702821.html,南京市生态环境局关于2025年12月2日建设项目环境影响评价文件受理情况的公示（江宁）,2025年12月2日,南京市江宁生态环境局,江宁,灰土、预拌流态固化土生产项目,江苏省南京市江宁区湖熟街道河北社区青赤路,江宁,南京金时川新型节能材料有限公司,江苏润环环境科技有限公司,否,发文机关
南京市,https://sthjj.nanjing.gov.cn/ztzl/xzxkhxzzfxxgs/xzxkhzfxxhz/xmhpslqk_68811/,https://sthjj.nanjing.gov.cn/ztzl/xzxkhxzzfxxgs/pcjxxgk/gc/xmhpslqk_68884/202511/t20251128_5700404.html,南京市生态环境局关于2025年11月28日建设项目环境影响评价文件受理情况的公示（高淳）,2025年11月28日,南京市生态环境局,市本级,伺服电机及工业智能装备研发生产项目,江苏省南京市高淳区桠溪街道装备制造产业园81号,高淳,江苏格莱斯节能科技有限公司,南京安心环境科技有限公司,否,项目属地
南京市,https://sthjj.nanjing.gov.cn/ztzl/xzxkhxzzfxxgs/xzxkhzfxxhz/xmhpslqk_68811/,https://sthjj.nanjing.gov.cn/ztzl/xzxkhxzzfxxgs/pcjxxgk/gc/xmhpslqk_68884/202511/t20251128_5700404.html,南京市生态环境局关于2025年11月28日建设项目环境影响评价文件受理情况的公示（高淳）,2025年11月28日,南京市生态环境局,市本级,医疗器械、卫生材料、运动防护用品扩产项目,江苏省南京市高淳区漆桥街道双高路工业园,高淳,江苏泰得医疗科技有限公司,南京安心环境科技有限公司,否,项目属地
南京市,https://sthjj.nanjing.gov.cn/ztzl/xzxkhxzzfxxgs/xzxkhzfxxhz/xmhpslqk_68811/,https://sthjj.nanjing.gov.cn/ztzl/xzxkhxzzfxxgs/pcjxxgk/jn/xmhpslqk_68860/202511/t20251128_5700335.html,南京市生态环境局关于2025年11月28日建设项目环境影响评价文件受理情况的公示（江宁）,2025年11月28日,南京市江宁生态环境局,江宁,南京市江宁区吴墅等12座水库（重点塘坝）除险加固改造工程（含地表水专项）,南京市江宁区东山街道、秣陵街道、汤山街道、淳化街道范围内,江宁,江宁区水利建设工程管理处,南京新萌芽环境工程有限公司,否,发文机关
南京市,https://sthjj.nanjing.gov.cn/ztzl/xzxkhxzzfxxgs/xzxkhzfxxhz/xmhpslqk_68811/,https://sthjj.nanjing.gov.cn/ztzl/xzxkhxzzfxxgs/sjxzxkhzfxx/xmhpslqk_68817/202511/t20251128_5700303.html,2025年11月28日南京市生态环境局受理建设项目环评文件情况公示(辐射),2025年11月28日,南京市生态环境局,市本级,江苏南京马群110千伏变电站1号主变增容工程.pdf,南京市栖霞区境内,栖霞,国网江苏省电力有限公司南京供电分公司,江苏嘉溢安全环境科技服务有限公司,是,业务类别
南京市,https://sthjj.nanjing.gov.cn/ztzl/xzxkhxzzfxxgs/xzxkhzfxxhz/xmhpslqk_68811/,https://sthjj.nanjing.gov.cn/ztzl/xzxkhxzzfxxgs/sjxzxkhzfxx/xmhpslqk_68817/202511/t20251128_5700303.html,2025年11月28日南京市生态环境局受理建设项目环评文件情况公示(辐射),2025年11月28日,南京市生态环境局,市本级,江苏南京荣盛110千伏变电站1号2号主变增容工程.pdf,南京市六合区境内,六合,国网江苏省电力有限公司南京供电分公司,江苏嘉溢安全环境科技服务有限公司,是,业务类别
南京市,https://sthjj.nanjing.gov.cn/ztzl/xzxkhxzzfxxgs/xzxkhzfxxhz/xmhpslqk_68811/,https://sthjj.nanjing.gov.cn/ztzl/xzxkhxzzfxxgs/pcjxxgk/jn/xmhpslqk_68860/202511/t20251127_5699451.html,南京市生态环境局关于2025年11月27日建设项目环境影响评价文件受理情况的公示（江宁）,2025年11月27日,南京市江宁生态环境局,江宁,南京市江宁区孙家店等10座水库（重点塘坝）除险加固改造工程,江苏省南京市江宁区谷里街道、江宁街道范围内,江宁,江宁区水利建设工程管理处,江苏南京博晟环境科技有限公司,否,发文机关
南京市,https://sthjj.nanjing.gov.cn/ztzl/xzxkhxzzfxxgs/xzxkhzfxxhz/xmhpslqk_68811/,https://sthjj.nanjing.gov.cn/ztzl/xzxkhxzzfxxgs/pcjxxgk/jn/xmhpslqk_68860/202511/t20251127_5699451.html,南京市生态环境局关于2025年11月27日建设项目环境影响评价文件受理情况的公示（江宁）,2025年11月27日,南京市江宁生态环境局,江宁,南京市江宁区甘泉湖等12座水库（重点塘坝）除险加固改造工程,江苏省南京市江宁区横溪街道、禄口街道范围内,江宁,江宁区水利建设工程管理处,南京伊环环境科技有限公司,否,发文机关
南京市,https://sthjj.nanjing.gov.cn/ztzl/xzxkhxzzfxxgs/xzxkhzfxxhz/xmhpslqk_68811/,https://sthjj.nanjing.gov.cn/ztzl/xzxkhxzzfxxgs/pcjxxgk/jn/xmhpslqk_68860/202511/t20251127_5699451.html,南京市生态环境局关于2025年11月27日建设项目环境影响评价文件受理情况的公示（江宁）,2025年11月27日,南京市江宁生态环境局,江宁,方便面生产线扩建项目,南京市江宁区汤山街道上峰镇双阜西路1号,江宁,南京白象食品有限公司,南京亘屹环保科技有限公司,否,发文机关
南京市,https://sthjj.nanjing.gov.cn/ztzl/xzxkhxzzfxxgs/xzxkhzfxxhz/xmhpslqk_68811/,https://sthjj.nanjing.gov.cn/ztzl/xzxkhxzzfxxgs/sjxzxkhzfxx/xmhpslqk_68817/202511/t20251127_5699177.html,2025年11月27日南京市生态环境局受理建设项目环评文件情况公示(辐射),2025年11月27日,南京市生态环境局,市本级,江苏南京白云～燕江110千伏线路工程.pdf,江苏省南京市鼓楼区幕府山街道、宝塔桥街道境内,鼓楼,国网江苏省电力有限公司南京供电分公司,江苏清全科技有限公司,是,业务类别
南京市,https://sthjj.nanjing.gov.cn/ztzl/xzxkhxzzfxxgs/xzxkhzfxxhz/xmhpslqk_68811/,https://sthjj.nanjing.gov.cn/ztzl/xzxkhxzzfxxgs/pcjxxgk/jn/xmhpslqk_68860/202511/t20251125_5697685.html,南京市生态环境局关于2025年11月25日建设项目环境影响评价文件受理情况的公示（江宁）,2025年11月25日,南京市江宁生态环境局,江宁,新建方形锂离子电池中试线项目,南京江宁滨江开发区弘利路16号,江宁,爱尔集新能源科技（南京）有限公司,江苏润环环境科技有限公司,否,发文机关
南京市,https://sthjj.nanjing.gov.cn/ztzl/xzxkhxzzfxxgs/xzxkhzfxxhz/xmhpslqk_68811/,https://sthjj.nanjing.gov.cn/ztzl/xzxkhxzzfxxgs/pcjxxgk/jn/xmhpslqk_68860/202511/t20251125_5697685.html,南京市生态环境局关于2025年11月25日建设项目环境影响评价文件受理情况的公示（江宁）,2025年11月25日,南京市江宁生态环境局,江宁,新建实验室项目,南京东山国际企业总部园临麒58号,,浠谱测试（江苏）有限公司,南京优态环境科技有限公司,否,发文机关
南京市,https://sthjj.nanjing.gov.cn/ztzl/xzxkhxzzfxxgs/xzxkhzfxxhz/xmhpslqk_68811/,https://sthjj.nanjing.gov.cn/ztzl/xzxkhxzzfxxgs/pcjxxgk/xw/xmhpslqk_68824/202511/t20251121_5695607.html,南京市生态环境局关于2025年11月21日建设项目环境影响评价文件 受理情况的公示（玄武）,2025年11月21日,南京市玄武生态环境局,玄武,玄武区友谊河综合治理工程(公示稿),江苏省南京市玄武区孝陵卫街道东至双拜岗，西至童卫路，南至光华路，北至沪宁高速,玄武,南京玄武环境集团有限公司,江苏润环环境科技有限公司,否,发文机关
南京市,https://sthjj.nanjing.gov.cn/ztzl/xzxkhxzzfxxgs/xzxkhzfxxhz/xmhpslqk_68811/,https://sthjj.nanjing.gov.cn/ztzl/xzxkhxzzfxxgs/pcjxxgk/jn/xmhpslqk_68860/202511/t20251120_5694643.html,南京市生态环境局关于2025年11月20日建设项目环境影响评价文件受理情况的公示（江宁）,2025年11月20日,南京市江宁生态环境局,江宁,非标金属结构件加工及检测项目,江苏省南京市江宁区江宁滨江经济开发区地秀路757号,江宁,地平线（南京）检验检测有限公司,南京伊环环境科技有限公司,否,发文机关
南京市,https://sthjj.nanjing.gov.cn/ztzl/xzxkhxzzfxxgs/xzxkhzfxxhz/xmhpslqk_68811/,https://sthjj.nanjing.gov.cn/ztzl/xzxkhxzzfxxgs/sjxzxkhzfxx/xmhpslqk_68817/202512/t20251223_5749118.html,南京市生态环境局关于2025年12月23日建设项目环境影响评价文件受理情况的公示（市级）,2025年12月23日,南京市生态环境局,市本级,六合区循环经济产业园片区污水处理厂项目,六合区循环经济产业园，生态二路以南，循环一路以东,六合,南京茉莉环境投资有限公司,江苏润环环境科技有限公司,否,层级
南京市,https://sthjj.nanjing.gov.cn/ztzl/xzxkhxzzfxxgs/xzxkhzfxxhz/xmhpslqk_68811/,https://sthjj.nanjing.gov.cn/ztzl/xzxkhxzzfxxgs/pcjxxgk/jn/xmhpslqk_68860/202512/t20251219_5747824.html,南京市生态环境局关于2025年12月19日建设项目环境影响评价文件受理情况的公示（江宁）,2025年12月19日,南京市江宁生态环境局,江宁,武亨环保建筑垃圾资源化利用项目,南京市江宁区湖熟街道万安村堰埠头,江宁,南京武亨环保科技有限公司,江苏凯泽环宇环境工程有限公司,否,发文机关
南京市,https://sthjj.nanjing.gov.cn/ztzl/xzxkhxzzfxxgs/xzxkhzfxxhz/xmhpslqk_68811/,https://sthjj.nanjing.gov.cn/ztzl/xzxkhxzzfxxgs/pcjxxgk/qx/xmhpslqk_68848/202512/t20251219_5747770.html,南京市生态环境局关于2025年12月19日建设项目环境影响评价文件受理情况的公示（栖霞）,2025年12月19日,栖霞生态环境局,栖霞,南京栖蓝环保新材料建筑垃圾资源化利用项目环境影响报告表（公示稿）.,江苏省南京市栖霞区红梅线1号江南小野田铁道路口边库房,栖霞,南京栖蓝环保新材料科技有限公司,南大环境规划设计研究院（江苏）有限公司,否,发文机关
南京市,https://sthjj.nanjing.gov.cn/ztzl/xzxkhxzzfxxgs/xzxkhzfxxhz/xmhpslqk_68811/,https://sthjj.nanjing.gov.cn/ztzl/xzxkhxzzfxxgs/pcjxxgk/lh/xmhpslqk_68872/202512/t20251219_5747748.html,南京市生态环境局关于2025年12月19日建设项目环境影响评价文件受理情况的公示（六合）,2025年12月19日,六合生态环境局,六合,非无菌医用辅材塑料管材生产项目,六合区龙池街道龙中路6号,六合,南京康寿塑料厂,江苏久之源环境科技有限公司,否,发文机关
南京市,https://sthjj.nanjing.gov.cn/ztzl/xzxkhxzzfxxgs/xzxkhzfxxhz/xmhpslqk_68811/,https://sthjj.nanjing.gov.cn/ztzl/xzxkhxzzfxxgs/sjxzxkhzfxx/xmhpslqk_68817/202512/t20251218_5716244.html,2025年12月18日南京市生态环境局受理建设项目环评文件情况公示(辐射),2025年12月18日,南京市生态环境局,市本级,南京市中西医结合医院新增1台、搬迁1台DSA应用项目.pdf,江苏省南京市玄武区孝陵卫中山门大街177号专科病房楼B1层,玄武,南京市中西医结合医院,南京泰坤环境检测有限公司,是,业务类别
南京市,https://sthjj.nanjing.gov.cn/ztzl/xzxkhxzzfxxgs/xzxkhzfxxhz/xmhpslqk_68811/,https://sthjj.nanjing.gov.cn/ztzl/xzxkhxzzfxxgs/sjxzxkhzfxx/xmhpslqk_68817/202512/t20251218_5716244.html,2025年12月18日南京市生态环境局受理建设项目环评文件情况公示(辐射),2025年12月18日,南京市生态环境局,市本级,江苏省脑科医院新建2台DSA应用项目.pdf,南京市江宁区淳化街道老104国道以南、严家边路以西,江宁,江苏省脑科医院,南京泰坤环境检测有限公司,是,业务类别
南京市,https://sthjj.nanjing.gov.cn/ztzl/xzxkhxzzfxxgs/xzxkhzfxxhz/xmhpslqk_68811/,https://sthjj.nanjing.gov.cn/ztzl/xzxkhxzzfxxgs/sjxzxkhzfxx/xmhpslqk_68817/202512/t20251217_5715659.html,南京市生态环境局关于2025年12月17日建设项目环境影响评价文件受理情况的公示（市级）,2025年12月17日,南京市生态环境局,市本级,年产8000吨车身粘接用环氧结构胶的生产线,江苏省南京市溧水经济开发区前进路10号,溧水,南京艾布纳新材料股份有限公司,南京名环智远环境科技有限公司,否,层级
南京市,https://sthjj.nanjing.gov.cn/ztzl/xzxkhxzzfxxgs/xzxkhzfxxhz/xmhpslqk_68811/,https://sthjj.nanjing.gov.cn/ztzl/xzxkhxzzfxxgs/pcjxxgk/qx/xmhpslqk_68848/202512/t20251217_5715657.html,南京市生态环境局关于2025年12月17日建设项目环境影响评价文件受理情况的公示（栖霞）,2025年12月17日,栖霞生态环境局,栖霞,公示稿--南京汉广检测技术有限公司检测实验室扩建项目 报告表,江苏省南京市栖霞区纬地路9号江苏生命科技创新园E6栋1401室,栖霞,南京汉广检测技术有限公司,南京亘屹环保科技有限公司,否,发文机关
南京市,https://sthjj.nanjing.gov.cn/ztzl/xzxkhxzzfxxgs/xzxkhzfxxhz/xmhpslqk_68811/,https://sthjj.nanjing.gov.cn/ztzl/xzxkhxzzfxxgs/pcjxxgk/qx/xmhpslqk_68848/202512/t20251217_5715657.html,南京市生态环境局关于2025年12月17日建设项目环境影响评价文件受理情况的公示（栖霞）,2025年12月17日,栖霞生态环境局,栖霞,南京北极光研发实验室扩建项目环评报告表-公示稿,江苏省南京市栖霞区仙林大学城纬地路9号D7栋2楼,栖霞,南京北极光生物科技有限公司,江苏润环环境科技有限公司,否,发文机关
南京市,https://sthjj.nanjing.gov.cn/ztzl/xzxkhxzzfxxgs/xzxkhzfxxhz/xmhpslqk_68811/,https://sthjj.nanjing.gov.cn/ztzl/xzxkhxzzfxxgs/pcjxxgk/jn/xmhpslqk_68860/202512/t20251217_5715626.html,南京市生态环境局关于2025年12月17日建设项目环境影响评价文件受理情况的公示（江宁）,2025年12月17日,南京市江宁生态环境局,江宁,固态高分子电容器生产项目,南京市江宁区江宁街道汤铜路以南,江宁,富立康科技（南京）有限公司,南京国环科技股份有限公司,否,发文机关
南京市,https://sthjj.nanjing.gov.cn/ztzl/xzxkhxzzfxxgs/xzxkhzfxxhz/xmhpslqk_68811/,https://sthjj.nanjing.gov.cn/ztzl/xzxkhxzzfxxgs/sjxzxkhzfxx/xmhpslqk_68817/202512/t20251216_5714231.html,2025年12月16日南京市生态环境局受理建设项目环评文件情况公示(辐射),2025年12月16日,南京市生态环境局,市本级,中国科学院南京地质古生物研究所新建1台工业CT装置项目.pdf,江苏省南京市玄武区北京东路39号,玄武,中国科学院南京地质古生物研究所,江苏睿源环境科技有限公司,是,业务类别
南京市,https://sthjj.nanjing.gov.cn/ztzl/xzxkhxzzfxxgs/xzxkhzfxxhz/xmhpslqk_68811/,https://sthjj.nanjing.gov.cn/ztzl/xzxkhxzzfxxgs/pcjxxgk/jn/xmhpslqk_68860/202512/t20251215_5713210.html,南京市生态环境局关于2025年12月15日建设项目环境影响评价文件受理情况的公示（江宁）,2025年12月15日,南京市江宁生态环境局,江宁,建设危险品仓库项目,南京市江宁区彤天路219号,江宁,南京机电产业（集团）有限公司,苏景九九环保服务（南京）有限公司,否,发文机关
南京市,https://sthjj.nanjing.gov.cn/ztzl/xzxkhxzzfxxgs/xzxkhzfxxhz/xmhpslqk_68811/,https://sthjj.nanjing.gov.cn/ztzl/xzxkhxzzfxxgs/pcjxxgk/jn/xmhpslqk_68860/202512/t20251215_5713210.html,南京市生态环境局关于2025年12月15日建设项目环境影响评价文件受理情况的公示（江宁）,2025年12月15日,南京市江宁生态环境局,江宁,光学保护膜生产项目,江苏省南京市江宁区江宁街道汤铜路以南,江宁,南京艾天新材料科技有限公司,南京亘屹环保科技有限公司,否,发文机关
南京市,https://sthjj.nanjing.gov.cn/ztzl/xzxkhxzzfxxgs/xzxkhzfxxhz/xmhpslqk_68811/,https://sthjj.nanjing.gov.cn/ztzl/xzxkhxzzfxxgs/pcjxxgk/jn/xmhpslqk_68860/202512/t20251215_5713210.html,南京市生态环境局关于2025年12月15日建设项目环境影响评价文件受理情况的公示（江宁）,2025年12月15日,南京市江宁生态环境局,江宁,转向器及特种科研装备生产项目,南京市江宁区横溪镇横云南路260号,江宁,南京明创工业成套设备有限公司,江苏苏科咨询有限公司,否,发文机关
南京市,https://sthjj.nanjing.gov.cn/ztzl/xzxkhxzzfxxgs/xzxkhzfxxhz/xmhpslqk_68811/,https://sthjj.nanjing.gov.cn/ztzl/xzxkhxzzfxxgs/pcjxxgk/jn/xmhpslqk_68860/202512/t20251215_5713210.html,南京市生态环境局关于2025年12月15日建设项目环境影响评价文件受理情况的公示（江宁）,2025年12月15日,南京市江宁生态环境局,江宁,瑟路绅智能产业基地项目,滨江开发区地秀路以东、喜燕路以南、天成路以西、中环大道以北,滨江开发区,瑟路绅（南京）科创有限公司,南京伊环环境科技有限公司,否,发文机关
南京市,https://sthjj.nanjing.gov.cn/ztzl/xzxkhxzzfxxgs/xzxkhzfxxhz/xmhpslqk_68811/,https://sthjj.nanjing.gov.cn/ztzl/xzxkhxzzfxxgs/sjxzxkhzfxx/xmhpslqk_68817/202512/t20251212_5712176.html,2025年12月12日南京市生态环境局受理建设项目环评文件情况公示(辐射),2025年12月12日,南京市生态环境局,市本级,南京溧水~禄口机场π入红花变110千伏线路工程,南京溧水经济开发区（柘塘街道）、南京市溧水区洪蓝街道、永阳街道、石湫街道境内,溧水,国网江苏省电力有限公司南京供电分公司,江苏嘉溢安全环境科技服务有限公司,是,业务类别
南京市,https://sthjj.nanjing.gov.cn/ztzl/xzxkhxzzfxxgs/xzxkhzfxxhz/xmhpslqk_68811/,https://sthjj.nanjing.gov.cn/ztzl/xzxkhxzzfxxgs/pcjxxgk/xw/xmhpslqk_68824/202512/t20251212_5711753.html,南京市生态环境局关于2025年12月12日建设项目环境影响评价文件 受理情况的公示（玄武）,2025年12月12日,南京市玄武生态环境局,玄武,金琚生物医药（南京）有限公司新建实验室项目公示版,江苏省南京市玄武区玄武大道699-18号26幢第三层,玄武,金琚生物医药（南京）有限公司,江苏国恒安全评价咨询服务有限公司,否,发文机关
南京市,https://sthjj.nanjing.gov.cn/ztzl/xzxkhxzzfxxgs/xzxkhzfxxhz/xmhpslqk_68811/,https://sthjj.nanjing.gov.cn/ztzl/xzxkhxzzfxxgs/pcjxxgk/jn/xmhpslqk_68860/202512/t20251209_5709976.html,南京市生态环境局关于2025年12月9日建设项目环境影响评价文件受理情况的公示（江宁）,2025年12月9日,南京市江宁生态环境局,江宁,户外用品智能化生产项目（一期）,江苏省南京市江宁区淳化街道土桥工业集中区内,江宁,艾克特（南京）新材料实业有限公司,南京苏绿环境技术有限公司,否,发文机关
南京市,https://sthjj.nanjing.gov.cn/ztzl/xzxkhxzzfxxgs/xzxkhzfxxhz/xmhpslqk_68811/,https://sthjj.nanjing.gov.cn/ztzl/xzxkhxzzfxxgs/pcjxxgk/ls/xmhpslqk_68878/202512/t20251208_5708880.html,2025年12月8日南京市溧水生态环境局受理建设项目环评文件情况公示（辐射）,2025年12月8日,南京市溧水生态环境局,溧水,南京大唐南热5万千瓦10万千瓦时二期储能电站项目（220kV升压站工程）环境影响报告表(公示稿）.pdf,南京市溧水经济开发区电厂路8号大唐南京热电有限责任公司内,溧水,大唐南京热电有限责任公司,江苏南京新叶环境科技有限公司,是,业务类别
南京市,https://sthjj.nanjing.gov.cn/ztzl/xzxkhxzzfxxgs/xzxkhzfxxhz/xmhpslqk_68811/,https://sthjj.nanjing.gov.cn/ztzl/xzxkhxzzfxxgs/sjxzxkhzfxx/xmhpslqk_68817/202512/t20251208_5709128.html,2025年12月8日南京市生态环境局受理建设项目环评文件情况公示(辐射),2025年12月8日,南京市生态环境局,市本级,南京华能能谷新能源开发有限公司金牛湖街道农光互补光伏发电项目110千伏送出工程.pdf,江苏省南京市六合区金牛湖街道境内,六合,国网江苏省电力有限公司南京供电分公司,江苏清全科技有限公司,是,业务类别
南京市,https://sthjj.nanjing.gov.cn/ztzl/xzxkhxzzfxxgs/xzxkhzfxxhz/xmhpslqk_68811/,https://sthjj.nanjing.gov.cn/ztzl/xzxkhxzzfxxgs/pcjxxgk/jn/xmhpslqk_68860/202601/t20260113_5764415.html,南京市生态环境局关于2026年1月13日建设项目环境影响评价文件受理情况的公示（江宁）,2026年1月13日,南京市江宁生态环境局,江宁,注塑件加工生产项目,南京市江宁区淳化街道青龙大道36号,江宁,南京连运模具塑料有限公司,南京伊环环境科技有限公司,否,发文机关
南京市,https://sthjj.nanjing.gov.cn/ztzl/xzxkhxzzfxxgs/xzxkhzfxxhz/xmhpslqk_68811/,https://sthjj.nanjing.gov.cn/ztzl/xzxkhxzzfxxgs/pcjxxgk/jn/xmhpslqk_68860/202601/t20260109_5761786.html,南京市生态环境局关于2026年1月9日建设项目环境影响评价文件受理情况的公示（江宁）,2026年1月9日,南京市江宁生态环境局,江宁,中央工厂包子馅料制作加工扩建项目,南京市江宁区汤山街道扬帆路26号,江宁,江苏和善园食品工业有限公司,南京伊环环境科技有限公司,否,发文机关
南京市,https://sthjj.nanjing.gov.cn/ztzl/xzxkhxzzfxxgs/xzxkhzfxxhz/xmhpslqk_68811/,https://sthjj.nanjing.gov.cn/ztzl/xzxkhxzzfxxgs/pcjxxgk/jn/xmhpslqk_68860/202601/t20260109_5761786.html,南京市生态环境局关于2026年1月9日建设项目环境影响评价文件受理情况的公示（江宁）,2026年1月9日,南京市江宁生态环境局,江宁,新能源汽车轻量化关键零部件材料智能化生产项目,江苏省南京市江宁区汤山街道天禄路10号,江宁,南京天明玻纤制品有限公司,南京苏绿环境技术有限公司,否,发文机关
南京市,https://sthjj.nanjing.gov.cn/ztzl/xzxkhxzzfxxgs/xzxkhzfxxhz/xmhpslqk_68811/,https://sthjj.nanjing.gov.cn/ztzl/xzxkhxzzfxxgs/pcjxxgk/jn/xmhpslqk_68860/202601/t20260109_5761786.html,南京市生态环境局关于2026年1月9日建设项目环境影响评价文件受理情况的公示（江宁）,2026年1月9日,南京市江宁生态环境局,江宁,年产20万套智能电网采集设备生产项目,南京市江宁区高新园福英路1001号23栋,江宁,南京协胜智能科技有限公司,淮安晓牧环保服务有限公司,否,发文机关
南京市,https://sthjj.nanjing.gov.cn/ztzl/xzxkhxzzfxxgs/xzxkhzfxxhz/xmhpslqk_68811/,https://sthjj.nanjing.gov.cn/ztzl/xzxkhxzzfxxgs/pcjxxgk/jn/xmhpslqk_68860/202601/t20260109_5761786.html,南京市生态环境局关于2026年1月9日建设项目环境影响评价文件受理情况的公示（江宁）,2026年1月9日,南京市江宁生态环境局,江宁,环保滤材生产扩产项目,南京市江宁区滨江经济开发区飞鹰路36号,江宁,南京际华三五二一环保科技有限公司,江苏润环环境科技有限公司,否,发文机关
南京市,https://sthjj.nanjing.gov.cn/ztzl/xzxkhxzzfxxgs/xzxkhzfxxhz/xmhpslqk_68811/,https://sthjj.nanjing.gov.cn/ztzl/xzxkhxzzfxxgs/pcjxxgk/jn/xmhpslqk_68860/202601/t20260109_5761786.html,南京市生态环境局关于2026年1月9日建设项目环境影响评价文件受理情况的公示（江宁）,2026年1月9日,南京市江宁生态环境局,江宁,官山坳尾矿库闭库及生态修复工程项目,南京市江宁区横溪街道西岗社区官山坳尾矿库内,江宁,南京市江宁区人民政府横溪街道办事处,江苏苏科咨询有限公司,否,发文机关
南京市,https://sthjj.nanjing.gov.cn/ztzl/xzxkhxzzfxxgs/xzxkhzfxxhz/xmhpslqk_68811/,https://sthjj.nanjing.gov.cn/ztzl/xzxkhxzzfxxgs/pcjxxgk/jn/xmhpslqk_68860/202601/t20260109_5761786.html,南京市生态环境局关于2026年1月9日建设项目环境影响评价文件受理情况的公示（江宁）,2026年1月9日,南京市江宁生态环境局,江宁,水处理菌剂应用验证中心项目,南京市江宁区汤山街道古泉路16号,江宁,中持（江苏）环境建设有限公司,南大环境规划设计研究院（江苏）有限公司,否,发文机关
南京市,https://sthjj.nanjing.gov.cn/ztzl/xzxkhxzzfxxgs/xzxkhzfxxhz/xmhpslqk_68811/,https://sthjj.nanjing.gov.cn/ztzl/xzxkhxzzfxxgs/pcjxxgk/lh/xmhpslqk_68872/202601/t20260108_5759896.html,南京市生态环境局关于2026年1月8日建设项目环境影响评价文件受理情况的公示（六合）,2026年1月8日,六合生态环境局,六合,年产300吨硅微粉无机增强材料生产项目,六合区雄州街道陈吕路9号,六合,南京威勒斯特新材料科技有限公司,南京新萌芽环境工程有限公司,否,发文机关
南京市,https://sthjj.nanjing.gov.cn/ztzl/xzxkhxzzfxxgs/xzxkhzfxxhz/xmhpslqk_68811/,https://sthjj.nanjing.gov.cn/ztzl/xzxkhxzzfxxgs/pcjxxgk/gc/xmhpslqk_68884/202601/t20260108_5759495.html,南京市生态环境局关于2026年1月8日建设项目环境影响评价文件受理情况的公示（高淳）,2026年1月8日,南京市生态环境局,市本级,家具生产扩建项目,江苏省南京市高淳区经济开发区花山路37号,高淳,南京源浩家居有限公司,南京名环智远环境科技有限公司,否,项目属地
南京市,https://sthjj.nanjing.gov.cn/ztzl/xzxkhxzzfxxgs/xzxkhzfxxhz/xmhpslqk_68811/,https://sthjj.nanjing.gov.cn/ztzl/xzxkhxzzfxxgs/pcjxxgk/gc/xmhpslqk_68884/202601/t20260108_5759495.html,南京市生态环境局关于2026年1月8日建设项目环境影响评价文件受理情况的公示（高淳）,2026年1月8日,南京市生态环境局,市本级,镜面显示玻璃盖板生产加工项目,江苏省南京市高淳区经济开发区永城路8号,高淳,南京好视通显示科技有限公司,南京朗泽环保科技有限公司,否,项目属地
南京市,https://sthjj.nanjing.gov.cn/ztzl/xzxkhxzzfxxgs/xzxkhzfxxhz/xmhpslqk_68811/,https://sthjj.nanjing.gov.cn/ztzl/xzxkhxzzfxxgs/pcjxxgk/ls/xmhpslqk_68878/202601/t20260107_5758801.html,南京市生态环境局关于2026年1月7日建设项目环境影响评价文件受理情况的公示（溧水）,2026年1月7日,南京市溧水生态环境局,溧水,年产1.8亿套U型杯生产线项目,南京市溧水区经济开发区曹吕路7号,溧水,南京兴成新材料科技有限公司,南京名环智远环境科技有限公司,否,发文机关
南京市,https://sthjj.nanjing.gov.cn/ztzl/xzxkhxzzfxxgs/xzxkhzfxxhz/xmhpslqk_68811/,https://sthjj.nanjing.gov.cn/ztzl/xzxkhxzzfxxgs/pcjxxgk/jn/xmhpslqk_68860/202601/t20260104_5756469.html,南京市生态环境局关于2026年1月4日建设项目环境影响评价文件受理情况的公示（江宁）,2026年1月4日,南京市生态环境局,市本级,南京理工大学军事智能楼、智能兵器人才创新中心项目配套110kV输变电工程（公示稿）.pdf,南京市江宁区汤山街道,江宁,南京理工大学,江苏润环环境科技有限公司,否,项目属地
南京市,https://sthjj.nanjing.gov.cn/ztzl/xzxkhxzzfxxgs/xzxkhzfxxhz/xmhpslqk_68811/,https://sthjj.nanjing.gov.cn/ztzl/xzxkhxzzfxxgs/pcjxxgk/gc/xmhpslqk_68884/202512/t20251231_5754694.html,南京市生态环境局关于2025年12月31日建设项目环境影响评价文件受理情况的公示（高淳）,2025年12月31日,南京市生态环境局,市本级,骨架油封生产加工项目,江苏省南京市高淳区经济开发区古津路26号,高淳,江苏奥斯姆高新材料有限公司,南京新萌芽环境工程有限公司,否,项目属地
南京市,https://sthjj.nanjing.gov.cn/ztzl/xzxkhxzzfxxgs/xzxkhzfxxhz/xmhpslqk_68811/,https://sthjj.nanjing.gov.cn/ztzl/xzxkhxzzfxxgs/pcjxxgk/gc/xmhpslqk_68884/202512/t20251231_5754694.html,南京市生态环境局关于2025年12月31日建设项目环境影响评价文件受理情况的公示（高淳）,2025年12月31日,南京市生态环境局,市本级,血液透析用浓缩物研发生产项目,江苏省南京市高淳区经济开发区桃园南路8号,高淳,南京海波医疗器械有限公司,南京名环智远环境科技有限公司,否,项目属地
南京市,https://sthjj.nanjing.gov.cn/ztzl/xzxkhxzzfxxgs/xzxkhzfxxhz/xmhpslqk_68811/,https://sthjj.nanjing.gov.cn/ztzl/xzxkhxzzfxxgs/pcjxxgk/qx/xmhpslqk_68848/202512/t20251230_5754122.html,南京市生态环境局关于2025年12月30日建设项目环境影响评价文件受理情况的公示（栖霞）,2025年12月30日,栖霞生态环境局,栖霞,迈德森实验室建设项目环境影响报告表-公示版,南京市栖霞区仙林街道纬地路9号江苏生命科技创新园E6栋403室,栖霞,南京迈德森医药科技有限公司,江苏禾美环保科技有限公司,否,发文机关
南京市,https://sthjj.nanjing.gov.cn/ztzl/xzxkhxzzfxxgs/xzxkhzfxxhz/xmhpslqk_68811/,https://sthjj.nanjing.gov.cn/ztzl/xzxkhxzzfxxgs/pcjxxgk/jn/xmhpslqk_68860/202512/t20251230_5754048.html,南京市生态环境局关于2025年12月30日建设项目环境影响评价文件受理情况的公示（江宁）,2025年12月30日,南京市江宁生态环境局,江宁,分子筛系列产品生产（二期）项目,南京市江宁区淳化街道土桥工业区兴百路以南、经二路以西地块,江宁,江苏永成微纳新材料有限公司,南京苏绿环境技术有限公司,否,发文机关
南京市,https://sthjj.nanjing.gov.cn/ztzl/xzxkhxzzfxxgs/xzxkhzfxxhz/xmhpslqk_68811/,https://sthjj.nanjing.gov.cn/ztzl/xzxkhxzzfxxgs/pcjxxgk/jn/xmhpslqk_68860/202512/t20251230_5754048.html,南京市生态环境局关于2025年12月30日建设项目环境影响评价文件受理情况的公示（江宁）,2025年12月30日,南京市江宁生态环境局,江宁,医药小试项目,江苏省南京市江宁区芝兰路18号2号楼,江宁,南京美茵生命科技有限公司,江苏润环环境科技有限公司,否,发文机关
南京市,https://sthjj.nanjing.gov.cn/ztzl/xzxkhxzzfxxgs/xzxkhzfxxhz/xmhpslqk_68811/,https://sthjj.nanjing.gov.cn/ztzl/xzxkhxzzfxxgs/sjxzxkhzfxx/xmhpslqk_68817/202512/t20251229_5752738.html,2025年12月29日南京市生态环境局受理建设项目环评文件情况公示(辐射),2025年12月29日,南京市生态环境局,市本级,江苏南京华能高淳桠溪126兆瓦渔光互补综合发电项目110千伏送出工程.pdf,江苏省南京市高淳区桠溪街道境内,高淳,国网江苏省电力有限公司南京供电分公司,江苏清全科技有限公司,是,业务类别
南京市,https://sthjj.nanjing.gov.cn/ztzl/xzxkhxzzfxxgs/xzxkhzfxxhz/xmhpslqk_68811/,https://sthjj.nanjing.gov.cn/ztzl/xzxkhxzzfxxgs/pcjxxgk/lh/xmhpslqk_68872/202512/t20251229_5752585.html,2025年12月29日南京市六合生态环境局受理建设项目环评文件情况公示（六合区）,2025年12月29日,六合生态环境局,六合,南京至盐城高速公路工程（110kV六洪1号线/六洪2号线、110kV六牵线/六东线、110kV六集线/六姚线、220kV三六2Y23线、220kV三六2Y24线、220kV六马线迁改）,江苏省南京市六合区雄州街道、金牛湖街道、横梁街道,六合,南京市公共工程建设中心,,否,发文机关
南京市,https://sthjj.nanjing.gov.cn/ztzl/xzxkhxzzfxxgs/xzxkhzfxxhz/xmhpslqk_68811/,https://sthjj.nanjing.gov.cn/ztzl/xzxkhxzzfxxgs/pcjxxgk/jn/xmhpslqk_68860/202512/t20251225_5751018.html,南京市生态环境局关于2025年12月26日建设项目环境影响评价文件受理情况的公示（江宁）,2025年12月26日,南京市江宁生态环境局,江宁,电路板贴片组装扩建项目,南京市江宁区高新园通联路7号联东U谷三期3号楼,江宁,南京兴硕电子科技有限公司,南京伊环环境科技有限公司,否,发文机关
南京市,https://sthjj.nanjing.gov.cn/ztzl/xzxkhxzzfxxgs/xzxkhzfxxhz/xmhpslqk_68811/,https://sthjj.nanjing.gov.cn/ztzl/xzxkhxzzfxxgs/pcjxxgk/jn/xmhpslqk_68860/202512/t20251225_5751018.html,南京市生态环境局关于2025年12月26日建设项目环境影响评价文件受理情况的公示（江宁）,2025年12月26日,南京市江宁生态环境局,江宁,特材装备生产线数智化提升改造项目,南京市江宁区滨江经济开发区景明大街15号,江宁,南京宝色股份公司,南京伊环环境科技有限公司,否,发文机关
南京市,https://sthjj.nanjing.gov.cn/ztzl/xzxkhxzzfxxgs/xzxkhzfxxhz/xmhpslqk_68811/,https://sthjj.nanjing.gov.cn/ztzl/xzxkhxzzfxxgs/pcjxxgk/jn/xmhpslqk_68860/202512/t20251225_5751018.html,南京市生态环境局关于2025年12月26日建设项目环境影响评价文件受理情况的公示（江宁）,2025年12月26日,南京市江宁生态环境局,江宁,珏顺机械新建喷塑加工中心项目,江苏省南京市江宁区淳化街道青龙大道51号,江宁,南京珏顺机械有限公司,南京光明环保科技有限公司,否,发文机关
南京市,https://sthjj.nanjing.gov.cn/ztzl/xzxkhxzzfxxgs/xzxkhzfxxhz/xmhpslqk_68811/,https://sthjj.nanjing.gov.cn/ztzl/xzxkhxzzfxxgs/pcjxxgk/jn/xmhpslqk_68860/202512/t20251225_5751018.html,南京市生态环境局关于2025年12月26日建设项目环境影响评价文件受理情况的公示（江宁）,2025年12月26日,南京市江宁生态环境局,江宁,废旧塑料再生利用项目,南京市江宁区江宁街道江南环保产业园静脉路,江宁,南京乾鼎长环保集团有限公司,中岩碳能（南京）生态科技有限公司,否,发文机关
南京市,https://sthjj.nanjing.gov.cn/ztzl/xzxkhxzzfxxgs/xzxkhzfxxhz/xmhpslqk_68811/,https://sthjj.nanjing.gov.cn/ztzl/xzxkhxzzfxxgs/pcjxxgk/jn/xmhpslqk_68860/202512/t20251225_5751018.html,南京市生态环境局关于2025年12月26日建设项目环境影响评价文件受理情况的公示（江宁）,2025年12月26日,南京市江宁生态环境局,江宁,光学材料和光学产品研发及产业化项目（二期）,南京市江宁区湖熟街道汤铜路以北、和进路以东,江宁,南京波长光电科技股份有限公司,南京优安安全技术研究院有限公司,否,发文机关
南京市,https://sthjj.nanjing.gov.cn/ztzl/xzxkhxzzfxxgs/xzxkhzfxxhz/xmhpslqk_68811/,https://sthjj.nanjing.gov.cn/ztzl/xzxkhxzzfxxgs/pcjxxgk/jn/xmhpslqk_68860/202512/t20251224_5750068.html,南京市生态环境局关于2025年12月24日建设项目环境影响评价文件受理情况的公示（江宁）,2025年12月24日,南京市江宁生态环境局,江宁,南京锈昱化验室项目,南京市江宁区麒麟街道东麒路277号富力城10幢101室,江宁,南京之昱科技有限公司,江苏苏科咨询有限公司,否,发文机关
南京市,https://sthjj.nanjing.gov.cn/ztzl/xzxkhxzzfxxgs/xzxkhzfxxhz/xmhpslqk_68811/,https://sthjj.nanjing.gov.cn/ztzl/xzxkhxzzfxxgs/pcjxxgk/jn/xmhpslqk_68860/202512/t20251224_5750068.html,南京市生态环境局关于2025年12月24日建设项目环境影响评价文件受理情况的公示（江宁）,2025年12月24日,南京市江宁生态环境局,江宁,细胞培养及辅助试剂、动物血制品生产项目,南京市江宁区高新园天元东路2289号,江宁,南京生航生物技术有限公司,江苏苏科咨询有限公司,否,发文机关
南京市,https://sthjj.nanjing.gov.cn/ztzl/xzxkhxzzfxxgs/xzxkhzfxxhz/xmhpslqk_68811/,https://sthjj.nanjing.gov.cn/ztzl/xzxkhxzzfxxgs/pcjxxgk/jn/xmhpslqk_68860/202512/t20251224_5750068.html,南京市生态环境局关于2025年12月24日建设项目环境影响评价文件受理情况的公示（江宁）,2025年12月24日,南京市江宁生态环境局,江宁,南京润颐护理院、养老院项目,江苏省南京市东山街道武成路66号3-6层,,南京润颐护理院有限公司,南京瑞轩环保科技有限公司,否,发文机关
南京市,https://sthjj.nanjing.gov.cn/ztzl/xzxkhxzzfxxgs/xzxkhzfxxhz/xmhpslqk_68811/,https://sthjj.nanjing.gov.cn/ztzl/xzxkhxzzfxxgs/sjxzxkhzfxx/xmhpslqk_68817/202512/t20251224_5749884.html,2025年12月24日南京市生态环境局受理建设项目环评文件情况公示(辐射),2025年12月24日,南京市生态环境局,市本级,南京药明康德加速器四期7号楼改造项目（改扩建放射性同位素实验室项目）.pdf,南京市江北新区南京生物医药谷加速器四期07栋1层、2层、4层,江北新区,南京药明康德新药开发有限公司,江苏玖清玖蓝环保科技有限公司,是,业务类别
南京市,https://sthjj.nanjing.gov.cn/ztzl/xzxkhxzzfxxgs/xzxkhzfxxhz/xmhpslqk_68811/,https://sthjj.nanjing.gov.cn/ztzl/xzxkhxzzfxxgs/pcjxxgk/gc/xmhpslqk_68884/202512/t20251224_5749817.html,南京市生态环境局关于2025年12月24日建设项目环境影响评价文件受理情况的公示（高淳）,2025年12月24日,南京市生态环境局,市本级,年产2万吨PET环保片材项目,江苏省南京市高淳区漆桥街道双高路288号,高淳,江苏浚丰新材料有限公司,南京安心环境科技有限公司,否,项目属地
南京市,https://sthjj.nanjing.gov.cn/ztzl/xzxkhxzzfxxgs/xzxkhzfxxhz/xmhpslqk_68811/,https://sthjj.nanjing.gov.cn/ztzl/xzxkhxzzfxxgs/pcjxxgk/gc/xmhpslqk_68884/202512/t20251224_5749817.html,南京市生态环境局关于2025年12月24日建设项目环境影响评价文件受理情况的公示（高淳）,2025年12月24日,南京市生态环境局,市本级,高端复合包装容器生产项目,江苏省南京市高淳区桠溪街道工业园区13号南京泰瑞新材料科技有限公司厂区,高淳,南京卓瑞塑业有限公司,南京安心环境科技有限公司,否,项目属地
南京市,https://sthjj.nanjing.gov.cn/ztzl/xzxkhxzzfxxgs/xzxkhzfxxhz/xmhpslqk_68811/,https://sthjj.nanjing.gov.cn/ztzl/xzxkhxzzfxxgs/pcjxxgk/gc/xmhpslqk_68884/202601/t20260130_5783459.html,南京市生态环境局关于2026年1月30日建设项目环境影响评价文件受理情况的公示（高淳）,2026年1月30日,南京市生态环境局,市本级,新能源汽车密封系统研发生产项目,江苏省南京市高淳区经济开发区里溪路以西、茅山路以南、九龙山路以北、紫荆大道以东,高淳,南京永昌密封系统有限公司,南京安心环境科技有限公司,否,项目属地
南京市,https://sthjj.nanjing.gov.cn/ztzl/xzxkhxzzfxxgs/xzxkhzfxxhz/xmhpslqk_68811/,https://sthjj.nanjing.gov.cn/ztzl/xzxkhxzzfxxgs/pcjxxgk/ls/xmhpslqk_68878/202601/t20260129_5782102.html,南京市生态环境局关于2026年1月29日建设项目环境影响评价文件受理情况的公示（溧水）,2026年1月29日,南京市溧水生态环境局,溧水,新建年产20亿支精密滚针、滚子、轴销项目,南京市溧水区洪蓝工业集中区,溧水,南京聚力滚针制造有限公司,南京名环智远环境科技有限公司,否,发文机关
南京市,https://sthjj.nanjing.gov.cn/ztzl/xzxkhxzzfxxgs/xzxkhzfxxhz/xmhpslqk_68811/,https://sthjj.nanjing.gov.cn/ztzl/xzxkhxzzfxxgs/pcjxxgk/jn/xmhpslqk_68860/202601/t20260128_5781133.html,南京市生态环境局关于2026年1月28日建设项目环境影响评价文件受理情况的公示（江宁）,2026年1月28日,南京市江宁生态环境局,江宁,模具及塑料制品生产项目,江苏省南京市江宁区淳化街道青湖东路6号,江宁,南京明思克精密模塑有限公司,南京嘉泽环境咨询有限公司,否,发文机关
南京市,https://sthjj.nanjing.gov.cn/ztzl/xzxkhxzzfxxgs/xzxkhzfxxhz/xmhpslqk_68811/,https://sthjj.nanjing.gov.cn/ztzl/xzxkhxzzfxxgs/pcjxxgk/lh/xmhpslqk_68872/202601/t20260128_5781128.html,南京市生态环境局关于2026年1月28日建设项目环境影响评价文件受理情况的公示（六合）,2026年1月28日,六合生态环境局,六合,塑料包装制品技术改造项目,六合区龙袍街道东沟四桥经济园府前南路6栋,六合,南京海世达包装有限公司,江苏南京博晟环境科技有限公司,否,发文机关
南京市,https://sthjj.nanjing.gov.cn/ztzl/xzxkhxzzfxxgs/xzxkhzfxxhz/xmhpslqk_68811/,https://sthjj.nanjing.gov.cn/ztzl/xzxkhxzzfxxgs/pcjxxgk/ls/xmhpslqk_68878/202601/t20260127_5780311.html,南京市生态环境局关于2026年1月27日建设项目环境影响评价文件受理情况的公示（溧水）,2026年1月27日,南京市溧水生态环境局,溧水,年产3000台新能源大型储能柜生产线扩建项目,南京市溧水区东屏街道工业集中区龙腾路,溧水,南京宏凯五金制造有限公司,述邦安全环境技术服务南京有限公司,否,发文机关
南京市,https://sthjj.nanjing.gov.cn/ztzl/xzxkhxzzfxxgs/xzxkhzfxxhz/xmhpslqk_68811/,https://sthjj.nanjing.gov.cn/ztzl/xzxkhxzzfxxgs/pcjxxgk/ls/xmhpslqk_68878/202601/t20260127_5780311.html,南京市生态环境局关于2026年1月27日建设项目环境影响评价文件受理情况的公示（溧水）,2026年1月27日,南京市溧水生态环境局,溧水,年产60万只新型电力电子模块生产线技改项目,南京市溧水区经济开发区秀山西路9号,溧水,南京银茂微电子制造有限公司,江苏润环环境科技有限公司,否,发文机关
南京市,https://sthjj.nanjing.gov.cn/ztzl/xzxkhxzzfxxgs/xzxkhzfxxhz/xmhpslqk_68811/,https://sthjj.nanjing.gov.cn/ztzl/xzxkhxzzfxxgs/pcjxxgk/ls/xmhpslqk_68878/202601/t20260127_5780311.html,南京市生态环境局关于2026年1月27日建设项目环境影响评价文件受理情况的公示（溧水）,2026年1月27日,南京市溧水生态环境局,溧水,年处理1.5万吨磷酸铁锂电池正极材料修复研发生产基地项目,南京市溧水区经济开发区淮源大道502号,溧水,江苏维锂能源技术有限公司,江苏正泓环保科技有限公司,否,发文机关
南京市,https://sthjj.nanjing.gov.cn/ztzl/xzxkhxzzfxxgs/xzxkhzfxxhz/xmhpslqk_68811/,https://sthjj.nanjing.gov.cn/ztzl/xzxkhxzzfxxgs/pcjxxgk/ls/xmhpslqk_68878/202601/t20260127_5780311.html,南京市生态环境局关于2026年1月27日建设项目环境影响评价文件受理情况的公示（溧水）,2026年1月27日,南京市溧水生态环境局,溧水,年产4000套/台自动化物流线体与爬坡机生产线搬迁项目,南京市溧水区东屏街道百里路9号,溧水,南京隆盛机械制造有限公司,南京名环智远环境科技有限公司,否,发文机关
南京市,https://sthjj.nanjing.gov.cn/ztzl/xzxkhxzzfxxgs/xzxkhzfxxhz/xmhpslqk_68811/,https://sthjj.nanjing.gov.cn/ztzl/xzxkhxzzfxxgs/pcjxxgk/gl/xmhpslqk_68842/202601/t20260127_5780188.html,南京市生态环境局关于2026年1月27日建设项目环境影响评价文件受理情况的公示（鼓楼）,2026年1月27日,南京市鼓楼生态环境局,鼓楼,水西门大街西延道路（清河路-燕山路）建设工程,鼓楼区水西门大街，西起清河路，东至燕山路,鼓楼,南京市鼓楼高新科技发展集团有限公司,南京大学环境规划设计研究院集团股份公司,否,发文机关
南京市,https://sthjj.nanjing.gov.cn/ztzl/xzxkhxzzfxxgs/xzxkhzfxxhz/xmhpslqk_68811/,https://sthjj.nanjing.gov.cn/ztzl/xzxkhxzzfxxgs/sjxzxkhzfxx/xmhpslqk_68817/202601/t20260127_5779580.html,2026年1月27日南京市生态环境局受理建设项目环评文件情况公示(辐射),2026年1月27日,南京市生态环境局,市本级,江苏南京工业大学江浦校区新建110千伏总降变项目110千伏配套工程,南京市浦口区江浦街道,浦口,国网江苏省电力有限公司南京供电分公司,江苏清全科技有限公司,是,业务类别
南京市,https://sthjj.nanjing.gov.cn/ztzl/xzxkhxzzfxxgs/xzxkhzfxxhz/xmhpslqk_68811/,https://sthjj.nanjing.gov.cn/ztzl/xzxkhxzzfxxgs/sjxzxkhzfxx/xmhpslqk_68817/202601/t20260126_5779116.html,2026年1月26日南京市生态环境局受理建设项目环评文件情况公示(辐射),2026年1月26日,南京市生态环境局,市本级,江苏南京燕江110千伏变电站2号主变扩建工程,南京市鼓楼区宝塔桥街道燕江路与中央北路交叉口西南侧,鼓楼,国网江苏省电力有限公司南京供电分公司,江苏通凯生态科技有限公司,是,业务类别
南京市,https://sthjj.nanjing.gov.cn/ztzl/xzxkhxzzfxxgs/xzxkhzfxxhz/xmhpslqk_68811/,https://sthjj.nanjing.gov.cn/ztzl/xzxkhxzzfxxgs/pcjxxgk/gc/xmhpslqk_68884/202601/t20260126_5778121.html,南京市生态环境局关于2026年1月26日建设项目环境影响评价文件受理情况的公示（高淳）,2026年1月26日,南京市生态环境局,市本级,新能源汽车冷却泵转子研发生产项目,江苏省南京市高淳区经济开发区机油泵产业园以东、茅山路以南、花园大道以西、双高路以北地块,高淳,南京金牛机械制造股份有限公司,南京朗泽环保科技有限公司,否,项目属地
南京市,https://sthjj.nanjing.gov.cn/ztzl/xzxkhxzzfxxgs/xzxkhzfxxhz/xmhpslqk_68811/,https://sthjj.nanjing.gov.cn/ztzl/xzxkhxzzfxxgs/pcjxxgk/gc/xmhpslqk_68884/202601/t20260126_5778121.html,南京市生态环境局关于2026年1月26日建设项目环境影响评价文件受理情况的公示（高淳）,2026年1月26日,南京市生态环境局,市本级,高龙线拓宽改造项目,江苏省南京市高淳区阳江镇（起于官溪河大桥与高龙线交叉口，终于高龙线与薛盛线交叉口）,高淳,南京市高淳区交通运输局,南京新萌芽环境工程有限公司,否,项目属地
南京市,https://sthjj.nanjing.gov.cn/ztzl/xzxkhxzzfxxgs/xzxkhzfxxhz/xmhpslqk_68811/,https://sthjj.nanjing.gov.cn/ztzl/xzxkhxzzfxxgs/pcjxxgk/gc/xmhpslqk_68884/202601/t20260120_5772771.html,南京市生态环境局关于2026年1月20日建设项目环境影响评价文件受理情况的公示（高淳）,2026年1月20日,南京市生态环境局,市本级,环保、工业自动化设备研发生产项目,江苏省南京市高淳区漆桥街道双联工业园内,高淳,江苏微盟智能制造有限公司,南京安心环境科技有限公司,否,项目属地
南京市,https://sthjj.nanjing.gov.cn/ztzl/xzxkhxzzfxxgs/xzxkhzfxxhz/xmhpslqk_68811/,https://sthjj.nanjing.gov.cn/ztzl/xzxkhxzzfxxgs/pcjxxgk/jn/xmhpslqk_68860/202601/t20260119_5772062.html,南京市生态环境局关于2026年1月19日建设项目环境影响评价文件受理情况的公示（江宁）,2026年1月19日,南京市江宁生态环境局,江宁,新建实验室项目,江苏省南京市江宁区湖熟街道智造创新园11号楼,江宁,鸿尼泰检测技术服务有限公司,南京泽恒环保科技有限公司,否,发文机关
南京市,https://sthjj.nanjing.gov.cn/ztzl/xzxkhxzzfxxgs/xzxkhzfxxhz/xmhpslqk_68811/,https://sthjj.nanjing.gov.cn/ztzl/xzxkhxzzfxxgs/sjxzxkhzfxx/xmhpslqk_68817/202601/t20260116_5771074.html,2026年1月16日南京市生态环境局受理建设项目环评文件情况公示(辐射),2026年1月16日,南京市生态环境局,市本级,江苏昱锦工程装备有限公司固定式X射线探伤项目,南京市六合区龙池街道浦周路17号厂房2,六合,江苏昱锦工程装备有限公司,江苏睿源环境科技有限公司,是,业务类别
南京市,https://sthjj.nanjing.gov.cn/ztzl/xzxkhxzzfxxgs/xzxkhzfxxhz/xmhpslqk_68811/,https://sthjj.nanjing.gov.cn/ztzl/xzxkhxzzfxxgs/pcjxxgk/ls/xmhpslqk_68878/202601/t20260116_5770694.html,南京市生态环境局关于2026年1月16日建设项目环境影响评价文件受理情况的公示（溧水）,2026年1月16日,南京市溧水生态环境局,溧水,江苏携创年产1000万平方米绿色建材及定制化焊机成套装备项目（一期）,南京市溧水区经济开发区胜秀路11号,溧水,江苏携创新能源科技有限公司,南京瑞轩环保科技有限公司,否,发文机关
南京市,https://sthjj.nanjing.gov.cn/ztzl/xzxkhxzzfxxgs/xzxkhzfxxhz/xmhpslqk_68811/,https://sthjj.nanjing.gov.cn/ztzl/xzxkhxzzfxxgs/pcjxxgk/ls/xmhpslqk_68878/202601/t20260116_5770694.html,南京市生态环境局关于2026年1月16日建设项目环境影响评价文件受理情况的公示（溧水）,2026年1月16日,南京市溧水生态环境局,溧水,纸制包装产品生产线技术改造项目,南京市溧水区经济开发区润淮大道26号,溧水,吉硕（南京）包装科技有限公司,南京名环智远环境科技有限公司,否,发文机关
南京市,https://sthjj.nanjing.gov.cn/ztzl/xzxkhxzzfxxgs/xzxkhzfxxhz/xmhpslqk_68811/,https://sthjj.nanjing.gov.cn/ztzl/xzxkhxzzfxxgs/pcjxxgk/jn/xmhpslqk_68860/202601/t20260115_5768073.html,南京市生态环境局关于2026年1月15日建设项目环境影响评价文件受理情况的公示（江宁）,2026年1月15日,南京市江宁生态环境局,江宁,年产600吨光电材料生产技术改造项目,南京市江宁区高新园醴泉路69号5栋,江宁,江苏博睿光电股份有限公司,南京伊环环境科技有限公司,否,发文机关
南京市,https://sthjj.nanjing.gov.cn/ztzl/xzxkhxzzfxxgs/xzxkhzfxxhz/xmhpslqk_68811/,https://sthjj.nanjing.gov.cn/ztzl/xzxkhxzzfxxgs/pcjxxgk/jn/xmhpslqk_68860/202601/t20260115_5768073.html,南京市生态环境局关于2026年1月15日建设项目环境影响评价文件受理情况的公示（江宁）,2026年1月15日,南京市江宁生态环境局,江宁,航空航天等重大工程用特种纤维及制品产业化与应用项目,南京市江宁区高新园彤天路99号、198号,江宁,南京玻璃纤维研究设计院有限公司,南京正星齐环保科技有限公司,否,发文机关
南京市,https://sthjj.nanjing.gov.cn/ztzl/xzxkhxzzfxxgs/xzxkhzfxxhz/xmhpslqk_68811/,https://sthjj.nanjing.gov.cn/ztzl/xzxkhxzzfxxgs/pcjxxgk/jn/xmhpslqk_68860/202601/t20260115_5768073.html,南京市生态环境局关于2026年1月15日建设项目环境影响评价文件受理情况的公示（江宁）,2026年1月15日,南京市江宁生态环境局,江宁,年产1万吨室外塑木材料扩建项目,南京江宁滨江经济开发区飞鹰路20号,江宁,南京聚新锋新材料有限公司,南京国环科技股份有限公司,否,发文机关
南京市,https://sthjj.nanjing.gov.cn/ztzl/xzxkhxzzfxxgs/xzxkhzfxxhz/xmhpslqk_68811/,https://sthjj.nanjing.gov.cn/ztzl/xzxkhxzzfxxgs/pcjxxgk/jn/xmhpslqk_68860/202601/t20260114_5765847.html,南京市生态环境局关于2026年1月14日建设项目环境影响评价文件受理情况的公示（江宁）,2026年1月14日,南京市江宁生态环境局,江宁,嘉能食品产业基地项目,江苏省南京市江宁区江宁滨江开发区北至牧龙东路，西至地秀路，东至嘉业路，南至运通路,江宁,南京润嘉食品科技有限公司,南京润物生态环境科技有限公司,否,发文机关
南京市,https://sthjj.nanjing.gov.cn/ztzl/xzxkhxzzfxxgs/xzxkhzfxxhz/xmhpslqk_68811/,https://sthjj.nanjing.gov.cn/ztzl/xzxkhxzzfxxgs/pcjxxgk/jn/xmhpslqk_68860/202601/t20260114_5765847.html,南京市生态环境局关于2026年1月14日建设项目环境影响评价文件受理情况的公示（江宁）,2026年1月14日,南京市江宁生态环境局,江宁,新型铜铝过渡线夹配套制品生产项目,南京市江宁区汤山街道上峰社区溪水路18号,江宁,南京逸嘉科技有限公司,南京亘屹环保科技有限公司,否,发文机关
南京市,https://sthjj.nanjing.gov.cn/ztzl/xzxkhxzzfxxgs/xzxkhzfxxhz/xmhpslqk_68811/,https://sthjj.nanjing.gov.cn/ztzl/xzxkhxzzfxxgs/pcjxxgk/gc/xmhpslqk_68884/202602/t20260213_5793266.html,南京市生态环境局关于2026年2月13日建设项目环境影响评价文件受理情况的公示（高淳）,2026年2月13日,南京市生态环境局,市本级,医疗器械CDMO平台项目,江苏省南京市高淳区经济开发区凤山路115号济高云奚医谷23幢第三层,高淳,江苏智杰医疗科技有限公司,南京朗泽环保科技有限公司,否,项目属地
南京市,https://sthjj.nanjing.gov.cn/ztzl/xzxkhxzzfxxgs/xzxkhzfxxhz/xmhpslqk_68811/,https://sthjj.nanjing.gov.cn/ztzl/xzxkhxzzfxxgs/pcjxxgk/gc/xmhpslqk_68884/202602/t20260213_5793266.html,南京市生态环境局关于2026年2月13日建设项目环境影响评价文件受理情况的公示（高淳）,2026年2月13日,南京市生态环境局,市本级,医疗远红外晶体材料生产项目,江苏省南京市高淳区经济开发区凤山路115号云奚医谷13栋,高淳,南京睿扬光电技术有限公司,南京艾力辰环保科技有限公司,否,项目属地
南京市,https://sthjj.nanjing.gov.cn/ztzl/xzxkhxzzfxxgs/xzxkhzfxxhz/xmhpslqk_68811/,https://sthjj.nanjing.gov.cn/ztzl/xzxkhxzzfxxgs/sjxzxkhzfxx/xmhpslqk_68817/202602/t20260212_5792570.html,南京市生态环境局关于2026年2月12日建设项目环境影响评价文件受理情况的公示（市级）,2026年2月12日,南京市生态环境局,市本级,茶兴路以北工业地块（新型研发机构科研园）项目,溧水区白马镇工业园区工业北路以西、新区北路以东、茶兴路以北,溧水,江苏南京国家农业高新技术产业示范区发展集团有限公司,南京信佣工程咨询有限公司,否,层级
南京市,https://sthjj.nanjing.gov.cn/ztzl/xzxkhxzzfxxgs/xzxkhzfxxhz/xmhpslqk_68811/,https://sthjj.nanjing.gov.cn/ztzl/xzxkhxzzfxxgs/sjxzxkhzfxx/xmhpslqk_68817/202602/t20260212_5792570.html,南京市生态环境局关于2026年2月12日建设项目环境影响评价文件受理情况的公示（市级）,2026年2月12日,南京市生态环境局,市本级,南京长明汽车科技零部件生产研发基地项目,南京市溧水区溧水经济开发区东至规划路，西至三亚路，南至淮源大道，北至空地,溧水,南京长明汽车科技有限公司,南京名环智远环境科技有限公司,否,层级
南京市,https://sthjj.nanjing.gov.cn/ztzl/xzxkhxzzfxxgs/xzxkhzfxxhz/xmhpslqk_68811/,https://sthjj.nanjing.gov.cn/ztzl/xzxkhxzzfxxgs/pcjxxgk/jn/xmhpslqk_68860/202602/t20260212_5792618.html,南京市生态环境局关于2026年2月12日建设项目环境影响评价文件受理情况的公示（江宁）,2026年2月12日,南京市江宁生态环境局,江宁,光平宕口生态提升工程项目,南京市江宁区高新园汤山林场长山分场（黄龙山）,江宁,南京睿艺环境工程有限公司,南京正星齐环保科技有限公司,否,发文机关
南京市,https://sthjj.nanjing.gov.cn/ztzl/xzxkhxzzfxxgs/xzxkhzfxxhz/xmhpslqk_68811/,https://sthjj.nanjing.gov.cn/ztzl/xzxkhxzzfxxgs/pcjxxgk/yht/xmhpslqk_68854/202602/t20260212_5792615.html,南京市生态环境局关于2026年2月12日建设项目环境影响评价文件受理情况的公示（雨花台）,2026年2月12日,南京市雨花台生态环境局,雨花台,南京瑞安电气二期生产厂房,南京市雨花台区龙腾南路28号,雨花台,南京瑞安电气股份有限公司,南京绿创环境科技有限公司,否,发文机关
南京市,https://sthjj.nanjing.gov.cn/ztzl/xzxkhxzzfxxgs/xzxkhzfxxhz/xmhpslqk_68811/,https://sthjj.nanjing.gov.cn/ztzl/xzxkhxzzfxxgs/sjxzxkhzfxx/xmhpslqk_68817/202602/t20260211_5791708.html,南京市生态环境局关于2026年2月11日建设项目环境影响评价文件受理情况的公示（市级）,2026年2月11日,南京市生态环境局,市本级,柘塘街道污水处理厂建设项目,溧水经济开发区三亚路以东、新淮路以北,溧水,南京溧水经济技术开发集团有限公司,江苏圣泰环境科技股份有限公司,否,层级
南京市,https://sthjj.nanjing.gov.cn/ztzl/xzxkhxzzfxxgs/xzxkhzfxxhz/xmhpslqk_68811/,https://sthjj.nanjing.gov.cn/ztzl/xzxkhxzzfxxgs/pcjxxgk/jn/xmhpslqk_68860/202602/t20260211_5791897.html,南京市生态环境局关于2026年2月11日建设项目环境影响评价文件受理情况的公示（江宁）,2026年2月11日,南京市江宁生态环境局,江宁,中药代煎项目,江苏省南京市江宁区江宁街道宁桥北路,江宁,南京慈宁药业有限公司,南京国环科技股份有限公司,否,发文机关
南京市,https://sthjj.nanjing.gov.cn/ztzl/xzxkhxzzfxxgs/xzxkhzfxxhz/xmhpslqk_68811/,https://sthjj.nanjing.gov.cn/ztzl/xzxkhxzzfxxgs/sjxzxkhzfxx/xmhpslqk_68817/202602/t20260211_5791882.html,2026年2月11日南京市生态环境局受理建设项目环评文件情况公示(辐射),2026年2月11日,南京市生态环境局,市本级,南京大唐龙袍一期50.88MW渔光互补发电项目110千伏送出工程,南京市六合区龙袍街道境内,六合,国网江苏省电力有限公司南京供电分公司,江苏嘉溢安全环境科技服务有限公司,是,业务类别
南京市,https://sthjj.nanjing.gov.cn/ztzl/xzxkhxzzfxxgs/xzxkhzfxxhz/xmhpslqk_68811/,https://sthjj.nanjing.gov.cn/ztzl/xzxkhxzzfxxgs/sjxzxkhzfxx/xmhpslqk_68817/202602/t20260206_5788997.html,2026年2月6日南京市生态环境局受理建设项目环评文件情况公示(辐射),2026年2月6日,南京市生态环境局,市本级,南京市雨花医院新建1台DSA应用项目.pdf,南京市雨花台区板桥大道9号综合楼4层,雨花台,南京市雨花医院,南京泰坤环境检测有限公司,是,业务类别
南京市,https://sthjj.nanjing.gov.cn/ztzl/xzxkhxzzfxxgs/xzxkhzfxxhz/xmhpslqk_68811/,https://sthjj.nanjing.gov.cn/ztzl/xzxkhxzzfxxgs/pcjxxgk/qx/xmhpslqk_68848/202602/t20260206_5788929.html,南京市生态环境局关于2026年2月6日建设项目环境影响评价文件受理情况的公示（栖霞）,2026年2月6日,栖霞生态环境局,栖霞,怀源（南京）医药科技生物医药研发项目环评报告表-公示版.,栖霞区纬地路9号江苏生命科技创新园F6幢502、504、506及办公区522室,栖霞,怀源（南京）医药科技有限公司,南京优态环境科技有限公司,否,发文机关
南京市,https://sthjj.nanjing.gov.cn/ztzl/xzxkhxzzfxxgs/xzxkhzfxxhz/xmhpslqk_68811/,https://sthjj.nanjing.gov.cn/ztzl/xzxkhxzzfxxgs/pcjxxgk/lh/xmhpslqk_68872/202602/t20260206_5788907.html,南京市生态环境局关于2026年2月6日建设项目环境影响评价文件受理情况的公示（六合）,2026年2月6日,六合生态环境局,六合,新能源汽车锂电池精密结构件生产线扩建项目,六合区龙袍街道龙袍新城北六路以南、创业路以西,六合,南京盛世精密工业有限公司,江苏久之源环境科技有限公司,否,发文机关
南京市,https://sthjj.nanjing.gov.cn/ztzl/xzxkhxzzfxxgs/xzxkhzfxxhz/xmhpslqk_68811/,https://sthjj.nanjing.gov.cn/ztzl/xzxkhxzzfxxgs/pcjxxgk/lh/xmhpslqk_68872/202602/t20260206_5788907.html,南京市生态环境局关于2026年2月6日建设项目环境影响评价文件受理情况的公示（六合）,2026年2月6日,六合生态环境局,六合,特种电机生产线技术改造项目,六合区雄州东路289号,六合,南京特种电机厂有限公司,南京珞石环境科技有限公司,否,发文机关
南京市,https://sthjj.nanjing.gov.cn/ztzl/xzxkhxzzfxxgs/xzxkhzfxxhz/xmhpslqk_68811/,https://sthjj.nanjing.gov.cn/ztzl/xzxkhxzzfxxgs/pcjxxgk/gc/xmhpslqk_68884/202602/t20260206_5788479.html,南京市生态环境局关于2026年2月6日建设项目环境影响评价文件受理情况的公示（高淳）,2026年2月6日,南京市生态环境局,市本级,雨刮总成注塑扩建项目,江苏省南京市高淳区经济开发区永城路133号,高淳,浙江国雨汽车零部件南京有限公司,述邦安全环境技术服务南京有限公司,否,项目属地
南京市,https://sthjj.nanjing.gov.cn/ztzl/xzxkhxzzfxxgs/xzxkhzfxxhz/xmhpslqk_68811/,https://sthjj.nanjing.gov.cn/ztzl/xzxkhxzzfxxgs/pcjxxgk/gc/xmhpslqk_68884/202602/t20260206_5788479.html,南京市生态环境局关于2026年2月6日建设项目环境影响评价文件受理情况的公示（高淳）,2026年2月6日,南京市生态环境局,市本级,静等压连续压机及特种钢带生产技改项目,江苏省南京市高淳区经济开发区桃园北路50号,高淳,南京铭客传动系统有限公司,南京朗泽环保科技有限公司,否,项目属地
南京市,https://sthjj.nanjing.gov.cn/ztzl/xzxkhxzzfxxgs/xzxkhzfxxhz/xmhpslqk_68811/,https://sthjj.nanjing.gov.cn/ztzl/xzxkhxzzfxxgs/sjxzxkhzfxx/xmhpslqk_68817/202602/t20260204_5787053.html,2026年2月4日南京市生态环境局受理建设项目环评文件情况公示(辐射),2026年2月4日,南京市生态环境局,市本级,南京锦湖轮胎有限公司新能源汽车高性能轮胎生产线第二批升级改造项目（辐射专题）.pdf,南京市浦口区浦口经济开发区春羽路8号厂区压延压出车间,浦口,南京锦湖轮胎有限公司,江苏玖清玖蓝环保科技有限公司,是,业务类别
南京市,https://sthjj.nanjing.gov.cn/ztzl/xzxkhxzzfxxgs/xzxkhzfxxhz/xmhpslqk_68811/,https://sthjj.nanjing.gov.cn/ztzl/xzxkhxzzfxxgs/pcjxxgk/ls/xmhpslqk_68878/202601/t20260130_5783441.html,2026年2月2日南京市溧水生态环境局受理建设项目环评文件情况公示（辐射）,2026年2月2日,南京市溧水生态环境局,溧水,南京溧水经济开发区5万千瓦10万千瓦时储能电站项目和南京溧水经济开发区5万千瓦10万千瓦时二期储能电站项目（110kV升压站工程）环评报告表.pdf,南京市溧水经济开发区红花变以东，科创大道以北，宁宣高速以南地块，石榴山路以西地块,溧水,南京欣鑫储能科技有限公司,江苏宝海环境服务有限公司,是,业务类别
南京市,https://sthjj.nanjing.gov.cn/ztzl/xzxkhxzzfxxgs/xzxkhzfxxhz/xmhpslqk_68811/,https://sthjj.nanjing.gov.cn/ztzl/xzxkhxzzfxxgs/pcjxxgk/ls/xmhpslqk_68878/202601/t20260130_5783441.html,2026年2月2日南京市溧水生态环境局受理建设项目环评文件情况公示（辐射）,2026年2月2日,南京市溧水生态环境局,溧水,大唐溧水燃机热电联产项目220kV升压站工程环评报告.pdf,南京市溧水经济开发区电厂路8号大唐南京热电有限责任公司内,溧水,大唐南京热电有限责任公司,迪天环境技术南京股份有限公司,是,业务类别
南京市,https://sthjj.nanjing.gov.cn/ztzl/xzxkhxzzfxxgs/xzxkhzfxxhz/xmhpslqk_68811/,https://sthjj.nanjing.gov.cn/ztzl/xzxkhxzzfxxgs/pcjxxgk/jn/xmhpslqk_68860/202602/t20260202_5785367.html,南京市生态环境局关于2026年2月2日建设项目环境影响评价文件受理情况的公示（江宁）,2026年2月2日,南京市江宁生态环境局,江宁,装修垃圾资源化利用技术改造项目,江苏省南京市江宁区麒麟街道锁石社区小东山村,江宁,南京强旺再生资源有限公司,南大环境规划设计研究院（江苏）有限公司,否,发文机关
南京市,https://sthjj.nanjing.gov.cn/ztzl/xzxkhxzzfxxgs/xzxkhzfxxhz/xmhpslqk_68811/,https://sthjj.nanjing.gov.cn/ztzl/xzxkhxzzfxxgs/pcjxxgk/jn/xmhpslqk_68860/202601/t20260130_5783476.html,南京市生态环境局关于2026年1月30日建设项目环境影响评价文件受理情况的公示（江宁）,2026年1月30日,南京市江宁生态环境局,江宁,新能源汽车空腔隔断隔音降噪材料项目,江苏省南京市江宁区汤山街道孔山路6号,江宁,江苏同盟汽车零部件实业有限公司,南京光明环保科技有限公司,否,发文机关
南京市,https://sthjj.nanjing.gov.cn/ztzl/xzxkhxzzfxxgs/xzxkhzfxxhz/xmhpslqk_68811/,https://sthjj.nanjing.gov.cn/ztzl/xzxkhxzzfxxgs/sjxzxkhzfxx/xmhpslqk_68817/202603/t20260318_5807579.html,南京市生态环境局关于2026年3月18日建设项目环境影响评价文件受理情况的公示（市级）,2026年3月18日,南京市生态环境局,市本级,204省道溧水段二期改扩建工程,南京市溧水区,溧水,南京市溧水区交通运输局,江苏智泓环保科技有限公司,否,层级
南京市,https://sthjj.nanjing.gov.cn/ztzl/xzxkhxzzfxxgs/xzxkhzfxxhz/xmhpslqk_68811/,https://sthjj.nanjing.gov.cn/ztzl/xzxkhxzzfxxgs/sjxzxkhzfxx/xmhpslqk_68817/202603/t20260318_5807922.html,2026年3月18日南京市生态环境局受理建设项目环评文件情况公示(辐射),2026年3月18日,南京市生态环境局,市本级,麒麟科技城南京未来能源系统研究院110千伏配套工程,南京市江宁区南京市麒麟科技创新园境内,江宁,国网江苏省电力有限公司南京供电分公司,江苏辐环环境科技有限公司,是,业务类别
南京市,https://sthjj.nanjing.gov.cn/ztzl/xzxkhxzzfxxgs/xzxkhzfxxhz/xmhpslqk_68811/,https://sthjj.nanjing.gov.cn/ztzl/xzxkhxzzfxxgs/pcjxxgk/gc/xmhpslqk_68884/202603/t20260318_5807378.html,南京市生态环境局关于2026年3月18日建设项目环境影响评价文件受理情况的公示（高淳）,2026年3月18日,南京市生态环境局,市本级,塑胶颜料及相关制品制造等生产项目,江苏省南京市高淳经济开发区沧溪路28号,高淳,江苏地球化学科技有限公司,南京安心环境科技有限公司,否,项目属地
南京市,https://sthjj.nanjing.gov.cn/ztzl/xzxkhxzzfxxgs/xzxkhzfxxhz/xmhpslqk_68811/,https://sthjj.nanjing.gov.cn/ztzl/xzxkhxzzfxxgs/pcjxxgk/gc/xmhpslqk_68884/202603/t20260318_5807378.html,南京市生态环境局关于2026年3月18日建设项目环境影响评价文件受理情况的公示（高淳）,2026年3月18日,南京市生态环境局,市本级,明胶果汁软糖生产基地项目,江苏省南京市高淳区经济开发区秋园路17号食品产业园1幢,高淳,江苏欧贝食品科技有限责任公司,南京安心环境科技有限公司,否,项目属地
南京市,https://sthjj.nanjing.gov.cn/ztzl/xzxkhxzzfxxgs/xzxkhzfxxhz/xmhpslqk_68811/,https://sthjj.nanjing.gov.cn/ztzl/xzxkhxzzfxxgs/pcjxxgk/gc/xmhpslqk_68884/202603/t20260318_5807378.html,南京市生态环境局关于2026年3月18日建设项目环境影响评价文件受理情况的公示（高淳）,2026年3月18日,南京市生态环境局,市本级,年产30万台永磁同步电机及周边零部件生产项目,江苏省南京市高淳区经济开发区紫荆大道8号,高淳,南京大井电气机械有限公司,南京安心环境科技有限公司,否,项目属地
南京市,https://sthjj.nanjing.gov.cn/ztzl/xzxkhxzzfxxgs/xzxkhzfxxhz/xmhpslqk_68811/,https://sthjj.nanjing.gov.cn/ztzl/xzxkhxzzfxxgs/sjxzxkhzfxx/xmhpslqk_68817/202603/t20260317_5807064.html,2026年3月17日南京市生态环境局受理建设项目环评文件情况公示(辐射),2026年3月17日,南京市生态环境局,市本级,南京测源科技有限公司新增1台工业CT检测装置项目,江苏省南京市江宁区吉印大道3128号2幢一层,江宁,南京测源科技有限公司,南京苏绿环境技术有限公司,是,业务类别
南京市,https://sthjj.nanjing.gov.cn/ztzl/xzxkhxzzfxxgs/xzxkhzfxxhz/xmhpslqk_68811/,https://sthjj.nanjing.gov.cn/ztzl/xzxkhxzzfxxgs/pcjxxgk/jn/xmhpslqk_68860/202603/t20260317_5806774.html,南京市生态环境局关于2026年3月17日建设项目环境影响评价文件受理情况的公示（江宁）,2026年3月17日,南京市江宁生态环境局,江宁,南京达美乐食品产业智慧链路项目,南京市江宁区滨江开发区地秀路718号4幢W4-1-A,江宁,达美乐（江苏）食品科技有限公司,南京亘屹环保科技有限公司,否,发文机关
南京市,https://sthjj.nanjing.gov.cn/ztzl/xzxkhxzzfxxgs/xzxkhzfxxhz/xmhpslqk_68811/,https://sthjj.nanjing.gov.cn/ztzl/xzxkhxzzfxxgs/sjxzxkhzfxx/xmhpslqk_68817/202603/t20260316_5806286.html,2026年3月16日南京市生态环境局受理建设项目环评文件情况公示(辐射),2026年3月16日,南京市生态环境局,市本级,地平线（南京）检验检测有限公司新建移动式X射线探伤项目,探伤地点：客户厂区内及野外探伤现场；（探伤机贮存场所：南京市江宁滨江经济开发区地秀路757号厂区内一楼储存室）,江宁,地平线（南京）检验检测有限公司,江苏玖清玖蓝环保科技有限公司,是,业务类别
南京市,https://sthjj.nanjing.gov.cn/ztzl/xzxkhxzzfxxgs/xzxkhzfxxhz/xmhpslqk_68811/,https://sthjj.nanjing.gov.cn/ztzl/xzxkhxzzfxxgs/pcjxxgk/jn/xmhpslqk_68860/202603/t20260313_5805029.html,南京市生态环境局关于2026年3月13日建设项目环境影响评价文件受理情况的公示（江宁）,2026年3月13日,南京市江宁生态环境局,江宁,南京燊曜生物科技有限公司药物研发中心项目,江苏省南京市江宁区高新园龙眠大道568号生命科技小镇北区9栋2层,江宁,南京燊曜生物科技有限公司,江苏润环环境科技有限公司,否,发文机关
南京市,https://sthjj.nanjing.gov.cn/ztzl/xzxkhxzzfxxgs/xzxkhzfxxhz/xmhpslqk_68811/,https://sthjj.nanjing.gov.cn/ztzl/xzxkhxzzfxxgs/pcjxxgk/jn/xmhpslqk_68860/202603/t20260313_5805029.html,南京市生态环境局关于2026年3月13日建设项目环境影响评价文件受理情况的公示（江宁）,2026年3月13日,南京市江宁生态环境局,江宁,年产10万只传感器生产项目,江苏省南京市江宁区淳化街道福英路1111号中海外智荟港16#4楼,江宁,南京强能传感技术有限公司,南京光明环保科技有限公司,否,发文机关
南京市,https://sthjj.nanjing.gov.cn/ztzl/xzxkhxzzfxxgs/xzxkhzfxxhz/xmhpslqk_68811/,https://sthjj.nanjing.gov.cn/ztzl/xzxkhxzzfxxgs/pcjxxgk/lh/xmhpslqk_68872/202603/t20260311_5803501.html,南京市生态环境局关于2026年3月11日建设项目环境影响评价文件受理情况的公示（六合）,2026年3月11日,六合生态环境局,六合,食品可降解包装材料生产项目,六合区横梁街道工业园区滕营路1号地块,六合,南京绿沃包装材料有限公司,江苏翠峰生态环境有限公司,否,发文机关
南京市,https://sthjj.nanjing.gov.cn/ztzl/xzxkhxzzfxxgs/xzxkhzfxxhz/xmhpslqk_68811/,https://sthjj.nanjing.gov.cn/ztzl/xzxkhxzzfxxgs/pcjxxgk/lh/xmhpslqk_68872/202603/t20260311_5803501.html,南京市生态环境局关于2026年3月11日建设项目环境影响评价文件受理情况的公示（六合）,2026年3月11日,六合生态环境局,六合,汽车核心部件研发制造项目（汽车部件 xEV【功率模块、电磁兼容性滤波器】）,六合区龙池街道魏营路13号,六合,安斯泰莫动力系统（南京）有限公司,江苏润环环境科技有限公司,否,发文机关
南京市,https://sthjj.nanjing.gov.cn/ztzl/xzxkhxzzfxxgs/xzxkhzfxxhz/xmhpslqk_68811/,https://sthjj.nanjing.gov.cn/ztzl/xzxkhxzzfxxgs/pcjxxgk/jn/xmhpslqk_68860/202603/t20260305_5800588.html,南京市生态环境局关于2026年3月5日建设项目环境影响评价文件受理情况的公示（江宁）,2026年3月5日,南京市江宁生态环境局,江宁,PTFE新型材料表面改性处理项目,江宁区滨江经济开发区地秀路757号,江宁,南京蓦晟环保科技有限公司,江苏苏科咨询有限公司,否,发文机关
南京市,https://sthjj.nanjing.gov.cn/ztzl/xzxkhxzzfxxgs/xzxkhzfxxhz/xmhpslqk_68811/,https://sthjj.nanjing.gov.cn/ztzl/xzxkhxzzfxxgs/sjxzxkhzfxx/xmhpslqk_68817/202603/t20260305_5800567.html,南京市生态环境局关于2026年3月5日建设项目环境影响评价文件受理情况的公示（市级）,2026年3月5日,南京市生态环境局,市本级,南京伟杰鑫镀铜镍铬生产线项目,南京市六合经济开发区新材料产业园双巷路118-95号,六合,南京伟杰鑫表面处理科技有限公司,南京国环科技股份有限公司,否,层级
南京市,https://sthjj.nanjing.gov.cn/ztzl/xzxkhxzzfxxgs/xzxkhzfxxhz/xmhpslqk_68811/,https://sthjj.nanjing.gov.cn/ztzl/xzxkhxzzfxxgs/sjxzxkhzfxx/xmhpslqk_68817/202603/t20260304_5800209.html,南京市生态环境局关于2026年3月4日建设项目环境影响评价文件受理情况的公示（市级）,2026年3月4日,南京市生态环境局,市本级,南京凯鑫科技表面处理生产线项目,南京新材料产业园南京表面处理中心62号,新材料园区,南京凯鑫表面处理科技有限公司,江苏润环环境科技有限公司,否,层级
南京市,https://sthjj.nanjing.gov.cn/ztzl/xzxkhxzzfxxgs/xzxkhzfxxhz/xmhpslqk_68811/,https://sthjj.nanjing.gov.cn/ztzl/xzxkhxzzfxxgs/pcjxxgk/jn/xmhpslqk_68860/202603/t20260304_5799843.html,南京市生态环境局关于2026年3月4日建设项目环境影响评价文件受理情况的公示（江宁）,2026年3月4日,南京市江宁生态环境局,江宁,包装材料生产项目,江苏省南京市江宁区淳化街道青龙大道15号,江宁,南京鼎成塑业有限公司,南京苏绿环境技术有限公司,否,发文机关
南京市,https://sthjj.nanjing.gov.cn/ztzl/xzxkhxzzfxxgs/xzxkhzfxxhz/xmhpslqk_68811/,https://sthjj.nanjing.gov.cn/ztzl/xzxkhxzzfxxgs/pcjxxgk/jn/xmhpslqk_68860/202603/t20260304_5799843.html,南京市生态环境局关于2026年3月4日建设项目环境影响评价文件受理情况的公示（江宁）,2026年3月4日,南京市江宁生态环境局,江宁,生物材料设计开发项目,江苏省南京市江宁区高新园格致路2222号天印健康创新园（致康创新中心）B4栋12层,江宁,南京多原生物技术有限公司,江苏润环环境科技有限公司,否,发文机关
南京市,https://sthjj.nanjing.gov.cn/ztzl/xzxkhxzzfxxgs/xzxkhzfxxhz/xmhpslqk_68811/,https://sthjj.nanjing.gov.cn/ztzl/xzxkhxzzfxxgs/pcjxxgk/jn/xmhpslqk_68860/202603/t20260304_5799843.html,南京市生态环境局关于2026年3月4日建设项目环境影响评价文件受理情况的公示（江宁）,2026年3月4日,南京市江宁生态环境局,江宁,家电塑料配件生产加工项目,南京市江宁区湖熟街道工业区盛达路29号,江宁,南京勋峰塑料包装材料厂,淮安晓牧环保服务有限公司,否,发文机关
南京市,https://sthjj.nanjing.gov.cn/ztzl/xzxkhxzzfxxgs/xzxkhzfxxhz/xmhpslqk_68811/,https://sthjj.nanjing.gov.cn/ztzl/xzxkhxzzfxxgs/pcjxxgk/jn/xmhpslqk_68860/202602/t20260225_5796004.html,南京市生态环境局关于2026年2月25日建设项目环境影响评价文件受理情况的公示（江宁）,2026年2月25日,南京市生态环境局,市本级,110千伏塘花7CL线63号-66号塔、大塘7EM线56号-59号塔杆线迁移工程,江苏省南京市江宁区谷里街道境内,江宁,南京市江宁区保障房建设发展有限公司,江苏中政生态环境技术有限公司,否,项目属地
南京市,https://sthjj.nanjing.gov.cn/ztzl/xzxkhxzzfxxgs/xzxkhzfxxhz/xmhpslqk_68811/,https://sthjj.nanjing.gov.cn/ztzl/xzxkhxzzfxxgs/pcjxxgk/lh/xmhpslqk_68872/202602/t20260214_5794526.html,南京市生态环境局关于2026年2月14日建设项目环境影响评价文件受理情况的公示（六合）,2026年2月14日,六合生态环境局,六合,磁珠法核酸提取产品、离心柱法核酸提取试剂及样本保存产品项目,六合区时代大道96号5号楼2楼,六合,江苏蓝鲸生物医疗科技有限公司,南京迪天高新产业技术研究院有限公司,否,发文机关
南京市,https://sthjj.nanjing.gov.cn/ztzl/xzxkhxzzfxxgs/xzxkhzfxxhz/xmhpslqk_68811/,https://sthjj.nanjing.gov.cn/ztzl/xzxkhxzzfxxgs/pcjxxgk/lh/xmhpslqk_68872/202602/t20260214_5794526.html,南京市生态环境局关于2026年2月14日建设项目环境影响评价文件受理情况的公示（六合）,2026年2月14日,六合生态环境局,六合,南京大型可重复使用液体运载火箭动力试验中心项目,六合区竹镇镇盘山,六合,南京星河动力航天科技有限公司,江苏润环环境科技有限公司,否,发文机关
南京市,https://sthjj.nanjing.gov.cn/ztzl/xzxkhxzzfxxgs/xzxkhzfxxhz/xmhpslqk_68811/,https://sthjj.nanjing.gov.cn/ztzl/xzxkhxzzfxxgs/pcjxxgk/ls/xmhpslqk_68878/202602/t20260213_5794005.html,南京市生态环境局关于2026年2月13日建设项目环境影响评价文件受理情况的公示（溧水）,2026年2月13日,南京市溧水生态环境局,溧水,年产45万㎡全屋定制家具项目,南京市溧水区东屏街道工业集中区龙腾路9号,溧水,南京优享家智能家居有限公司,南京名环智远环境科技有限公司,否,发文机关
南京市,https://sthjj.nanjing.gov.cn/ztzl/xzxkhxzzfxxgs/xzxkhzfxxhz/xmhpslqk_68811/,https://sthjj.nanjing.gov.cn/ztzl/xzxkhxzzfxxgs/pcjxxgk/ls/xmhpslqk_68878/202602/t20260213_5794005.html,南京市生态环境局关于2026年2月13日建设项目环境影响评价文件受理情况的公示（溧水）,2026年2月13日,南京市溧水生态环境局,溧水,消防棘轮式恒速缓降逃生器和固定器生产基地项目,南京市溧水区洪蓝街道工业集中区七里甸路以北地块,溧水,南京金丰金属制品有限公司,江苏圣泰环境科技股份有限公司,否,发文机关
南京市,https://sthjj.nanjing.gov.cn/ztzl/xzxkhxzzfxxgs/xzxkhzfxxhz/xmhpslqk_68811/,https://sthjj.nanjing.gov.cn/ztzl/xzxkhxzzfxxgs/pcjxxgk/ls/xmhpslqk_68878/202602/t20260213_5794005.html,南京市生态环境局关于2026年2月13日建设项目环境影响评价文件受理情况的公示（溧水）,2026年2月13日,南京市溧水生态环境局,溧水,智能传送包装设备生产线技术改造项目,南京市溧水区柘塘镇工业集中区柘宁东路355号,溧水,南京新顺通智能装备科技有限公司,南京新希望环境科技有限公司,否,发文机关
南京市,https://sthjj.nanjing.gov.cn/ztzl/xzxkhxzzfxxgs/xzxkhzfxxhz/xmhpslqk_68811/,https://sthjj.nanjing.gov.cn/ztzl/xzxkhxzzfxxgs/pcjxxgk/ls/xmhpslqk_68878/202602/t20260213_5794005.html,南京市生态环境局关于2026年2月13日建设项目环境影响评价文件受理情况的公示（溧水）,2026年2月13日,南京市溧水生态环境局,溧水,年产84000吨红罐凉茶及68000吨大健康饮料等系列产品制造项目,南京市溧水区白马镇食品园大道16号,溧水,江苏吉溧健康产业有限公司,南京信佣工程咨询有限公司,否,发文机关
南京市,https://sthjj.nanjing.gov.cn/ztzl/xzxkhxzzfxxgs/xzxkhzfxxhz/xmhpslqk_68811/,https://sthjj.nanjing.gov.cn/ztzl/xzxkhxzzfxxgs/pcjxxgk/gc/xmhpslqk_68884/202604/t20260409_5820291.html,南京市生态环境局关于2026年4月9日建设项目环境影响评价文件受理情况的公示（高淳）,2026年4月9日,南京市生态环境局,市本级,年产3万吨食品配料、食品添加剂项目,江苏省南京市高淳区经济开发区古檀大道以南、海棠路以西,高淳,江苏卓云科技有限公司,南京安心环境科技有限公司,否,项目属地
南京市,https://sthjj.nanjing.gov.cn/ztzl/xzxkhxzzfxxgs/xzxkhzfxxhz/xmhpslqk_68811/,https://sthjj.nanjing.gov.cn/ztzl/xzxkhxzzfxxgs/pcjxxgk/gc/xmhpslqk_68884/202604/t20260409_5820291.html,南京市生态环境局关于2026年4月9日建设项目环境影响评价文件受理情况的公示（高淳）,2026年4月9日,南京市生态环境局,市本级,速冻食品生产项目,江苏省南京市高淳经济开发区永花路1号,高淳,南京婉琳食品有限公司,南京新萌芽环境工程有限公司,否,项目属地
南京市,https://sthjj.nanjing.gov.cn/ztzl/xzxkhxzzfxxgs/xzxkhzfxxhz/xmhpslqk_68811/,https://sthjj.nanjing.gov.cn/ztzl/xzxkhxzzfxxgs/pcjxxgk/jn/xmhpslqk_68860/202604/t20260408_5819605.html,南京市生态环境局关于2026年4月8日建设项目环境影响评价文件受理情况的公示（江宁）,2026年4月8日,南京市江宁生态环境局,江宁,金属文件柜生产项目,南京市江宁区横溪镇陶吴社区王山路2-1号,江宁,南京普仕达办公家具制造有限公司,江苏苏科咨询有限公司,否,发文机关
南京市,https://sthjj.nanjing.gov.cn/ztzl/xzxkhxzzfxxgs/xzxkhzfxxhz/xmhpslqk_68811/,https://sthjj.nanjing.gov.cn/ztzl/xzxkhxzzfxxgs/pcjxxgk/jn/xmhpslqk_68860/202604/t20260408_5819605.html,南京市生态环境局关于2026年4月8日建设项目环境影响评价文件受理情况的公示（江宁）,2026年4月8日,南京市江宁生态环境局,江宁,配电柜生产项目,南京市江宁区横溪街道官长路78号,江宁,南京雅涂科技有限公司,江苏苏科咨询有限公司,否,发文机关
南京市,https://sthjj.nanjing.gov.cn/ztzl/xzxkhxzzfxxgs/xzxkhzfxxhz/xmhpslqk_68811/,https://sthjj.nanjing.gov.cn/ztzl/xzxkhxzzfxxgs/pcjxxgk/jn/xmhpslqk_68860/202604/t20260408_5819605.html,南京市生态环境局关于2026年4月8日建设项目环境影响评价文件受理情况的公示（江宁）,2026年4月8日,南京市江宁生态环境局,江宁,硅钢铁芯、高压低压预装式变电站生产项目,南京市江宁区东山街道工业集中区市井路19号,江宁,江苏宏源电气有限责任公司,南京伊环环境科技有限公司,否,发文机关
南京市,https://sthjj.nanjing.gov.cn/ztzl/xzxkhxzzfxxgs/xzxkhzfxxhz/xmhpslqk_68811/,https://sthjj.nanjing.gov.cn/ztzl/xzxkhxzzfxxgs/pcjxxgk/ls/xmhpslqk_68878/202604/t20260402_5817401.html,南京市生态环境局关于2026年4月2日建设项目环境影响评价文件受理情况的公示（溧水）,2026年4月2日,南京市溧水生态环境局,溧水,新增年产5套特大型二氯甲烷气体回收装置生产线技改项目,南京市溧水区石湫街道新河东路17号,溧水,南京威盾新能源科技有限公司,南京名环智远环境科技有限公司,否,发文机关
南京市,https://sthjj.nanjing.gov.cn/ztzl/xzxkhxzzfxxgs/xzxkhzfxxhz/xmhpslqk_68811/,https://sthjj.nanjing.gov.cn/ztzl/xzxkhxzzfxxgs/pcjxxgk/jn/xmhpslqk_68860/202604/t20260401_5816601.html,南京市生态环境局关于2026年4月1日建设项目环境影响评价文件受理情况的公示（江宁）,2026年4月1日,南京市江宁生态环境局,江宁,家电、汽车塑料配件生产加工项目,南京市江宁区湖熟街道金阳路12号,江宁,南京福旺模塑有限公司,淮安晓牧环保服务有限公司,否,发文机关
南京市,https://sthjj.nanjing.gov.cn/ztzl/xzxkhxzzfxxgs/xzxkhzfxxhz/xmhpslqk_68811/,https://sthjj.nanjing.gov.cn/ztzl/xzxkhxzzfxxgs/sjxzxkhzfxx/xmhpslqk_68817/202603/t20260331_5816037.html,2026年3月31日南京市生态环境局受理建设项目环评文件情况公示(辐射),2026年3月31日,南京市生态环境局,市本级,江苏南京枣林110千伏开关站1号2号主变扩建工程,栖霞区燕子矶街道,栖霞,国网江苏省电力有限公司南京供电分公司,江苏清全科技有限公司,是,业务类别
南京市,https://sthjj.nanjing.gov.cn/ztzl/xzxkhxzzfxxgs/xzxkhzfxxhz/xmhpslqk_68811/,https://sthjj.nanjing.gov.cn/ztzl/xzxkhxzzfxxgs/pcjxxgk/qx/xmhpslqk_68848/202603/t20260330_5815088.html,南京市生态环境局关于2026年3月30日建设项目环境影响评价文件受理情况的公示（栖霞）,2026年3月30日,栖霞生态环境局,栖霞,公示版--栖霞区北十里长沟东支及百水河流域排水防涝综合整治工程环境影响报告表,南京市栖霞区北十里长沟东支流域、百水河流域,栖霞,南京市栖霞区长江堤防管理所,铭瑞环境科技（南京）有限公司,否,发文机关
南京市,https://sthjj.nanjing.gov.cn/ztzl/xzxkhxzzfxxgs/xzxkhzfxxhz/xmhpslqk_68811/,https://sthjj.nanjing.gov.cn/ztzl/xzxkhxzzfxxgs/pcjxxgk/jn/xmhpslqk_68860/202603/t20260330_5814382.html,南京市生态环境局关于2026年3月30日建设项目环境影响评价文件受理情况的公示（江宁）,2026年3月30日,南京市江宁生态环境局,江宁,金属制品生产项目,江苏省南京市江宁区横溪街道红旗社区江养线1号,江宁,南京安济金属制品科技有限公司,南京亘屹环保科技有限公司,否,发文机关
南京市,https://sthjj.nanjing.gov.cn/ztzl/xzxkhxzzfxxgs/xzxkhzfxxhz/xmhpslqk_68811/,https://sthjj.nanjing.gov.cn/ztzl/xzxkhxzzfxxgs/pcjxxgk/ls/xmhpslqk_68878/202603/t20260327_5813480.html,南京市生态环境局关于2026年3月27日建设项目环境影响评价文件受理情况的公示（溧水）,2026年3月27日,南京市溧水生态环境局,溧水,光学薄膜生产基地项目（一期项目）,南京市溧水区经济开发区中兴西路9号,溧水,南京市长晟新材料有限公司,南京新希望环境科技有限公司,否,发文机关
南京市,https://sthjj.nanjing.gov.cn/ztzl/xzxkhxzzfxxgs/xzxkhzfxxhz/xmhpslqk_68811/,https://sthjj.nanjing.gov.cn/ztzl/xzxkhxzzfxxgs/pcjxxgk/jn/xmhpslqk_68860/202603/t20260325_5812050.html,南京市生态环境局关于2026年3月25日建设项目环境影响评价文件受理情况的公示（江宁）,2026年3月25日,南京市江宁生态环境局,江宁,食品制品加工生产项目,江苏省南京市江宁区湖熟街道融宁路8号,江宁,南京网红食品有限公司,南京亘屹环保科技有限公司,否,发文机关
南京市,https://sthjj.nanjing.gov.cn/ztzl/xzxkhxzzfxxgs/xzxkhzfxxhz/xmhpslqk_68811/,https://sthjj.nanjing.gov.cn/ztzl/xzxkhxzzfxxgs/pcjxxgk/jn/xmhpslqk_68860/202603/t20260325_5812050.html,南京市生态环境局关于2026年3月25日建设项目环境影响评价文件受理情况的公示（江宁）,2026年3月25日,南京市江宁生态环境局,江宁,压力变送器（法兰）加工生产项目,南京市江宁区滨江开发区闻莺路12号,江宁,南京沃天科技股份有限公司,南京国环科技股份有限公司,否,发文机关
南京市,https://sthjj.nanjing.gov.cn/ztzl/xzxkhxzzfxxgs/xzxkhzfxxhz/xmhpslqk_68811/,https://sthjj.nanjing.gov.cn/ztzl/xzxkhxzzfxxgs/pcjxxgk/gc/xmhpslqk_68884/202603/t20260325_5811660.html,南京市生态环境局关于2026年3月25日建设项目环境影响评价文件受理情况的公示（高淳）,2026年3月25日,南京市生态环境局,市本级,菌丝体蛋白研发生产项目,江苏省南京市高淳区东坝街道广通路,高淳,南京旺豪食品有限公司,南京安心环境科技有限公司,否,项目属地
南京市,https://sthjj.nanjing.gov.cn/ztzl/xzxkhxzzfxxgs/xzxkhzfxxhz/xmhpslqk_68811/,https://sthjj.nanjing.gov.cn/ztzl/xzxkhxzzfxxgs/pcjxxgk/gc/xmhpslqk_68884/202603/t20260325_5811660.html,南京市生态环境局关于2026年3月25日建设项目环境影响评价文件受理情况的公示（高淳）,2026年3月25日,南京市生态环境局,市本级,航天航空用高性能纤维织物成型及无人机产品配件项目,江苏省南京市高淳区漆桥街道双高路238号,高淳,南京众辉材料科技有限公司,南京瑞轩环保科技有限公司,否,项目属地
南京市,https://sthjj.nanjing.gov.cn/ztzl/xzxkhxzzfxxgs/xzxkhzfxxhz/xmhpslqk_68811/,https://sthjj.nanjing.gov.cn/ztzl/xzxkhxzzfxxgs/pcjxxgk/jn/xmhpslqk_68860/202603/t20260324_5811290.html,南京市生态环境局关于2026年3月24日建设项目环境影响评价文件受理情况的公示（江宁）,2026年3月24日,南京市江宁生态环境局,江宁,两机高性能部件深度维修产线项目,南京市江宁区滨江经济开发区地秀路以东，翔凤路以南，天成路以西，喜燕路以北,江宁,南京辉锐光电科技有限公司,南京伊环环境科技有限公司,否,发文机关
南京市,https://sthjj.nanjing.gov.cn/ztzl/xzxkhxzzfxxgs/xzxkhzfxxhz/xmhpslqk_68811/,https://sthjj.nanjing.gov.cn/ztzl/xzxkhxzzfxxgs/pcjxxgk/ls/xmhpslqk_68878/202603/t20260324_5810981.html,南京市生态环境局关于2026年3月24日建设项目环境影响评价文件受理情况的公示（溧水）,2026年3月24日,南京市溧水生态环境局,溧水,液压破碎锤及零部件生产项目,南京市溧水区石湫街道工业园区,溧水,江苏世工机械有限公司,南京名环智远环境科技有限公司,否,发文机关
南京市,https://sthjj.nanjing.gov.cn/ztzl/xzxkhxzzfxxgs/xzxkhzfxxhz/xmhpslqk_68811/,https://sthjj.nanjing.gov.cn/ztzl/xzxkhxzzfxxgs/pcjxxgk/ls/xmhpslqk_68878/202603/t20260324_5810981.html,南京市生态环境局关于2026年3月24日建设项目环境影响评价文件受理情况的公示（溧水）,2026年3月24日,南京市溧水生态环境局,溧水,绿色环保食品包装新材料及制品生产项目,南京市溧水区经济开发区胜秀路8号,溧水,中船鹏力（南京）塑造科技有限公司,南京名环智远环境科技有限公司,否,发文机关
南京市,https://sthjj.nanjing.gov.cn/ztzl/xzxkhxzzfxxgs/xzxkhzfxxhz/xmhpslqk_68811/,https://sthjj.nanjing.gov.cn/ztzl/xzxkhxzzfxxgs/pcjxxgk/ls/xmhpslqk_68878/202603/t20260324_5810981.html,南京市生态环境局关于2026年3月24日建设项目环境影响评价文件受理情况的公示（溧水）,2026年3月24日,南京市溧水生态环境局,溧水,年产200台**改装车生产线扩建项目,南京市溧水区永阳街道晨光大道1号,溧水,航天晨光股份有限公司,南京信佣工程咨询有限公司,否,发文机关
南京市,https://sthjj.nanjing.gov.cn/ztzl/xzxkhxzzfxxgs/xzxkhzfxxhz/xmhpslqk_68811/,https://sthjj.nanjing.gov.cn/ztzl/xzxkhxzzfxxgs/pcjxxgk/qx/xmhpslqk_68848/202603/t20260323_5810615.html,南京市生态环境局关于2026年3月23日建设项目环境影响评价文件受理情况的公示（栖霞）,2026年3月23日,栖霞生态环境局,栖霞,正大清江医药研发扩建项目环评报告表-公示本,江苏省南京市栖霞区纬地路9号江苏生命科技创新园F6栋,栖霞,江苏正大清江制药有限公司南京分公司,南京优态环境科技有限公司,否,发文机关
南京市,https://sthjj.nanjing.gov.cn/ztzl/xzxkhxzzfxxgs/xzxkhzfxxhz/xmhpslqk_68811/,https://sthjj.nanjing.gov.cn/ztzl/xzxkhxzzfxxgs/pcjxxgk/lh/xmhpslqk_68872/202603/t20260323_5810435.html,南京市生态环境局关于2026年3月23日建设项目环境影响评价文件受理情况的公示（六合）,2026年3月23日,六合生态环境局,六合,机床零部件及外壳加工项目,六合区雄州街道后潘路6号,六合,南京宏嘉钣金有限公司,南京泰环环保科技有限公司,否,发文机关
南京市,https://sthjj.nanjing.gov.cn/ztzl/xzxkhxzzfxxgs/xzxkhzfxxhz/xmhpslqk_68811/,https://sthjj.nanjing.gov.cn/ztzl/xzxkhxzzfxxgs/pcjxxgk/jn/xmhpslqk_68860/202603/t20260320_5809155.html,南京市生态环境局关于2026年3月20日建设项目环境影响评价文件受理情况的公示（江宁）,2026年3月20日,南京市江宁生态环境局,江宁,东大岩土分析检测实验室项目,江苏省南京市江宁区宝善寺路56号南京现代综合交通实验室A6号楼3层,江宁,南京东大岩土工程勘察设计研究院有限公司,南京亘屹环保科技有限公司,否,发文机关
南京市,https://sthjj.nanjing.gov.cn/ztzl/xzxkhxzzfxxgs/xzxkhzfxxhz/xmhpslqk_68811/,https://sthjj.nanjing.gov.cn/ztzl/xzxkhxzzfxxgs/pcjxxgk/jn/xmhpslqk_68860/202603/t20260320_5809155.html,南京市生态环境局关于2026年3月20日建设项目环境影响评价文件受理情况的公示（江宁）,2026年3月20日,南京市江宁生态环境局,江宁,新能源特种车辆生产制造项目,南京市江宁区江宁街道汤铜路以南,江宁,江苏华南重科新能源汽车科技有限公司,南京亘屹环保科技有限公司,否,发文机关
南京市,https://sthjj.nanjing.gov.cn/ztzl/xzxkhxzzfxxgs/xzxkhzfxxhz/xmhpslqk_68811/,https://sthjj.nanjing.gov.cn/ztzl/xzxkhxzzfxxgs/pcjxxgk/jn/xmhpslqk_68860/202603/t20260320_5809155.html,南京市生态环境局关于2026年3月20日建设项目环境影响评价文件受理情况的公示（江宁）,2026年3月20日,南京市江宁生态环境局,江宁,药用包装材料加工制造项目,南京市江宁区滨江开发区牧龙西路9号,江宁,江苏真美新材料有限公司,南京国环科技股份有限公司,否,发文机关
南京市,https://sthjj.nanjing.gov.cn/ztzl/xzxkhxzzfxxgs/xzxkhzfxxhz/xmhpslqk_68811/,https://sthjj.nanjing.gov.cn/ztzl/xzxkhxzzfxxgs/sjxzxkhzfxx/xmhpslqk_68817/202604/t20260429_5831926.html,2026年4月29日南京市生态环境局受理建设项目环评文件情况公示(辐射),2026年4月29日,南京市生态环境局,市本级,北沿江铁路六合西牵引站配套220千伏供电工程环境影响报告表,南京市六合区横梁街道、雄州街道、金牛湖街道、冶山街道、马鞍街道,六合,国网江苏省电力有限公司南京供电分公司,江苏通凯生态科技有限公司,是,业务类别
南京市,https://sthjj.nanjing.gov.cn/ztzl/xzxkhxzzfxxgs/xzxkhzfxxhz/xmhpslqk_68811/,https://sthjj.nanjing.gov.cn/ztzl/xzxkhxzzfxxgs/pcjxxgk/ls/xmhpslqk_68878/202604/t20260423_5828603.html,南京市生态环境局关于2026年4月23日建设项目环境影响评价文件受理情况的公示（溧水）,2026年4月23日,南京市溧水生态环境局,溧水,年产256000套轨道交通设备、新能源与智能机器人钣金部件生产线项目,南京市溧水区经济开发区西区，东至法比奥，西至一干路，南至黄罐路，北至绿之友地块,溧水,南京鑫丰辰智能科技有限公司,南京名环智远环境科技有限公司,否,发文机关
南京市,https://sthjj.nanjing.gov.cn/ztzl/xzxkhxzzfxxgs/xzxkhzfxxhz/xmhpslqk_68811/,https://sthjj.nanjing.gov.cn/ztzl/xzxkhxzzfxxgs/pcjxxgk/gc/xmhpslqk_68884/202604/t20260423_5828404.html,南京市生态环境局关于2026年4月23日建设项目环境影响评价文件受理情况的公示（高淳）,2026年4月23日,南京市生态环境局,市本级,汽车自动化生产设备及非标零部件研发制造项目,江苏省南京市高淳区漆桥街道双高路291号,高淳,南京领图未来智能装备有限公司,南京名环智远环境科技有限公司,否,项目属地
南京市,https://sthjj.nanjing.gov.cn/ztzl/xzxkhxzzfxxgs/xzxkhzfxxhz/xmhpslqk_68811/,https://sthjj.nanjing.gov.cn/ztzl/xzxkhxzzfxxgs/pcjxxgk/jn/xmhpslqk_68860/202604/t20260422_5827970.html,南京市生态环境局关于2026年4月22日建设项目环境影响评价文件受理情况的公示（江宁）,2026年4月22日,南京市江宁生态环境局,江宁,江苏朗道质控品研发项目,江苏省南京市江宁区高新园格致路2222号A5栋15层,江宁,江苏朗道生物技术有限公司,南京优态环境科技有限公司,否,发文机关
南京市,https://sthjj.nanjing.gov.cn/ztzl/xzxkhxzzfxxgs/xzxkhzfxxhz/xmhpslqk_68811/,https://sthjj.nanjing.gov.cn/ztzl/xzxkhxzzfxxgs/pcjxxgk/jn/xmhpslqk_68860/202604/t20260422_5827970.html,南京市生态环境局关于2026年4月22日建设项目环境影响评价文件受理情况的公示（江宁）,2026年4月22日,南京市江宁生态环境局,江宁,高性能针刺预制体产线建设项目,南京市江宁区高新园彤天路99号,江宁,南京玻璃纤维研究设计院有限公司,南京正星齐环保科技有限公司,否,发文机关
南京市,https://sthjj.nanjing.gov.cn/ztzl/xzxkhxzzfxxgs/xzxkhzfxxhz/xmhpslqk_68811/,https://sthjj.nanjing.gov.cn/ztzl/xzxkhxzzfxxgs/pcjxxgk/jn/xmhpslqk_68860/202604/t20260420_5826727.html,南京市生态环境局关于2026年4月20日建设项目环境影响评价文件受理情况的公示（江宁）,2026年4月20日,南京市江宁生态环境局,江宁,无机胶凝材料及功能性填料生产项目,江苏省南京市江宁区淳化社区新陵北路(原双龙搅拌站对面),江宁,江苏瑜工新材科技有限公司,南京洁雅企业管理咨询有限公司,否,发文机关
南京市,https://sthjj.nanjing.gov.cn/ztzl/xzxkhxzzfxxgs/xzxkhzfxxhz/xmhpslqk_68811/,https://sthjj.nanjing.gov.cn/ztzl/xzxkhxzzfxxgs/pcjxxgk/jy/xmhpslqk_68836/202604/t20260420_5826711.html,南京市生态环境局关于2026年4月20日建设项目环境影响评价文件受理情况的公示（建邺）,2026年4月20日,南京市建邺生态环境局,建邺,南京市儿童医院河西院区高通量测序实验室改造项目,江苏省南京市建邺区江东南路8号,建邺,南京市儿童医院,江苏润环环境科技有限公司,否,发文机关
南京市,https://sthjj.nanjing.gov.cn/ztzl/xzxkhxzzfxxgs/xzxkhzfxxhz/xmhpslqk_68811/,https://sthjj.nanjing.gov.cn/ztzl/xzxkhxzzfxxgs/pcjxxgk/yht/xmhpslqk_68854/202604/t20260420_5826576.html,南京市生态环境局关于2026年4月20日建设项目环境影响评价文件受理情况的公示（雨花台）,2026年4月20日,南京市雨花台生态环境局,雨花台,南京市安德门雨花西路137号（原自行车厂）地块中学建设项目,南京市雨花台区赛虹桥街道A33b地块东侧,雨花台,南京城市建设管理集团有限公司,江苏久之源环境科技有限公司,否,发文机关
南京市,https://sthjj.nanjing.gov.cn/ztzl/xzxkhxzzfxxgs/xzxkhzfxxhz/xmhpslqk_68811/,https://sthjj.nanjing.gov.cn/ztzl/xzxkhxzzfxxgs/pcjxxgk/lh/xmhpslqk_68872/202604/t20260420_5826448.html,南京市生态环境局关于2026年4月20日建设项目环境影响评价文件受理情况的公示（六合）,2026年4月20日,六合生态环境局,六合,南京大型可重复使用液体运载火箭智能制造项目,六合区龙袍新城产业片区，经二路以东，北六路以南，经一路以西，北五路以北,六合,南京星河动力航天科技有限公司,南京名环智远环境科技有限公司,否,发文机关
南京市,https://sthjj.nanjing.gov.cn/ztzl/xzxkhxzzfxxgs/xzxkhzfxxhz/xmhpslqk_68811/,https://sthjj.nanjing.gov.cn/ztzl/xzxkhxzzfxxgs/pcjxxgk/qx/xmhpslqk_68848/202604/t20260414_5823476.html,南京市生态环境局关于2026年4月14日建设项目环境影响评价文件受理情况的公示（栖霞）,2026年4月14日,栖霞生态环境局,栖霞,公示版-新型偶联剂的研发、应用及检测项目环评报告表,栖霞区仙林街道纬地路9号江苏生命科技园E6栋6楼601室,栖霞,南京能德新材料技术有限公司,南京源恒环境研究所有限公司,否,发文机关
南京市,https://sthjj.nanjing.gov.cn/ztzl/xzxkhxzzfxxgs/xzxkhzfxxhz/xmhpslqk_68811/,https://sthjj.nanjing.gov.cn/ztzl/xzxkhxzzfxxgs/sjxzxkhzfxx/xmhpslqk_68817/202604/t20260414_5823023.html,2026年4月14日南京市生态环境局受理建设项目环评文件情况公示(辐射),2026年4月14日,南京市生态环境局,市本级,江苏南京110千伏和凤输变电工程.pdf,南京市溧水区和凤镇、高淳区漆桥街道境内,溧水,国网江苏省电力有限公司南京供电分公司,江苏嘉溢安全环境科技服务有限公司,是,业务类别
南京市,https://sthjj.nanjing.gov.cn/ztzl/xzxkhxzzfxxgs/xzxkhzfxxhz/xmhpslqk_68811/,https://sthjj.nanjing.gov.cn/ztzl/xzxkhxzzfxxgs/pcjxxgk/jn/xmhpslqk_68860/202604/t20260413_5822116.html,南京市生态环境局关于2026年4月13日建设项目环境影响评价文件受理情况的公示（江宁）,2026年4月13日,南京市江宁生态环境局,江宁,国家元件中心试验厂房建设项目,江苏省南京市江宁区滨江开发区喜燕路18号,江宁,江苏省特种设备安全监督检验研究院,南京亘屹环保科技有限公司,否,发文机关
南京市,https://sthjj.nanjing.gov.cn/ztzl/xzxkhxzzfxxgs/xzxkhzfxxhz/xmhpslqk_68811/,https://sthjj.nanjing.gov.cn/ztzl/xzxkhxzzfxxgs/pcjxxgk/qx/xmhpslqk_68848/202604/t20260410_5821673.html,南京市生态环境局关于2026年4月10日建设项目环境影响评价文件受理情况的公示（栖霞）,2026年4月10日,栖霞生态环境局,栖霞,公示版--南京康源医学检验实验室项目环境影响评价报告表,江苏省南京市栖霞区仙林街道纬地路9号江苏生命科技园B5栋3楼,栖霞,南京康源医学检验有限公司,南京亘屹环保科技有限公司,否,发文机关
南京市,https://sthjj.nanjing.gov.cn/ztzl/xzxkhxzzfxxgs/xzxkhzfxxhz/xmhpslqk_68811/,https://sthjj.nanjing.gov.cn/ztzl/xzxkhxzzfxxgs/pcjxxgk/jn/xmhpslqk_68860/202604/t20260410_5821256.html,南京市生态环境局关于2026年4月10日建设项目环境影响评价文件受理情况的公示（江宁）,2026年4月10日,南京市江宁生态环境局,江宁,2025年谷里街道区级重点塘坝牛塘除险加固工程,南京市江宁区谷里街道周村社区,江宁,南京市江宁区人民政府谷里街道办事处,南京正星齐环保科技有限公司,否,发文机关
南京市,https://sthjj.nanjing.gov.cn/ztzl/xzxkhxzzfxxgs/xzxkhzfxxhz/xmhpslqk_68811/,https://sthjj.nanjing.gov.cn/ztzl/xzxkhxzzfxxgs/pcjxxgk/ls/xmhpslqk_68878/202604/t20260409_5820895.html,南京市生态环境局关于2026年4月9日建设项目环境影响评价文件受理情况的公示（溧水）,2026年4月9日,南京市溧水生态环境局,溧水,环烯烃共聚物（COC）注射用内包材生产线扩建项目,南京市溧水区永阳街道水保路1号,溧水,南京巴特弗莱医药包装材料有限责任公司,淮安晓牧环保服务有限公司,否,发文机关
南京市,https://sthjj.nanjing.gov.cn/ztzl/xzxkhxzzfxxgs/xzxkhzfxxhz/xmhpslqk_68811/,https://sthjj.nanjing.gov.cn/ztzl/xzxkhxzzfxxgs/pcjxxgk/yht/xmhpslqk_68854/202604/t20260409_5820436.html,南京市生态环境局关于2026年4月9日建设项目环境影响评价文件受理情况的公示（雨花台）,2026年4月9日,南京市雨花台生态环境局,雨花台,南京新百干细胞实验室建设施工项目,南京市雨花台区中国（南京）软件谷软件大道68号,雨花台,南京新百干细胞科技有限公司,江苏润环环境科技有限公司,否,发文机关
南京市,https://sthjj.nanjing.gov.cn/ztzl/xzxkhxzzfxxgs/xzxkhzfxxhz/xmhpslqk_68811/,https://sthjj.nanjing.gov.cn/ztzl/xzxkhxzzfxxgs/pcjxxgk/ls/xmhpslqk_68878/202605/t20260526_5846361.html,南京市生态环境局关于2026年5月26日建设项目环境影响评价文件受理情况的公示（溧水）,2026年5月26日,南京市溧水生态环境局,溧水,年产1500万件高端精密传动件及总成产品生产线项目,南京市溧水区经济开发区滨淮大道123号,溧水,南京西格玛精密机械有限公司,南京润物生态环境科技有限公司,否,发文机关
南京市,https://sthjj.nanjing.gov.cn/ztzl/xzxkhxzzfxxgs/xzxkhzfxxhz/xmhpslqk_68811/,https://sthjj.nanjing.gov.cn/ztzl/xzxkhxzzfxxgs/pcjxxgk/ls/xmhpslqk_68878/202605/t20260526_5846361.html,南京市生态环境局关于2026年5月26日建设项目环境影响评价文件受理情况的公示（溧水）,2026年5月26日,南京市溧水生态环境局,溧水,年产50万套汽车零部件项目,南京市溧水区经济开发区柘宁东路343号,溧水,南京德仑汽车科技有限公司,南京国环科技股份有限公司,否,发文机关
南京市,https://sthjj.nanjing.gov.cn/ztzl/xzxkhxzzfxxgs/xzxkhzfxxhz/xmhpslqk_68811/,https://sthjj.nanjing.gov.cn/ztzl/xzxkhxzzfxxgs/pcjxxgk/xw/xmhpslqk_68824/202605/t20260525_5845282.html,南京市生态环境局关于2026年5月25日建设项目环境影响评价文件 受理情况的公示（玄武）,2026年5月25日,南京市玄武生态环境局,玄武,百家汇玄武创新药物孵化平台28幢改建工程项目环评报告表 公示本,江苏省南京市玄武区玄武大道699-18号28幢,玄武,百家汇精准医疗控股集团有限公司,南京新萌芽环境工程有限公司,否,发文机关
南京市,https://sthjj.nanjing.gov.cn/ztzl/xzxkhxzzfxxgs/xzxkhzfxxhz/xmhpslqk_68811/,https://sthjj.nanjing.gov.cn/ztzl/xzxkhxzzfxxgs/sjxzxkhzfxx/xmhpslqk_68817/202605/t20260522_5844927.html,2026年5月22日南京市生态环境局受理建设项目环评文件情况公示(辐射),2026年5月22日,南京市生态环境局,市本级,江苏源源电力科技有限公司新建移动式X射线探伤项目.pdf,南京市江宁区爱陵路88号B3-3,江宁,江苏源源电力科技有限公司,江苏睿源环境科技有限公司,是,业务类别
南京市,https://sthjj.nanjing.gov.cn/ztzl/xzxkhxzzfxxgs/xzxkhzfxxhz/xmhpslqk_68811/,https://sthjj.nanjing.gov.cn/ztzl/xzxkhxzzfxxgs/sjxzxkhzfxx/xmhpslqk_68817/202605/t20260522_5844927.html,2026年5月22日南京市生态环境局受理建设项目环评文件情况公示(辐射),2026年5月22日,南京市生态环境局,市本级,农业农村部南方果园(桃、梨)全程机械化科研基地建设项目（辐射专题）.pdf,南京市玄武区孝陵卫钟灵街50号,玄武,江苏省农业科学院,江苏睿源环境科技有限公司,是,业务类别
南京市,https://sthjj.nanjing.gov.cn/ztzl/xzxkhxzzfxxgs/xzxkhzfxxhz/xmhpslqk_68811/,https://sthjj.nanjing.gov.cn/ztzl/xzxkhxzzfxxgs/pcjxxgk/jn/xmhpslqk_68860/202605/t20260522_5844364.html,南京市生态环境局关于2026年5月22日建设项目环境影响评价文件受理情况的公示（江宁）,2026年5月22日,南京市江宁生态环境局,江宁,爱尔集新能源科技电池二工厂工程技术改造项目,江苏省南京市江宁滨江开发区江宁街道弘利路16号,江宁,爱尔集新能源科技（南京）有限公司,江苏润环环境科技有限公司,否,发文机关
南京市,https://sthjj.nanjing.gov.cn/ztzl/xzxkhxzzfxxgs/xzxkhzfxxhz/xmhpslqk_68811/,https://sthjj.nanjing.gov.cn/ztzl/xzxkhxzzfxxgs/pcjxxgk/yht/xmhpslqk_68854/202605/t20260521_5843947.html,南京市生态环境局关于2026年5月21日建设项目环境影响评价文件受理情况的公示（雨花台）,2026年5月21日,南京市雨花台生态环境局,雨花台,五恒系统末端毛细管网自动化生产线项目,南京市雨花经济开发区龙腾南路9号,雨花开发区,南京慧和自动化技术有限公司,淮安晓牧环保服务有限公司,否,发文机关
南京市,https://sthjj.nanjing.gov.cn/ztzl/xzxkhxzzfxxgs/xzxkhzfxxhz/xmhpslqk_68811/,https://sthjj.nanjing.gov.cn/ztzl/xzxkhxzzfxxgs/pcjxxgk/ls/xmhpslqk_68878/202605/t20260520_5843275.html,南京市生态环境局关于2026年5月20日建设项目环境影响评价文件受理情况的公示（溧水）,2026年5月20日,南京市溧水生态环境局,溧水,年产2000套机床壳体制造项目,南京市溧水区洪蓝街道工业集中区华塘路30号,溧水,南京卓盛智能装备制造有限公司,南京优安安全技术研究院有限公司,否,发文机关
南京市,https://sthjj.nanjing.gov.cn/ztzl/xzxkhxzzfxxgs/xzxkhzfxxhz/xmhpslqk_68811/,https://sthjj.nanjing.gov.cn/ztzl/xzxkhxzzfxxgs/pcjxxgk/jn/xmhpslqk_68860/202605/t20260519_5842441.html,南京市生态环境局关于2026年5月19日建设项目环境影响评价文件受理情况的公示（江宁）,2026年5月19日,南京市江宁生态环境局,江宁,塑料制品加工生产项目,南京市江宁区汤山街道静文红枫农场4号厂房,江宁,南京陆腾塑料制品有限公司,南京伊环环境科技有限公司,否,发文机关
南京市,https://sthjj.nanjing.gov.cn/ztzl/xzxkhxzzfxxgs/xzxkhzfxxhz/xmhpslqk_68811/,https://sthjj.nanjing.gov.cn/ztzl/xzxkhxzzfxxgs/pcjxxgk/jn/xmhpslqk_68860/202605/t20260519_5842441.html,南京市生态环境局关于2026年5月19日建设项目环境影响评价文件受理情况的公示（江宁）,2026年5月19日,南京市江宁生态环境局,江宁,小型电子变压器、线圈生产项目,南京市江宁区江宁街道河西社区后城200-6号,江宁,安培磁电科技（南京）有限公司,淮安晓牧环保服务有限公司,否,发文机关
南京市,https://sthjj.nanjing.gov.cn/ztzl/xzxkhxzzfxxgs/xzxkhzfxxhz/xmhpslqk_68811/,https://sthjj.nanjing.gov.cn/ztzl/xzxkhxzzfxxgs/pcjxxgk/yht/xmhpslqk_68854/202605/t20260518_5841970.html,南京市生态环境局关于2026年5月18日建设项目环境影响评价文件受理情况的公示（雨花台）,2026年5月18日,南京市雨花台生态环境局,雨花台,雨花台区农花河流域排水防涝综合整治（雨污水管网改造）工程,南京市雨花台区农花河流域柏家河、朱家河、丁墙河、明发广场及宏运大道等5个片区,雨花台,南京市雨花台区水务局,江苏润环环境科技有限公司,否,发文机关
南京市,https://sthjj.nanjing.gov.cn/ztzl/xzxkhxzzfxxgs/xzxkhzfxxhz/xmhpslqk_68811/,https://sthjj.nanjing.gov.cn/ztzl/xzxkhxzzfxxgs/pcjxxgk/qx/xmhpslqk_68848/202605/t20260511_5838112.html,南京市生态环境局关于2026年5月11日建设项目环境影响评价文件受理情况的公示（栖霞）,2026年5月11日,栖霞生态环境局,栖霞,公示-江苏省建筑工程质量检测中心有限公司建筑材料测试中心改建项目环评报告表,江苏省南京市栖霞区元化路8号50幢3层、4层,栖霞,江苏省建筑工程质量检测中心有限公司,南京国环科技股份有限公司,否,发文机关
南京市,https://sthjj.nanjing.gov.cn/ztzl/xzxkhxzzfxxgs/xzxkhzfxxhz/xmhpslqk_68811/,https://sthjj.nanjing.gov.cn/ztzl/xzxkhxzzfxxgs/pcjxxgk/qx/xmhpslqk_68848/202605/t20260511_5838112.html,南京市生态环境局关于2026年5月11日建设项目环境影响评价文件受理情况的公示（栖霞）,2026年5月11日,栖霞生态环境局,栖霞,公示-中碳（江苏）检测有限公司分析检测与研发实验室项目二期环评报告表,江苏省南京市栖霞区仙林街道纬地路9号江苏生命科技园D7栋302-1室,栖霞,中碳（江苏）检测有限公司,南京源恒环境研究所有限公司,否,发文机关
南京市,https://sthjj.nanjing.gov.cn/ztzl/xzxkhxzzfxxgs/xzxkhzfxxhz/xmhpslqk_68811/,https://sthjj.nanjing.gov.cn/ztzl/xzxkhxzzfxxgs/pcjxxgk/jn/xmhpslqk_68860/202605/t20260511_5837543.html,南京市生态环境局关于2026年5月11日建设项目环境影响评价文件受理情况的公示（江宁）,2026年5月11日,南京市江宁生态环境局,江宁,微生物检测技术平台项目,南京市江宁区乾德路5号8号楼,江宁,米度（南京）生物技术有限公司,江苏润环环境科技有限公司,否,发文机关
南京市,https://sthjj.nanjing.gov.cn/ztzl/xzxkhxzzfxxgs/xzxkhzfxxhz/xmhpslqk_68811/,https://sthjj.nanjing.gov.cn/ztzl/xzxkhxzzfxxgs/pcjxxgk/jn/xmhpslqk_68860/202605/t20260511_5837543.html,南京市生态环境局关于2026年5月11日建设项目环境影响评价文件受理情况的公示（江宁）,2026年5月11日,南京市江宁生态环境局,江宁,面点生产项目,江苏省南京市江宁区淳化街道青龙大道78号,江宁,南京尚全食品有限公司,述邦安全环境技术服务南京有限公司,否,发文机关
南京市,https://sthjj.nanjing.gov.cn/ztzl/xzxkhxzzfxxgs/xzxkhzfxxhz/xmhpslqk_68811/,https://sthjj.nanjing.gov.cn/ztzl/xzxkhxzzfxxgs/sjxzxkhzfxx/xmhpslqk_68817/202605/t20260509_5837230.html,2026年5月9日南京市生态环境局受理建设项目环评文件情况公示(辐射),2026年5月9日,南京市生态环境局,市本级,南京至仪征线（含扬州延伸线）市域（郊）铁路一期工程（110kV港城路牵引电力合建变电所及进线工程）.pdf,南京市栖霞区,栖霞,江苏宁扬轨道交通有限公司,中铁第四勘察设计院集团有限公司,是,业务类别
南京市,https://sthjj.nanjing.gov.cn/ztzl/xzxkhxzzfxxgs/xzxkhzfxxhz/xmhpslqk_68811/,https://sthjj.nanjing.gov.cn/ztzl/xzxkhxzzfxxgs/pcjxxgk/lh/xmhpslqk_68872/202605/t20260508_5836329.html,南京市生态环境局关于2026年5月8日建设项目环境影响评价文件受理情况的公示（六合）,2026年5月8日,六合生态环境局,六合,年产5200万米软管、2700万根总成、1300万件模压制品和800万根汽车用金属管扩建项目,六合经济开发区宁六路581号,六合,南京利德东方橡塑科技有限公司,南京国环科技股份有限公司,否,发文机关
南京市,https://sthjj.nanjing.gov.cn/ztzl/xzxkhxzzfxxgs/xzxkhzfxxhz/xmhpslqk_68811/,https://sthjj.nanjing.gov.cn/ztzl/xzxkhxzzfxxgs/pcjxxgk/jn/xmhpslqk_68860/202605/t20260508_5835926.html,南京市生态环境局关于2026年5月8日建设项目环境影响评价文件受理情况的公示（江宁）,2026年5月8日,南京市江宁生态环境局,江宁,高性能智能模组研发、组装和销售中心,南京市麒麟科技创新园 创研路168号麒麟人工智能产业园D区1栋301、302、303、502、503室,号麒麟人工智能园区,南京江川电子有限公司,江苏苏科咨询有限公司,否,发文机关
南京市,https://sthjj.nanjing.gov.cn/ztzl/xzxkhxzzfxxgs/xzxkhzfxxhz/xmhpslqk_68811/,https://sthjj.nanjing.gov.cn/ztzl/xzxkhxzzfxxgs/sjxzxkhzfxx/xmhpslqk_68817/202604/t20260430_5832858.html,2026年4月30日南京市生态环境局受理建设项目环评文件情况公示(辐射),2026年4月30日,南京市生态环境局,市本级,江苏南京玄武110千伏变电站改造工程.pdf,江苏省南京市鼓楼区中央门街道境内,鼓楼,国网江苏省电力有限公司南京供电分公司,江苏清全科技有限公司,是,业务类别
南京市,https://sthjj.nanjing.gov.cn/ztzl/xzxkhxzzfxxgs/xzxkhzfxxhz/xmhpslqk_68811/,https://sthjj.nanjing.gov.cn/ztzl/xzxkhxzzfxxgs/pcjxxgk/qx/xmhpslqk_68848/202604/t20260429_5832066.html,南京市生态环境局关于2026年4月29日建设项目环境影响评价文件受理情况的公示（栖霞）,2026年4月29日,栖霞生态环境局,栖霞,公示-南京华融建筑垃圾资源化利用项目环评报告表,南京市栖霞区新合村杨庄房,栖霞,南京华融环保再生资源有限公司,江苏润环环境科技有限公司,否,发文机关
南京市,https://sthjj.nanjing.gov.cn/ztzl/xzxkhxzzfxxgs/xzxkhzfxxhz/xmhpslqk_68811/,https://sthjj.nanjing.gov.cn/ztzl/xzxkhxzzfxxgs/pcjxxgk/ls/xmhpslqk_68878/202606/t20260612_5857245.html,南京市生态环境局关于2026年6月12日建设项目环境影响评价文件受理情况的公示（溧水）,2026年6月12日,南京市溧水生态环境局,溧水,中药产业化基地项目,南京市溧水经济开发区秦淮大道以东、秀山路以南、岗头路以西地块,秦淮,南京星银运嘉药业有限公司,江苏润环环境科技有限公司,否,发文机关
南京市,https://sthjj.nanjing.gov.cn/ztzl/xzxkhxzzfxxgs/xzxkhzfxxhz/xmhpslqk_68811/,https://sthjj.nanjing.gov.cn/ztzl/xzxkhxzzfxxgs/pcjxxgk/jn/xmhpslqk_68860/202606/t20260610_5855101.html,南京市生态环境局关于2026年6月10日建设项目环境影响评价文件受理情况的公示（江宁）,2026年6月10日,南京市江宁生态环境局,江宁,生物检测实验室建设项目,南京市江宁区高新园格致路2222号A5栋1601室,江宁,南京云序生物科技有限公司,淮安晓牧环保服务有限公司,否,发文机关
南京市,https://sthjj.nanjing.gov.cn/ztzl/xzxkhxzzfxxgs/xzxkhzfxxhz/xmhpslqk_68811/,https://sthjj.nanjing.gov.cn/ztzl/xzxkhxzzfxxgs/pcjxxgk/jn/xmhpslqk_68860/202606/t20260609_5854461.html,南京市生态环境局关于2026年6月9日建设项目环境影响评价文件受理情况的公示（江宁）,2026年6月9日,南京市江宁生态环境局,江宁,铜井河（向阳水库-宁芜高速）河道及绿化工程项目,江苏省南京滨江经济开发区新材料产业园,滨江开发区,南京江南循环经济投资发展有限公司,江苏南京博晟环境科技有限公司,否,发文机关
南京市,https://sthjj.nanjing.gov.cn/ztzl/xzxkhxzzfxxgs/xzxkhzfxxhz/xmhpslqk_68811/,https://sthjj.nanjing.gov.cn/ztzl/xzxkhxzzfxxgs/pcjxxgk/ls/xmhpslqk_68878/202606/t20260609_5854372.html,南京市生态环境局关于2026年6月9日建设项目环境影响评价文件受理情况的公示（溧水）,2026年6月9日,南京市溧水生态环境局,溧水,年产400台激光切割机生产线扩建项目,南京市溧水区石湫街道工业集中区石涛路,溧水,江苏天博自动化有限公司,南京信佣工程咨询有限公司,否,发文机关
南京市,https://sthjj.nanjing.gov.cn/ztzl/xzxkhxzzfxxgs/xzxkhzfxxhz/xmhpslqk_68811/,https://sthjj.nanjing.gov.cn/ztzl/xzxkhxzzfxxgs/pcjxxgk/ls/xmhpslqk_68878/202606/t20260609_5854372.html,南京市生态环境局关于2026年6月9日建设项目环境影响评价文件受理情况的公示（溧水）,2026年6月9日,南京市溧水生态环境局,溧水,年产100台大型民用无人机研发生产基地,南京市溧水区经济开发区团山东路13号,溧水,南京泽廷航空技术有限责任公司,江苏正泓环保科技有限公司,否,发文机关
南京市,https://sthjj.nanjing.gov.cn/ztzl/xzxkhxzzfxxgs/xzxkhzfxxhz/xmhpslqk_68811/,https://sthjj.nanjing.gov.cn/ztzl/xzxkhxzzfxxgs/pcjxxgk/jn/xmhpslqk_68860/202606/t20260605_5852709.html,南京市生态环境局关于2026年6月5日建设项目环境影响评价文件受理情况的公示（江宁）,2026年6月5日,南京市江宁生态环境局,江宁,人造蓝宝石晶片加工项目,南京市江宁区湖熟街道融宁路8号9-1栋,江宁,南京则天光电科技有限公司,南京博知源环境科技有限公司,否,发文机关
南京市,https://sthjj.nanjing.gov.cn/ztzl/xzxkhxzzfxxgs/xzxkhzfxxhz/xmhpslqk_68811/,https://sthjj.nanjing.gov.cn/ztzl/xzxkhxzzfxxgs/pcjxxgk/jn/xmhpslqk_68860/202606/t20260605_5852709.html,南京市生态环境局关于2026年6月5日建设项目环境影响评价文件受理情况的公示（江宁）,2026年6月5日,南京市江宁生态环境局,江宁,塑料及纸制品生产项目,南京市江宁区湖熟街道工业集中区波光路5号,江宁,南京蓄日包装科技有限公司,江苏凯泽环宇环境工程有限公司,否,发文机关
南京市,https://sthjj.nanjing.gov.cn/ztzl/xzxkhxzzfxxgs/xzxkhzfxxhz/xmhpslqk_68811/,https://sthjj.nanjing.gov.cn/ztzl/xzxkhxzzfxxgs/pcjxxgk/jn/xmhpslqk_68860/202606/t20260605_5852709.html,南京市生态环境局关于2026年6月5日建设项目环境影响评价文件受理情况的公示（江宁）,2026年6月5日,南京市江宁生态环境局,江宁,在线监控仪器生产项目,南京市江宁区科建路318号,江宁,南京智达自动化集团有限公司,江苏润环环境科技有限公司,否,发文机关
南京市,https://sthjj.nanjing.gov.cn/ztzl/xzxkhxzzfxxgs/xzxkhzfxxhz/xmhpslqk_68811/,https://sthjj.nanjing.gov.cn/ztzl/xzxkhxzzfxxgs/pcjxxgk/yht/xmhpslqk_68854/202606/t20260604_5851712.html,南京市生态环境局关于2026年6月4日建设项目环境影响评价文件受理情况的公示（雨花台）,2026年6月4日,南京市雨花台生态环境局,雨花台,高性能低损耗通信用高频高速基板研发项目,南京市中国（南京）软件谷联东U谷雨花国际智慧谷7A幢,,南京南睿先进材料科技研究院有限公司,江苏南京博晟环境科技有限公司,否,发文机关
南京市,https://sthjj.nanjing.gov.cn/ztzl/xzxkhxzzfxxgs/xzxkhzfxxhz/xmhpslqk_68811/,https://sthjj.nanjing.gov.cn/ztzl/xzxkhxzzfxxgs/pcjxxgk/gc/xmhpslqk_68884/202606/t20260603_5851315.html,南京市生态环境局关于2026年6月3日建设项目环境影响评价文件受理情况的公示（高淳）,2026年6月3日,南京市生态环境局,市本级,智能电表和智能终端生产项目,江苏省南京市高淳区经济开发区紫荆大道77号,高淳,佳源科技股份有限公司,江苏翠峰生态环境有限公司,否,项目属地
南京市,https://sthjj.nanjing.gov.cn/ztzl/xzxkhxzzfxxgs/xzxkhzfxxhz/xmhpslqk_68811/,https://sthjj.nanjing.gov.cn/ztzl/xzxkhxzzfxxgs/pcjxxgk/gc/xmhpslqk_68884/202606/t20260603_5851315.html,南京市生态环境局关于2026年6月3日建设项目环境影响评价文件受理情况的公示（高淳）,2026年6月3日,南京市生态环境局,市本级,水产品深加工项目,江苏省南京市高淳区经济开发区永城路36号,高淳,江苏固城湖食品有限公司,南京朗泽环保科技有限公司,否,项目属地
南京市,https://sthjj.nanjing.gov.cn/ztzl/xzxkhxzzfxxgs/xzxkhzfxxhz/xmhpslqk_68811/,https://sthjj.nanjing.gov.cn/ztzl/xzxkhxzzfxxgs/sjxzxkhzfxx/xmhpslqk_68817/202606/t20260602_5850696.html,南京市生态环境局关于2026年6月2日建设项目环境影响评价文件受理情况的公示（市级）,2026年6月2日,南京市生态环境局,市本级,南京飞燕活塞环股份有限公司年产3万吨工程机械用高精度高耐蚀导杆扩建项目,南京市溧水区南京市溧水经济开发区滨淮大道107号,溧水,南京飞燕活塞环股份有限公司,南京国环科技股份有限公司,否,层级
南京市,https://sthjj.nanjing.gov.cn/ztzl/xzxkhxzzfxxgs/xzxkhzfxxhz/xmhpslqk_68811/,https://sthjj.nanjing.gov.cn/ztzl/xzxkhxzzfxxgs/pcjxxgk/ls/xmhpslqk_68878/202606/t20260602_5850483.html,南京市生态环境局关于2026年6月2日建设项目环境影响评价文件受理情况的公示（溧水）,2026年6月2日,南京市溧水生态环境局,溧水,年产50万吨烘焙类食品生产项目（二期一阶段）,南京市溧水区永阳街道琴音大道以东、文昌东路以北,溧水,南京一洲食品科技有限公司,南京名环智远环境科技有限公司,否,发文机关
南京市,https://sthjj.nanjing.gov.cn/ztzl/xzxkhxzzfxxgs/xzxkhzfxxhz/xmhpslqk_68811/,https://sthjj.nanjing.gov.cn/ztzl/xzxkhxzzfxxgs/pcjxxgk/jn/xmhpslqk_68860/202606/t20260602_5850294.html,南京市生态环境局关于2026年6月2日建设项目环境影响评价文件受理情况的公示（江宁）,2026年6月2日,南京市江宁生态环境局,江宁,光轴生产线建设及工艺提升项目,南京市江宁区高新园侯焦路30号,江宁,南京高速齿轮制造有限公司,南京伊环环境科技有限公司,否,发文机关
南京市,https://sthjj.nanjing.gov.cn/ztzl/xzxkhxzzfxxgs/xzxkhzfxxhz/xmhpslqk_68811/,https://sthjj.nanjing.gov.cn/ztzl/xzxkhxzzfxxgs/sjxzxkhzfxx/xmhpslqk_68817/202606/t20260601_5849938.html,2026年06月01日南京市生态环境局受理建设项目环评文件情况公示(辐射),2026年06月01日,南京市生态环境局,市本级,格力电器(南京)有限公司新增二类射线无损检测系统项目.pdf,南京市江宁区乾德路99号（江宁高新园）,江宁,格力电器(南京)有限公司,江苏润环环境科技有限公司,是,业务类别
南京市,https://sthjj.nanjing.gov.cn/ztzl/xzxkhxzzfxxgs/xzxkhzfxxhz/xmhpslqk_68811/,https://sthjj.nanjing.gov.cn/ztzl/xzxkhxzzfxxgs/sjxzxkhzfxx/xmhpslqk_68817/202605/t20260529_5848858.html,2026年5月29日南京市生态环境局受理建设项目环评文件情况公示(辐射),2026年5月29日,南京市生态环境局,市本级,南京新城中心220千伏输变电工程.pdf,南京市建邺区境内,建邺,国网江苏省电力有限公司南京供电分公司,江苏嘉溢安全环境科技服务有限公司,是,业务类别
南京市,https://sthjj.nanjing.gov.cn/ztzl/xzxkhxzzfxxgs/xzxkhzfxxhz/xmhpslqk_68811/,https://sthjj.nanjing.gov.cn/ztzl/xzxkhxzzfxxgs/pcjxxgk/jn/xmhpslqk_68860/202605/t20260528_5848185.html,南京市生态环境局关于2026年5月28日建设项目环境影响评价文件受理情况的公示（江宁）,2026年5月28日,南京市生态环境局,市本级,华能南京江宁淳化110MW渔光互补光伏发电项目配套110kV升压站工程,南京市江宁区淳化街道西城社区,江宁,南京华能宁淳新能源有限公司,江苏河海环境科学研究院有限公司,否,项目属地
南京市,https://sthjj.nanjing.gov.cn/ztzl/xzxkhxzzfxxgs/xzxkhzfxxhz/xmhpslqk_68811/,https://sthjj.nanjing.gov.cn/ztzl/xzxkhxzzfxxgs/pcjxxgk/jn/xmhpslqk_68860/202605/t20260528_5847664.html,南京市生态环境局关于2026年5月28日建设项目环境影响评价文件受理情况的公示（江宁）,2026年5月28日,南京市江宁生态环境局,江宁,航空航天MEMS压力传感器建设项目,南京市江宁区滨江开发区闻莺路5号,江宁,南京沃天科技股份有限公司,南京国环科技股份有限公司,否,发文机关
南京市,https://sthjj.nanjing.gov.cn/ztzl/xzxkhxzzfxxgs/xzxkhzfxxhz/xmhpslqk_68811/,https://sthjj.nanjing.gov.cn/ztzl/xzxkhxzzfxxgs/pcjxxgk/jn/xmhpslqk_68860/202605/t20260528_5847664.html,南京市生态环境局关于2026年5月28日建设项目环境影响评价文件受理情况的公示（江宁）,2026年5月28日,南京市江宁生态环境局,江宁,工业控制MEMS压力传感器扩产建设项目,南京市江宁区滨江开发区闻莺路5号,江宁,南京沃天科技股份有限公司,南京国环科技股份有限公司,否,发文机关
南京市,https://sthjj.nanjing.gov.cn/ztzl/xzxkhxzzfxxgs/xzxkhzfxxhz/xmhpslqk_68811/,https://sthjj.nanjing.gov.cn/ztzl/xzxkhxzzfxxgs/pcjxxgk/jn/xmhpslqk_68860/202605/t20260528_5847664.html,南京市生态环境局关于2026年5月28日建设项目环境影响评价文件受理情况的公示（江宁）,2026年5月28日,南京市江宁生态环境局,江宁,分子生物解析与数字病理诊断应用项目,江苏省南京市江宁区乾德路9号,江宁,江苏科兔生物技术有限公司,江苏润环环境科技有限公司,否,发文机关
南京市,https://sthjj.nanjing.gov.cn/ztzl/xzxkhxzzfxxgs/xzxkhzfxxhz/xmhpslqk_68811/,https://sthjj.nanjing.gov.cn/ztzl/xzxkhxzzfxxgs/pcjxxgk/jn/xmhpslqk_68860/202605/t20260528_5847664.html,南京市生态环境局关于2026年5月28日建设项目环境影响评价文件受理情况的公示（江宁）,2026年5月28日,南京市江宁生态环境局,江宁,汽车塑料材料及零部件生产项目,江苏省南京市江宁区湖熟街道龙都社区虹南路109号,江宁,南京文斯特新材料有限公司,江苏凯泽环宇环境工程有限公司,否,发文机关
南京市,https://sthjj.nanjing.gov.cn/ztzl/xzxkhxzzfxxgs/xzxkhzfxxhz/xmhpslqk_68811/,https://sthjj.nanjing.gov.cn/ztzl/xzxkhxzzfxxgs/pcjxxgk/yht/xmhpslqk_68854/202605/t20260527_5847293.html,南京市生态环境局关于2026年5月27日建设项目环境影响评价文件受理情况的公示（雨花台）,2026年5月27日,南京市雨花台生态环境局,雨花台,废弃铁质包装桶产线环保设施改造项目,江苏省南京市雨花台区中华门外新建,雨花台,宝武环科南京资源利用有限公司,南京大学环境规划设计研究院集团股份公司,否,发文机关
南京市,https://sthjj.nanjing.gov.cn/ztzl/xzxkhxzzfxxgs/xzxkhzfxxhz/xmhpslqk_68811/,https://sthjj.nanjing.gov.cn/ztzl/xzxkhxzzfxxgs/pcjxxgk/gc/xmhpslqk_68884/202607/t20260708_5872909.html,南京市生态环境局关于2026年07月08日建设项目环境影响评价文件受理情况的公示（高淳）,2026年07月08日,南京市生态环境局,市本级,正元电池结构件制造基地项目,江苏省南京市高淳区经济开发区永城路和茅山路交叉口向南50米路东,高淳,正元精密科技（南京）有限公司,南京安心环境科技有限公司,否,项目属地
南京市,https://sthjj.nanjing.gov.cn/ztzl/xzxkhxzzfxxgs/xzxkhzfxxhz/xmhpslqk_68811/,https://sthjj.nanjing.gov.cn/ztzl/xzxkhxzzfxxgs/pcjxxgk/gc/xmhpslqk_68884/202607/t20260708_5872909.html,南京市生态环境局关于2026年07月08日建设项目环境影响评价文件受理情况的公示（高淳）,2026年07月08日,南京市生态环境局,市本级,体外诊断试剂提质扩能技术改进项目,江苏省南京市高淳区高淳经济开发区戴卫西路41号,高淳,江苏帆博生物制品有限公司,南京亘屹环保科技有限公司,否,项目属地
南京市,https://sthjj.nanjing.gov.cn/ztzl/xzxkhxzzfxxgs/xzxkhzfxxhz/xmhpslqk_68811/,https://sthjj.nanjing.gov.cn/ztzl/xzxkhxzzfxxgs/sjxzxkhzfxx/xmhpslqk_68817/202607/t20260707_5872669.html,2026年07月07日南京市生态环境局受理建设项目环评文件情况公示(辐射),2026年07月07日,南京市生态环境局,市本级,百兆瓦级先进压缩空气储能系统装备制造基地项目（X射线数字成像装置项目）.pdf,江苏省南京市江宁经济技术开发区苍穹路以南、钟萃路以西、纬三路以北、云龙路以东，中储国能(江苏)技术有限公司换热器厂房小件焊接车间,江宁,中储国能(江苏)技术有限公司,江苏睿源环境科技有限公司,是,业务类别
南京市,https://sthjj.nanjing.gov.cn/ztzl/xzxkhxzzfxxgs/xzxkhzfxxhz/xmhpslqk_68811/,https://sthjj.nanjing.gov.cn/ztzl/xzxkhxzzfxxgs/pcjxxgk/jn/xmhpslqk_68860/202607/t20260706_5871478.html,南京市生态环境局关于2026年7月6日建设项目环境影响评价文件受理情况的公示（江宁）,2026年7月6日,南京市江宁生态环境局,江宁,新建蒸汽锅炉设备项目,南京市江宁区江宁街道弘利路16号爱尔集新能源科技（南京）有限公司现有一期地块内,江宁,爱尔集新能源科技（南京）有限公司,江苏润环环境科技有限公司,否,发文机关
南京市,https://sthjj.nanjing.gov.cn/ztzl/xzxkhxzzfxxgs/xzxkhzfxxhz/xmhpslqk_68811/,https://sthjj.nanjing.gov.cn/ztzl/xzxkhxzzfxxgs/sjxzxkhzfxx/xmhpslqk_68817/202607/t20260703_5871031.html,2026年07月03日南京市生态环境局受理建设项目环评文件情况公示(辐射),2026年07月03日,南京市生态环境局,市本级,南京玻璃纤维研究设计院有限公司购置DR自动检测设备项目.pdf,南京市雨花台区雨花西路安德里30号（南京玻璃纤维研究设计院有限公司DR检测室内）,雨花台,南京玻璃纤维研究设计院有限公司,江苏国恒安全评价咨询服务有限公司,是,业务类别
南京市,https://sthjj.nanjing.gov.cn/ztzl/xzxkhxzzfxxgs/xzxkhzfxxhz/xmhpslqk_68811/,https://sthjj.nanjing.gov.cn/ztzl/xzxkhxzzfxxgs/pcjxxgk/jn/xmhpslqk_68860/202606/t20260630_5868119.html,南京市生态环境局关于2026年6月30日建设项目环境影响评价文件受理情况的公示（江宁）,2026年6月30日,南京市江宁生态环境局,江宁,格力新元南京电子元器件生产基地项目,南京市江宁区滨江经济开发区翔凤路9号,江宁,格力新元电子（南京）有限公司,南京伊环环境科技有限公司,否,发文机关
南京市,https://sthjj.nanjing.gov.cn/ztzl/xzxkhxzzfxxgs/xzxkhzfxxhz/xmhpslqk_68811/,https://sthjj.nanjing.gov.cn/ztzl/xzxkhxzzfxxgs/pcjxxgk/yht/xmhpslqk_68854/202606/t20260629_5867561.html,南京市生态环境局关于2026年6月29日建设项目环境影响评价文件受理情况的公示（雨花台）,2026年6月29日,南京市雨花台生态环境局,雨花台,拆建垃圾、装修垃圾系统性处理项目,南京市雨花台区西善桥街道束家洼68号,雨花台,南京雨花再生资源有限公司,江苏苏科咨询有限公司,否,发文机关
南京市,https://sthjj.nanjing.gov.cn/ztzl/xzxkhxzzfxxgs/xzxkhzfxxhz/xmhpslqk_68811/,https://sthjj.nanjing.gov.cn/ztzl/xzxkhxzzfxxgs/sjxzxkhzfxx/xmhpslqk_68817/202606/t20260626_5866500.html,南京市生态环境局关于2026年6月26日建设项目环境影响评价文件受理情况的公示（市级）,2026年6月26日,南京市生态环境局,市本级,起重设备智能智造基地,南京市六合经济开发区乙烯路以北、经六路以西、李姚路以南,六合,安德森（南京）起重机有限公司,南京珞石环境科技有限公司,否,层级
南京市,https://sthjj.nanjing.gov.cn/ztzl/xzxkhxzzfxxgs/xzxkhzfxxhz/xmhpslqk_68811/,https://sthjj.nanjing.gov.cn/ztzl/xzxkhxzzfxxgs/pcjxxgk/jn/xmhpslqk_68860/202606/t20260625_5865641.html,南京市生态环境局关于2026年6月25日建设项目环境影响评价文件受理情况的公示（江宁）,2026年6月25日,南京市江宁生态环境局,江宁,屹信航天低轨卫星通信载荷研发测试中心,江苏省南京市麒麟科技创新园康园路20号2幢,,江苏屹信航天科技股份有限公司,南京博睿环保科技有限公司,否,发文机关
南京市,https://sthjj.nanjing.gov.cn/ztzl/xzxkhxzzfxxgs/xzxkhzfxxhz/xmhpslqk_68811/,https://sthjj.nanjing.gov.cn/ztzl/xzxkhxzzfxxgs/sjxzxkhzfxx/xmhpslqk_68817/202606/t20260624_5865248.html,南京市生态环境局关于2026年6月24日建设项目环境影响评价文件受理情况的公示（市级）,2026年6月24日,南京市生态环境局,市本级,南京市第一医院（市心血管病医院）河西院区三期病房改扩建项目,南京市建邺区应天大街919号,建邺,南京市第一医院,南京大学环境规划设计研究院集团股份公司,否,层级
南京市,https://sthjj.nanjing.gov.cn/ztzl/xzxkhxzzfxxgs/xzxkhzfxxhz/xmhpslqk_68811/,https://sthjj.nanjing.gov.cn/ztzl/xzxkhxzzfxxgs/pcjxxgk/jn/xmhpslqk_68860/202606/t20260623_5864695.html,南京市生态环境局关于2026年6月23日建设项目环境影响评价文件受理情况的公示（江宁）,2026年6月23日,南京市江宁生态环境局,江宁,家电塑料配件加工生产项目,江苏省南京市江宁区汤山街道鹤龄社区小前村313号,江宁,南京腾馨电子有限公司,南京光明环保科技有限公司,否,发文机关
南京市,https://sthjj.nanjing.gov.cn/ztzl/xzxkhxzzfxxgs/xzxkhzfxxhz/xmhpslqk_68811/,https://sthjj.nanjing.gov.cn/ztzl/xzxkhxzzfxxgs/pcjxxgk/jn/xmhpslqk_68860/202606/t20260623_5864695.html,南京市生态环境局关于2026年6月23日建设项目环境影响评价文件受理情况的公示（江宁）,2026年6月23日,南京市江宁生态环境局,江宁,华电节能高温工业烟气和固体颗粒物余热回收系产业项目,江苏省南京市江宁区江宁滨江开发区盛安大道737号,江宁,南京华电节能环保股份有限公司,南京汐瀚盈润环保科技有限公司,否,发文机关
南京市,https://sthjj.nanjing.gov.cn/ztzl/xzxkhxzzfxxgs/xzxkhzfxxhz/xmhpslqk_68811/,https://sthjj.nanjing.gov.cn/ztzl/xzxkhxzzfxxgs/pcjxxgk/gc/xmhpslqk_68884/202606/t20260617_5860766.html,南京市生态环境局关于2026年6月17日建设项目环境影响评价文件受理情况的公示（高淳）,2026年6月17日,南京市生态环境局,市本级,车载显示盖板及模组生产制造项目,江苏省南京市高淳经济开发区茅山路以北，南京宁甬天星汽车电器有限公司以西,高淳,江苏睿华光电科技有限公司,南京新萌芽环境工程有限公司,否,项目属地
南京市,https://sthjj.nanjing.gov.cn/ztzl/xzxkhxzzfxxgs/xzxkhzfxxhz/xmhpslqk_68811/,https://sthjj.nanjing.gov.cn/ztzl/xzxkhxzzfxxgs/pcjxxgk/gc/xmhpslqk_68884/202606/t20260617_5860766.html,南京市生态环境局关于2026年6月17日建设项目环境影响评价文件受理情况的公示（高淳）,2026年6月17日,南京市生态环境局,市本级,南京高职园社区服务中心及配套工程项目,江苏省南京市高淳区南京高等职业教育创新创业园内,高淳,南京市高淳区南京高等职业教育创新创业园管理委员会,南京名环智远环境科技有限公司,否,项目属地
南京市,https://sthjj.nanjing.gov.cn/ztzl/xzxkhxzzfxxgs/xzxkhzfxxhz/xmhpslqk_68811/,https://sthjj.nanjing.gov.cn/ztzl/xzxkhxzzfxxgs/pcjxxgk/jn/xmhpslqk_68860/202606/t20260616_5860069.html,南京市生态环境局关于2026年6月16日建设项目环境影响评价文件受理情况的公示（江宁）,2026年6月16日,南京市江宁生态环境局,江宁,非标金属结构件加工及检测项目（重新报批）,江苏省南京市江宁区江宁滨江经济开发区地秀路757号,江宁,地平线（南京）检验检测有限公司,南京伊环环境科技有限公司,否,发文机关
南京市,https://sthjj.nanjing.gov.cn/ztzl/xzxkhxzzfxxgs/xzxkhzfxxhz/xmhpslqk_68811/,https://sthjj.nanjing.gov.cn/ztzl/xzxkhxzzfxxgs/pcjxxgk/jn/xmhpslqk_68860/202606/t20260615_5859315.html,南京市生态环境局关于2026年6月15日建设项目环境影响评价文件受理情况的公示（江宁）,2026年6月15日,南京市江宁生态环境局,江宁,江苏绿碳南京江宁青龙山林场8.5MW渔光互补光伏发电项目,江苏省南京市江宁区淳化街道青龙山林场内,江宁,江苏绿碳投资发展有限公司,江苏禾美环保科技有限公司,否,发文机关
南京市,https://sthjj.nanjing.gov.cn/ztzl/xzxkhxzzfxxgs/xzxkhzfxxhz/xmhpslqk_68811/,https://sthjj.nanjing.gov.cn/ztzl/xzxkhxzzfxxgs/pcjxxgk/lh/xmhpslqk_68872/202606/t20260615_5859199.html,南京市生态环境局关于2026年6月15日建设项目环境影响评价文件受理情况的公示（六合）,2026年6月15日,六合生态环境局,六合,南京盛美新材料科技有限公司年产4500万套纳米注塑电池结构件生产线项目,六合区新材料产业园表面处理中心118-67号厂房,六合,南京盛美新材料科技有限公司,南京泰环环保科技有限公司,否,发文机关
南京市,https://sthjj.nanjing.gov.cn/ztzl/xzxkhxzzfxxgs/xzxkhzfxxhz/xmhpslqk_68811/,https://sthjj.nanjing.gov.cn/ztzl/xzxkhxzzfxxgs/sjxzxkhzfxx/xmhpslqk_68817/202606/t20260612_5857586.html,2026年06月12日南京市生态环境局受理建设项目环评文件情况公示(辐射),2026年06月12日,南京市生态环境局,市本级,江苏南京西岗110千伏变电站2号主变增容工程.pdf,江苏省南京市栖霞区马群街道,栖霞,国网江苏省电力有限公司南京供电分公司,江苏清全科技有限公司,是,业务类别
南京市,https://sthjj.nanjing.gov.cn/ztzl/xzxkhxzzfxxgs/xzxkhzfxxhz/xmhpslqk_68811/,https://sthjj.nanjing.gov.cn/ztzl/xzxkhxzzfxxgs/pcjxxgk/ls/xmhpslqk_68878/202607/t20260730_5885922.html,南京市生态环境局关于2026年7月30日建设项目环境影响评价文件受理情况的公示（溧水）,2026年7月30日,南京市溧水生态环境局,溧水,一般固体废物（含污泥、污染土）处置生产线扩建项目,南京市溧水区晶桥镇芝山村,溧水,江苏中天共康环保科技有限公司,南京信佣工程咨询有限公司,否,发文机关
南京市,https://sthjj.nanjing.gov.cn/ztzl/xzxkhxzzfxxgs/xzxkhzfxxhz/xmhpslqk_68811/,https://sthjj.nanjing.gov.cn/ztzl/xzxkhxzzfxxgs/pcjxxgk/ls/xmhpslqk_68878/202607/t20260730_5885922.html,南京市生态环境局关于2026年7月30日建设项目环境影响评价文件受理情况的公示（溧水）,2026年7月30日,南京市溧水生态环境局,溧水,年产8000台风电齿轮箱核心齿轮组件项目,南京市溧水区东屏工业集中区朝阳路以南、罗奇泰克以东地块,溧水,南京宇河传动科技有限公司,述邦安全环境技术服务南京有限公司,否,发文机关
南京市,https://sthjj.nanjing.gov.cn/ztzl/xzxkhxzzfxxgs/xzxkhzfxxhz/xmhpslqk_68811/,https://sthjj.nanjing.gov.cn/ztzl/xzxkhxzzfxxgs/pcjxxgk/jn/xmhpslqk_68860/202607/t20260730_5885736.html,南京市生态环境局关于2026年7月30日建设项目环境影响评价文件受理情况的公示（江宁）,2026年7月30日,南京市江宁生态环境局,江宁,汽车塑料零部件生产项目,江苏省南京市江宁区湖熟街道波光路26号,江宁,南京人人电子有限公司,江苏润环环境科技有限公司,否,发文机关
南京市,https://sthjj.nanjing.gov.cn/ztzl/xzxkhxzzfxxgs/xzxkhzfxxhz/xmhpslqk_68811/,https://sthjj.nanjing.gov.cn/ztzl/xzxkhxzzfxxgs/pcjxxgk/jn/xmhpslqk_68860/202607/t20260730_5885736.html,南京市生态环境局关于2026年7月30日建设项目环境影响评价文件受理情况的公示（江宁）,2026年7月30日,南京市江宁生态环境局,江宁,节能低碳绿色流态固化土、稳定土生产项目,南京市江宁区江宁街道南山湖工业园,江宁,南京滨江建材科技集团新材料有限公司,江苏润环环境科技有限公司,否,发文机关
南京市,https://sthjj.nanjing.gov.cn/ztzl/xzxkhxzzfxxgs/xzxkhzfxxhz/xmhpslqk_68811/,https://sthjj.nanjing.gov.cn/ztzl/xzxkhxzzfxxgs/pcjxxgk/jn/xmhpslqk_68860/202607/t20260730_5885736.html,南京市生态环境局关于2026年7月30日建设项目环境影响评价文件受理情况的公示（江宁）,2026年7月30日,南京市江宁生态环境局,江宁,电磁线交货线盘生产项目,江苏省南京市江宁区江宁街道南山湖社区滨溪大道,江宁,南京信义达电工器材有限公司,南京国环科技股份有限公司,否,发文机关
南京市,https://sthjj.nanjing.gov.cn/ztzl/xzxkhxzzfxxgs/xzxkhzfxxhz/xmhpslqk_68811/,https://sthjj.nanjing.gov.cn/ztzl/xzxkhxzzfxxgs/pcjxxgk/yht/xmhpslqk_68854/202607/t20260729_5885104.html,2026年7月29日南京市雨花台生态环境局受理建设项目环评文件情况公示（辐射）,2026年7月29日,南京市雨花台生态环境局,雨花台,110kV大尚线杆线迁移下地工程,江苏省南京市雨花台区西善桥街道,雨花台,南京雨花新城发展有限公司,江苏麒羽科技有限公司,是,业务类别
南京市,https://sthjj.nanjing.gov.cn/ztzl/xzxkhxzzfxxgs/xzxkhzfxxhz/xmhpslqk_68811/,https://sthjj.nanjing.gov.cn/ztzl/xzxkhxzzfxxgs/sjxzxkhzfxx/xmhpslqk_68817/202607/t20260728_5884869.html,南京市生态环境局关于2026年7月28日建设项目环境影响评价文件受理情况的公示（市级）,2026年7月28日,南京市生态环境局,市本级,江南环保产业园污水处理厂项目,南京市江宁区滨江开发区新材料产业园规划环园北路以南，规划生态三路以西,江宁,南京江南循环经济投资发展有限公司,南京嘉泽环境咨询有限公司,否,层级
南京市,https://sthjj.nanjing.gov.cn/ztzl/xzxkhxzzfxxgs/xzxkhzfxxhz/xmhpslqk_68811/,https://sthjj.nanjing.gov.cn/ztzl/xzxkhxzzfxxgs/sjxzxkhzfxx/xmhpslqk_68817/202607/t20260728_5884869.html,南京市生态环境局关于2026年7月28日建设项目环境影响评价文件受理情况的公示（市级）,2026年7月28日,南京市生态环境局,市本级,年表面处理4万吨机电器材项目,江苏省南京市六合区新材料产业园双巷路120号,六合,南京佳盛金属表面处理有限公司,江苏润环环境科技有限公司,否,层级
南京市,https://sthjj.nanjing.gov.cn/ztzl/xzxkhxzzfxxgs/xzxkhzfxxhz/xmhpslqk_68811/,https://sthjj.nanjing.gov.cn/ztzl/xzxkhxzzfxxgs/sjxzxkhzfxx/xmhpslqk_68817/202607/t20260728_5884608.html,2026年07月28日南京市生态环境局受理建设项目环评文件情况公示(辐射),2026年07月28日,南京市生态环境局,市本级,江苏南京西华门110千伏变电站改造工程.pdf,江苏省南京市秦淮区瑞金路街道,秦淮,国网江苏省电力有限公司南京供电分公司,江苏清全科技有限公司,是,业务类别
南京市,https://sthjj.nanjing.gov.cn/ztzl/xzxkhxzzfxxgs/xzxkhzfxxhz/xmhpslqk_68811/,https://sthjj.nanjing.gov.cn/ztzl/xzxkhxzzfxxgs/pcjxxgk/jn/xmhpslqk_68860/202607/t20260728_5884156.html,南京市生态环境局关于2026年7月28日建设项目环境影响评价文件受理情况的公示（江宁）,2026年7月28日,南京市江宁生态环境局,江宁,出版物印刷项目,南京市江宁区湖熟街道万安村龙葛路,江宁,南京鸿图印务有限公司,江苏润环环境科技有限公司,否,发文机关
南京市,https://sthjj.nanjing.gov.cn/ztzl/xzxkhxzzfxxgs/xzxkhzfxxhz/xmhpslqk_68811/,https://sthjj.nanjing.gov.cn/ztzl/xzxkhxzzfxxgs/pcjxxgk/qx/xmhpslqk_68848/202607/t20260727_5883451.html,南京市生态环境局关于2026年7月27日建设项目环境影响评价文件受理情况的公示（栖霞）,2026年7月27日,栖霞生态环境局,栖霞,中科标样（江苏）检测科技有限公司标准物质研发项目,江苏省南京市栖霞区仙林街道纬地路9号江苏生命科技园B4-1栋1-4层,栖霞,中科标样（江苏）检测科技有限公司,南京亘屹环保科技有限公司,否,发文机关
南京市,https://sthjj.nanjing.gov.cn/ztzl/xzxkhxzzfxxgs/xzxkhzfxxhz/xmhpslqk_68811/,https://sthjj.nanjing.gov.cn/ztzl/xzxkhxzzfxxgs/pcjxxgk/gc/xmhpslqk_68884/202607/t20260724_5882474.html,南京市生态环境局关于2026年07月24日建设项目环境影响评价文件受理情况的公示（高淳）,2026年07月24日,南京市生态环境局,市本级,年产400套精密模具及医疗模具生产项目,江苏省南京市高淳区经济开发区凤山路115号云奚医谷厂房9栋第一层,高淳,南京泓驰模具科技有限公司,南京朗泽环保科技有限公司,否,项目属地
南京市,https://sthjj.nanjing.gov.cn/ztzl/xzxkhxzzfxxgs/xzxkhzfxxhz/xmhpslqk_68811/,https://sthjj.nanjing.gov.cn/ztzl/xzxkhxzzfxxgs/pcjxxgk/gc/xmhpslqk_68884/202607/t20260724_5882474.html,南京市生态环境局关于2026年07月24日建设项目环境影响评价文件受理情况的公示（高淳）,2026年07月24日,南京市生态环境局,市本级,新建2台6th燃气锅炉项目,江苏省南京市高淳经济开发区松园北路66号,高淳,南京宁高协鑫燃机热电有限公司,江苏润环环境科技有限公司,否,项目属地
南京市,https://sthjj.nanjing.gov.cn/ztzl/xzxkhxzzfxxgs/xzxkhzfxxhz/xmhpslqk_68811/,https://sthjj.nanjing.gov.cn/ztzl/xzxkhxzzfxxgs/pcjxxgk/gc/xmhpslqk_68884/202607/t20260724_5882474.html,南京市生态环境局关于2026年07月24日建设项目环境影响评价文件受理情况的公示（高淳）,2026年07月24日,南京市生态环境局,市本级,自粘绷带产线扩产项目,江苏省南京市高淳区古柏经济开发区竹山路1号、5号,高淳,南京斯瑞奇医疗用品有限公司,南京名环智远环境科技有限公司,否,项目属地
南京市,https://sthjj.nanjing.gov.cn/ztzl/xzxkhxzzfxxgs/xzxkhzfxxhz/xmhpslqk_68811/,https://sthjj.nanjing.gov.cn/ztzl/xzxkhxzzfxxgs/sjxzxkhzfxx/xmhpslqk_68817/202607/t20260723_5882296.html,2026年07月23日南京市生态环境局受理建设项目环评文件情况公示(辐射),2026年07月23日,南京市生态环境局,市本级,禾荣医疗器械（南京）有限公司销售、使用硼中子俘获治疗系统项目.pdf,江苏省南京市建邺区奥体大街68号4A栋4楼405室,建邺,禾荣医疗器械（南京）有限公司,江苏辐环环境科技有限公司,是,业务类别
南京市,https://sthjj.nanjing.gov.cn/ztzl/xzxkhxzzfxxgs/xzxkhzfxxhz/xmhpslqk_68811/,https://sthjj.nanjing.gov.cn/ztzl/xzxkhxzzfxxgs/pcjxxgk/jn/xmhpslqk_68860/202607/t20260723_5882127.html,南京市生态环境局关于2026年7月23日建设项目环境影响评价文件受理情况的公示（江宁）,2026年7月23日,南京市江宁生态环境局,江宁,医药技术创新产业化项目,江苏省南京市江宁区乾德路9号金都科技园2幢11层1101室,江宁,南京达斯通生物科技有限公司,江苏苏科咨询有限公司,否,发文机关
南京市,https://sthjj.nanjing.gov.cn/ztzl/xzxkhxzzfxxgs/xzxkhzfxxhz/xmhpslqk_68811/,https://sthjj.nanjing.gov.cn/ztzl/xzxkhxzzfxxgs/sjxzxkhzfxx/xmhpslqk_68817/202607/t20260716_5878014.html,2026年07月16日南京市生态环境局受理建设项目环评文件情况公示(辐射),2026年07月16日,南京市生态环境局,市本级,南京市江宁妇幼保健院（江宁国际医院）新建项目（辐射专项）.pdf,南京市江宁区秣陵街道双金社区汉侯路以南、玉麟街以西,江宁,南京市江宁妇幼保健院,南京瑞森辐射技术有限公司,是,业务类别
南京市,https://sthjj.nanjing.gov.cn/ztzl/xzxkhxzzfxxgs/xzxkhzfxxhz/xmhpslqk_68811/,https://sthjj.nanjing.gov.cn/ztzl/xzxkhxzzfxxgs/pcjxxgk/ls/xmhpslqk_68878/202607/t20260714_5876702.html,南京市生态环境局关于2026年7月14日建设项目环境影响评价文件受理情况的公示（溧水）,2026年7月14日,南京市溧水生态环境局,溧水,年产50000台防爆泵产品制造项目,南京市溧水区和凤镇工业集中区,溧水,江苏海湾泵业有限公司,南京亘屹环保科技有限公司,否,发文机关
南京市,https://sthjj.nanjing.gov.cn/ztzl/xzxkhxzzfxxgs/xzxkhzfxxhz/xmhpslqk_68811/,https://sthjj.nanjing.gov.cn/ztzl/xzxkhxzzfxxgs/pcjxxgk/ls/xmhpslqk_68878/202607/t20260714_5876702.html,南京市生态环境局关于2026年7月14日建设项目环境影响评价文件受理情况的公示（溧水）,2026年7月14日,南京市溧水生态环境局,溧水,年产5000吨新能源材料综合利用项目,南京市溧水区东屏工业集中区朝阳路39号,溧水,南京振欣隆环保科技有限公司,南京名环智远环境科技有限公司,否,发文机关
南京市,https://sthjj.nanjing.gov.cn/ztzl/xzxkhxzzfxxgs/xzxkhzfxxhz/xmhpslqk_68811/,https://sthjj.nanjing.gov.cn/ztzl/xzxkhxzzfxxgs/pcjxxgk/ls/xmhpslqk_68878/202607/t20260714_5876702.html,南京市生态环境局关于2026年7月14日建设项目环境影响评价文件受理情况的公示（溧水）,2026年7月14日,南京市溧水生态环境局,溧水,年产350万件橡胶密封圈项目,南京市溧水区洪蓝街道工业集中区七里甸路32号丰树溧水产业园A1,溧水,佰特模塑科技（南京）有限公司,南京名环智远环境科技有限公司,否,发文机关
南京市,https://sthjj.nanjing.gov.cn/ztzl/xzxkhxzzfxxgs/xzxkhzfxxhz/xmhpslqk_68811/,https://sthjj.nanjing.gov.cn/ztzl/xzxkhxzzfxxgs/pcjxxgk/qx/xmhpslqk_68848/202607/t20260714_5876208.html,南京市生态环境局关于2026年7月14日建设项目环境影响评价文件受理情况的公示（栖霞）,2026年7月14日,栖霞生态环境局,栖霞,江苏上品药业有限公司南京分公司中药药学研究实验室,江苏省南京市栖霞区仙林街道纬地路9号D6幢505、508室,栖霞,江苏上品药业有限公司南京分公司,南京亘屹环保科技有限公司,否,发文机关
南京市,https://sthjj.nanjing.gov.cn/ztzl/xzxkhxzzfxxgs/xzxkhzfxxhz/xmhpslqk_68811/,https://sthjj.nanjing.gov.cn/ztzl/xzxkhxzzfxxgs/pcjxxgk/jn/xmhpslqk_68860/202607/t20260709_5874044.html,南京市生态环境局关于2026年7月9日建设项目环境影响评价文件受理情况的公示（江宁）,2026年7月9日,南京市江宁生态环境局,江宁,塑料制品生产项目,南京市江宁区汤山街道上峰工业园勤业路3号,江宁,南京家平电子科技有限公司,淮安晓牧环保服务有限公司,否,发文机关
南京市,https://sthjj.nanjing.gov.cn/ztzl/xzxkhxzzfxxgs/xzxkhzfxxhz/xmhpslqk_68811/,https://sthjj.nanjing.gov.cn/ztzl/xzxkhxzzfxxgs/pcjxxgk/jn/xmhpslqk_68860/202607/t20260709_5874044.html,南京市生态环境局关于2026年7月9日建设项目环境影响评价文件受理情况的公示（江宁）,2026年7月9日,南京市江宁生态环境局,江宁,栖凤湖公园水生态及水景观提升工程项目,江苏省南京江宁滨江经济开发区,江宁,南京江南循环经济投资发展有限公司,江苏南京博晟环境科技有限公司,否,发文机关
南京市,https://sthjj.nanjing.gov.cn/ztzl/xzxkhxzzfxxgs/xzxkhzfxxhz/xmhpslqk_68811/,https://sthjj.nanjing.gov.cn/ztzl/xzxkhxzzfxxgs/pcjxxgk/jn/xmhpslqk_68860/202607/t20260708_5873495.html,南京市生态环境局关于2026年7月8日建设项目环境影响评价文件受理情况的公示（江宁）,2026年7月8日,南京市江宁生态环境局,江宁,家用电器、汽车、电动工具塑料加工生产项目,南京市江宁区汤山街道上峰镇阜东社区水西村410号,江宁,南京金崟模塑有限公司,淮安晓牧环保服务有限公司,否,发文机关
南京市,https://sthjj.nanjing.gov.cn/ztzl/xzxkhxzzfxxgs/xzxkhzfxxhz/xmhpslqk_68811/,https://sthjj.nanjing.gov.cn/ztzl/xzxkhxzzfxxgs/pcjxxgk/jn/xmhpslqk_68860/202607/t20260708_5873495.html,南京市生态环境局关于2026年7月8日建设项目环境影响评价文件受理情况的公示（江宁）,2026年7月8日,南京市江宁生态环境局,江宁,年产500万套注胶盒生产项目,南京市江宁区汤山街道红塔北路53号,江宁,南京豪鼎电子有限公司,淮安晓牧环保服务有限公司,否,发文机关
南京市,https://sthjj.nanjing.gov.cn/ztzl/xzxkhxzzfxxgs/xzxkhzfxxhz/xmhpslqk_68811/,https://sthjj.nanjing.gov.cn/ztzl/xzxkhxzzfxxgs/sjxzxkhzfxx/xmhpslqk_68817/202608/t20260819_5896156.html,南京市生态环境局关于2026年8月19日建设项目生态环境影响评价文件受理情况的公示（市级）,2026年8月19日,南京市生态环境局,市本级,年产2000台改装类客车生产线改建项目,江苏省南京市溧水经济开发区新能源大道97号,溧水,恒天领锐（南京）汽车技术集团股份公司,南大环境规划设计研究院（江苏）有限公司,否,层级
南京市,https://sthjj.nanjing.gov.cn/ztzl/xzxkhxzzfxxgs/xzxkhzfxxhz/xmhpslqk_68811/,https://sthjj.nanjing.gov.cn/ztzl/xzxkhxzzfxxgs/pcjxxgk/lh/xmhpslqk_68872/202608/t20260818_5895494.html,2026年8月18日南京市六合生态环境局受理建设项目环评文件情况公示（六合区）,2026年8月18日,六合生态环境局,六合,中城大有六合龙袍50MW/100MWh储能电站项目配套110kV升压站工程,南京市六合区龙袍街道楼子社区西二线西沟粮站,六合,中城大有新能源（南京）有限公司,,否,发文机关
南京市,https://sthjj.nanjing.gov.cn/ztzl/xzxkhxzzfxxgs/xzxkhzfxxhz/xmhpslqk_68811/,https://sthjj.nanjing.gov.cn/ztzl/xzxkhxzzfxxgs/pcjxxgk/ls/xmhpslqk_68878/202608/t20260817_5894937.html,南京市生态环境局关于2026年8月17日建设项目生态环境影响评价文件受理情况的公示（溧水）,2026年8月17日,南京市溧水生态环境局,溧水,年产500万套新型密封件产业化项目,南京市溧水区洪蓝街道工业集中区,溧水,南京领拓新材料有限公司,淮安晓牧环保服务有限公司,否,发文机关
南京市,https://sthjj.nanjing.gov.cn/ztzl/xzxkhxzzfxxgs/xzxkhzfxxhz/xmhpslqk_68811/,https://sthjj.nanjing.gov.cn/ztzl/xzxkhxzzfxxgs/pcjxxgk/ls/xmhpslqk_68878/202608/t20260817_5894937.html,南京市生态环境局关于2026年8月17日建设项目生态环境影响评价文件受理情况的公示（溧水）,2026年8月17日,南京市溧水生态环境局,溧水,乳制品生产线智能化改建项目,南京市溧水区经济开发区红光西路8号,溧水,南京小洋人生物科技发展有限公司,南京名环智远环境科技有限公司,否,发文机关
南京市,https://sthjj.nanjing.gov.cn/ztzl/xzxkhxzzfxxgs/xzxkhzfxxhz/xmhpslqk_68811/,https://sthjj.nanjing.gov.cn/ztzl/xzxkhxzzfxxgs/pcjxxgk/gc/xmhpslqk_68884/202608/t20260814_5893881.html,南京市生态环境局关于2026年08月14日建设项目环境影响评价文件受理情况的公示（高淳）,2026年08月14日,南京市生态环境局,市本级,超高压水切割破碎法制备高品质胶粉生产线项目,江苏省南京市高淳区经济开发区茅山路39号,高淳,高能南京环保科技股份有限公司,南京朗泽环保科技有限公司,否,项目属地
南京市,https://sthjj.nanjing.gov.cn/ztzl/xzxkhxzzfxxgs/xzxkhzfxxhz/xmhpslqk_68811/,https://sthjj.nanjing.gov.cn/ztzl/xzxkhxzzfxxgs/pcjxxgk/gc/xmhpslqk_68884/202608/t20260814_5893881.html,南京市生态环境局关于2026年08月14日建设项目环境影响评价文件受理情况的公示（高淳）,2026年08月14日,南京市生态环境局,市本级,电器零配件生产加工技改项目,江苏省南京市高淳经济开发区桃园南路11号,高淳,南京莱德电器有限公司,苏景九九环保服务（南京）有限公司,否,项目属地
南京市,https://sthjj.nanjing.gov.cn/ztzl/xzxkhxzzfxxgs/xzxkhzfxxhz/xmhpslqk_68811/,https://sthjj.nanjing.gov.cn/ztzl/xzxkhxzzfxxgs/pcjxxgk/gc/xmhpslqk_68884/202608/t20260814_5893881.html,南京市生态环境局关于2026年08月14日建设项目环境影响评价文件受理情况的公示（高淳）,2026年08月14日,南京市生态环境局,市本级,超级耐腐蚀双相钢管研发生产线技术升级改造项目,江苏省南京市高淳区高淳经济开发区竹山路15号,高淳,南京沃尔德特钢有限公司,淮安晓牧环保服务有限公司,否,项目属地
南京市,https://sthjj.nanjing.gov.cn/ztzl/xzxkhxzzfxxgs/xzxkhzfxxhz/xmhpslqk_68811/,https://sthjj.nanjing.gov.cn/ztzl/xzxkhxzzfxxgs/pcjxxgk/lh/xmhpslqk_68872/202608/t20260813_5893268.html,南京市生态环境局关于2026年8月13日建设项目环境影响评价文件受理情况的公示（六合）,2026年8月13日,六合生态环境局,六合,污水处理设备生产制造项目,六合区雄州街道龙虎营社区后潘路3号,六合,南京蓝莹环境科技有限公司,南京珞石环境科技有限公司,否,发文机关
南京市,https://sthjj.nanjing.gov.cn/ztzl/xzxkhxzzfxxgs/xzxkhzfxxhz/xmhpslqk_68811/,https://sthjj.nanjing.gov.cn/ztzl/xzxkhxzzfxxgs/pcjxxgk/qx/xmhpslqk_68848/202608/t20260812_5892916.html,南京市生态环境局关于2026年8月12日建设项目环境影响评价文件受理情况的公示（栖霞）,2026年8月12日,栖霞生态环境局,栖霞,南京拉姆达医药有限公司生物安全实验室项目,南京市栖霞区纬地路 9 号江苏生命科技创新园 E2幢 409~411 室,栖霞,南京拉姆达医药有限公司,南京源恒环境研究所有限公司,否,发文机关
南京市,https://sthjj.nanjing.gov.cn/ztzl/xzxkhxzzfxxgs/xzxkhzfxxhz/xmhpslqk_68811/,https://sthjj.nanjing.gov.cn/ztzl/xzxkhxzzfxxgs/pcjxxgk/qx/xmhpslqk_68848/202608/t20260812_5892916.html,南京市生态环境局关于2026年8月12日建设项目环境影响评价文件受理情况的公示（栖霞）,2026年8月12日,栖霞生态环境局,栖霞,南京普罗菲秀化工有限公司研发实验室项目,南京市栖霞区仙林大学城纬地路9号（江苏生命科技创新园）D7栋1202室,栖霞,南京普罗菲秀化工有限公司,南京珞石环境科技有限公司,否,发文机关
南京市,https://sthjj.nanjing.gov.cn/ztzl/xzxkhxzzfxxgs/xzxkhzfxxhz/xmhpslqk_68811/,https://sthjj.nanjing.gov.cn/ztzl/xzxkhxzzfxxgs/pcjxxgk/jn/xmhpslqk_68860/202608/t20260810_5891051.html,南京市生态环境局关于2026年8月10日建设项目环境影响评价文件受理情况的公示（江宁）,2026年8月10日,南京市江宁生态环境局,江宁,轻质耐热合金制造基地项目,南京市江宁区高新园帕威尔路6号,江宁,南京市麒麟科技城建设发展有限公司,江苏润环环境科技有限公司,否,发文机关
南京市,https://sthjj.nanjing.gov.cn/ztzl/xzxkhxzzfxxgs/xzxkhzfxxhz/xmhpslqk_68811/,https://sthjj.nanjing.gov.cn/ztzl/xzxkhxzzfxxgs/pcjxxgk/jn/xmhpslqk_68860/202608/t20260810_5891051.html,南京市生态环境局关于2026年8月10日建设项目环境影响评价文件受理情况的公示（江宁）,2026年8月10日,南京市江宁生态环境局,江宁,高性能新型纤维材料生产项目,南京市江宁区江宁街道南山湖工业集中区汤铜路2-2号,江宁,支中环保科技江苏有限公司,南京正星齐环保科技有限公司,否,发文机关
南京市,https://sthjj.nanjing.gov.cn/ztzl/xzxkhxzzfxxgs/xzxkhzfxxhz/xmhpslqk_68811/,https://sthjj.nanjing.gov.cn/ztzl/xzxkhxzzfxxgs/pcjxxgk/ls/xmhpslqk_68878/202608/t20260807_5890686.html,南京市生态环境局关于2026年8月7日建设项目环境影响评价文件受理情况的公示（溧水）,2026年8月7日,南京市溧水生态环境局,溧水,新增备用生物质锅炉项目,南京市溧水区永阳街道幸庄路10号,溧水,南京东亚高新材料有限公司,南京信佣工程咨询有限公司,否,发文机关
南京市,https://sthjj.nanjing.gov.cn/ztzl/xzxkhxzzfxxgs/xzxkhzfxxhz/xmhpslqk_68811/,https://sthjj.nanjing.gov.cn/ztzl/xzxkhxzzfxxgs/pcjxxgk/gc/xmhpslqk_68884/202608/t20260807_5890376.html,南京市生态环境局关于2026年08月07日建设项目环境影响评价文件受理情况的公示（高淳）,2026年08月07日,南京市生态环境局,市本级,医用电子、光纤内窥镜智能制造中心项目（重新报批）,江苏省南京市高淳区经济开发区紫荆大道与古津路交叉口,高淳,南京真彩光纤科技有限公司,南京安心环境科技有限公司,否,项目属地
南京市,https://sthjj.nanjing.gov.cn/ztzl/xzxkhxzzfxxgs/xzxkhzfxxhz/xmhpslqk_68811/,https://sthjj.nanjing.gov.cn/ztzl/xzxkhxzzfxxgs/pcjxxgk/gc/xmhpslqk_68884/202608/t20260807_5890376.html,南京市生态环境局关于2026年08月07日建设项目环境影响评价文件受理情况的公示（高淳）,2026年08月07日,南京市生态环境局,市本级,眼科高端植入器械项目,江苏省南京市高淳区经济开发区医疗器械产业园戴卫西路45号医疗器械标准厂房二期6幢,高淳,明澈生物科技（南京）有限公司,南京瑞轩环保科技有限公司,否,项目属地
南京市,https://sthjj.nanjing.gov.cn/ztzl/xzxkhxzzfxxgs/xzxkhzfxxhz/xmhpslqk_68811/,https://sthjj.nanjing.gov.cn/ztzl/xzxkhxzzfxxgs/pcjxxgk/gc/xmhpslqk_68884/202608/t20260807_5890376.html,南京市生态环境局关于2026年08月07日建设项目环境影响评价文件受理情况的公示（高淳）,2026年08月07日,南京市生态环境局,市本级,LTCC滤波器生产及研发项目,江苏省南京市高淳区固城街道工业园区066号,高淳,南京展研新材料科技有限公司,南京新萌芽环境工程有限公司,否,项目属地
南京市,https://sthjj.nanjing.gov.cn/ztzl/xzxkhxzzfxxgs/xzxkhzfxxhz/xmhpslqk_68811/,https://sthjj.nanjing.gov.cn/ztzl/xzxkhxzzfxxgs/pcjxxgk/jn/xmhpslqk_68860/202608/t20260806_5890011.html,南京市生态环境局关于2026年8月6日建设项目环境影响评价文件受理情况的公示（江宁）,2026年8月6日,南京市江宁生态环境局,江宁,年产60万件家用电器、汽车塑料配件制造项目,南京市江宁区汤山街道鹤龄社区百合村,江宁,南京和峰五金机械有限公司,淮安晓牧环保服务有限公司,否,发文机关
南京市,https://sthjj.nanjing.gov.cn/ztzl/xzxkhxzzfxxgs/xzxkhzfxxhz/xmhpslqk_68811/,https://sthjj.nanjing.gov.cn/ztzl/xzxkhxzzfxxgs/pcjxxgk/jn/xmhpslqk_68860/202608/t20260806_5890011.html,南京市生态环境局关于2026年8月6日建设项目环境影响评价文件受理情况的公示（江宁）,2026年8月6日,南京市江宁生态环境局,江宁,巧克力加工生产项目,南京市江宁区高新园候焦路97号,江宁,南京千言万语食品生产有限公司,南京优安安全技术研究院有限公司,否,发文机关
南京市,https://sthjj.nanjing.gov.cn/ztzl/xzxkhxzzfxxgs/xzxkhzfxxhz/xmhpslqk_68811/,https://sthjj.nanjing.gov.cn/ztzl/xzxkhxzzfxxgs/pcjxxgk/lh/xmhpslqk_68872/202608/t20260806_5889891.html,南京市生态环境局关于2026年8月6日建设项目环境影响评价文件受理情况的公示（六合）,2026年8月6日,六合生态环境局,六合,华能六合区马鞍街道68MW农光互补光伏发电项目,六合区马鞍街道黄赵村,六合,华能（南京六合）新能源开发有限公司,江苏辐环环境科技有限公司,否,发文机关
南京市,https://sthjj.nanjing.gov.cn/ztzl/xzxkhxzzfxxgs/xzxkhzfxxhz/xmhpslqk_68811/,https://sthjj.nanjing.gov.cn/ztzl/xzxkhxzzfxxgs/sjxzxkhzfxx/xmhpslqk_68817/202608/t20260806_5889841.html,2026年08月06日南京市生态环境局受理建设项目环评文件情况公示(辐射)-1,2026年08月06日,南京市生态环境局,市本级,江苏北沿江铁路南京北牵引站配套220千伏供电工程.pdf,南京市浦口区永宁街道、江北新区泰山街道境内,浦口,国网江苏省电力有限公司南京供电分公司,江苏通凯生态科技有限公司,是,业务类别
南京市,https://sthjj.nanjing.gov.cn/ztzl/xzxkhxzzfxxgs/xzxkhzfxxhz/xmhpslqk_68811/,https://sthjj.nanjing.gov.cn/ztzl/xzxkhxzzfxxgs/sjxzxkhzfxx/xmhpslqk_68817/202608/t20260806_5889706.html,2026年08月06日南京市生态环境局受理建设项目环评文件情况公示(辐射),2026年08月06日,南京市生态环境局,市本级,南京华电节能环保股份有限公司扩建移动式X射线探伤项目.pdf,南京市江宁区滨江经济开发区地秀路749号,江宁,南京华电节能环保股份有限公司,江苏睿源环境科技有限公司,是,业务类别
南京市,https://sthjj.nanjing.gov.cn/ztzl/xzxkhxzzfxxgs/xzxkhzfxxhz/xmhpslqk_68811/,https://sthjj.nanjing.gov.cn/ztzl/xzxkhxzzfxxgs/pcjxxgk/lh/xmhpslqk_68872/202608/t20260803_5887821.html,南京市生态环境局关于2026年8月3日建设项目环境影响评价文件受理情况的公示（六合）,2026年8月3日,六合生态环境局,六合,有机液流电池电堆及碱性电解槽生产基地项目,六合区雄州街道神冈路（具体在大雅路以南、省道501以西地块）,六合,青机工业（南京）有限公司,苏交科集团股份有限公司,否,发文机关
南京市,https://sthjj.nanjing.gov.cn/ztzl/xzxkhxzzfxxgs/xzxkhzfxxhz/xmhpslqk_68811/,https://sthjj.nanjing.gov.cn/ztzl/xzxkhxzzfxxgs/pcjxxgk/lh/xmhpslqk_68872/202608/t20260803_5887821.html,南京市生态环境局关于2026年8月3日建设项目环境影响评价文件受理情况的公示（六合）,2026年8月3日,六合生态环境局,六合,大型化工压力容器技改项目,六合区雄州街道瓜埠丰原路8号,六合,南京昊扬化工装备有限公司,江苏翠峰生态环境有限公司,否,发文机关
南京市,https://sthjj.nanjing.gov.cn/ztzl/xzxkhxzzfxxgs/xzxkhzfxxhz/xmhpslqk_68811/,https://sthjj.nanjing.gov.cn/ztzl/xzxkhxzzfxxgs/pcjxxgk/jn/xmhpslqk_68860/202608/t20260803_5887430.html,南京市生态环境局关于2026年8月3日建设项目环境影响评价文件受理情况的公示（江宁）,2026年8月3日,南京市江宁生态环境局,江宁,塑料制品生产扩建项目,南京市江宁区汤山街道上峰镇汤峰路50号,江宁,南京兴佳智造科技有限公司,南京伊环环境科技有限公司,否,发文机关
南京市,https://sthjj.nanjing.gov.cn/ztzl/xzxkhxzzfxxgs/xzxkhzfxxhz/xmhpslqk_68811/,https://sthjj.nanjing.gov.cn/ztzl/xzxkhxzzfxxgs/pcjxxgk/lh/xmhpslqk_68872/202609/t20260903_5904440.html,南京市生态环境局关于2026年9月3日建设项目生态环境影响评价文件受理情况的公示（六合）,2026年9月3日,六合生态环境局,六合,六合非食用植物油分离制品加工项目,六合区横梁街道圩田李村3号,六合,南京宁瑞超生物科技有限公司,江苏润环环境科技有限公司,否,发文机关
南京市,https://sthjj.nanjing.gov.cn/ztzl/xzxkhxzzfxxgs/xzxkhzfxxhz/xmhpslqk_68811/,https://sthjj.nanjing.gov.cn/ztzl/xzxkhxzzfxxgs/pcjxxgk/jn/xmhpslqk_68860/202608/t20260831_5902545.html,南京市生态环境局关于2026年8月31日建设项目环境影响评价文件受理情况的公示（江宁）,2026年8月31日,南京市江宁生态环境局,江宁,保健食品生产项目,南京市江宁区高新园科建路699号,江宁,江苏奥赛康药业有限公司,江苏润环环境科技有限公司,否,发文机关
南京市,https://sthjj.nanjing.gov.cn/ztzl/xzxkhxzzfxxgs/xzxkhzfxxhz/xmhpslqk_68811/,https://sthjj.nanjing.gov.cn/ztzl/xzxkhxzzfxxgs/pcjxxgk/jn/xmhpslqk_68860/202608/t20260831_5902545.html,南京市生态环境局关于2026年8月31日建设项目环境影响评价文件受理情况的公示（江宁）,2026年8月31日,南京市江宁生态环境局,江宁,南京云科信达医学检验实验室项目,南京市江宁区高新园丽泽路99号11栋502室,江宁,南京云科信达生物科技有限公司,南京伊环环境科技有限公司,否,发文机关
南京市,https://sthjj.nanjing.gov.cn/ztzl/xzxkhxzzfxxgs/xzxkhzfxxhz/xmhpslqk_68811/,https://sthjj.nanjing.gov.cn/ztzl/xzxkhxzzfxxgs/pcjxxgk/ls/xmhpslqk_68878/202608/t20260831_5902250.html,南京市生态环境局关于2026年8月31日建设项目生态环境影响评价文件受理情况的公示（溧水）,2026年8月31日,南京市溧水生态环境局,溧水,生物质清洁供热项目（一期）,南京市溧水经济开发区西区新能源大道99号欣旺达二期工厂厂区,溧水,南京欣旺达新能源有限公司,南京信佣工程咨询有限公司,否,发文机关
南京市,https://sthjj.nanjing.gov.cn/ztzl/xzxkhxzzfxxgs/xzxkhzfxxhz/xmhpslqk_68811/,https://sthjj.nanjing.gov.cn/ztzl/xzxkhxzzfxxgs/sjxzxkhzfxx/xmhpslqk_68817/202608/t20260828_5901819.html,南京市生态环境局关于2026年8月28日建设项目生态环境影响评价文件受理情况的公示（市级）,2026年8月28日,南京市生态环境局,市本级,大唐南电H级电厂专线管道工程,南京市栖霞区龙潭街道，起点位于国家管网西气东输龙潭分输站，终点位于大唐南京电厂收球区,栖霞,江苏省天然气有限公司,南京苏发工程咨询有限公司,否,层级
南京市,https://sthjj.nanjing.gov.cn/ztzl/xzxkhxzzfxxgs/xzxkhzfxxhz/xmhpslqk_68811/,https://sthjj.nanjing.gov.cn/ztzl/xzxkhxzzfxxgs/sjxzxkhzfxx/xmhpslqk_68817/202608/t20260828_5901819.html,南京市生态环境局关于2026年8月28日建设项目生态环境影响评价文件受理情况的公示（市级）,2026年8月28日,南京市生态环境局,市本级,六合区年产16万头生猪食品加工建设项目,南京市六合区横梁工业区（环镇东路以西、滕营路以北地块）,六合,江苏诚牧食品有限公司,江苏润环环境科技有限公司,否,层级
南京市,https://sthjj.nanjing.gov.cn/ztzl/xzxkhxzzfxxgs/xzxkhzfxxhz/xmhpslqk_68811/,https://sthjj.nanjing.gov.cn/ztzl/xzxkhxzzfxxgs/pcjxxgk/jn/xmhpslqk_68860/202608/t20260828_5901366.html,南京市生态环境局关于2026年8月28日建设项目环境影响评价文件受理情况的公示（江宁）,2026年8月28日,南京市江宁生态环境局,江宁,新能源汽车热管理系统生产项目,江苏省南京市江宁区汤山街道上峰片区腾达路以西、扬帆路以北,江宁,南京百灵汽车电气机械有限公司,南京国环科技股份有限公司,否,发文机关
南京市,https://sthjj.nanjing.gov.cn/ztzl/xzxkhxzzfxxgs/xzxkhzfxxhz/xmhpslqk_68811/,https://sthjj.nanjing.gov.cn/ztzl/xzxkhxzzfxxgs/pcjxxgk/jn/xmhpslqk_68860/202608/t20260828_5901366.html,南京市生态环境局关于2026年8月28日建设项目环境影响评价文件受理情况的公示（江宁）,2026年8月28日,南京市江宁生态环境局,江宁,合成生物制品研发项目,江苏省南京市江宁区芝兰路18号3栋3层,江宁,南京博辉合生科技有限公司,江苏润环环境科技有限公司,否,发文机关
南京市,https://sthjj.nanjing.gov.cn/ztzl/xzxkhxzzfxxgs/xzxkhzfxxhz/xmhpslqk_68811/,https://sthjj.nanjing.gov.cn/ztzl/xzxkhxzzfxxgs/pcjxxgk/gc/xmhpslqk_68884/202608/t20260828_5900913.html,南京市生态环境局关于2026年8月28日建设项目生态环境影响评价文件受理情况的公示（高淳）,2026年8月28日,南京市生态环境局,市本级,AOC线束生产基地项目,江苏省南京市高淳区经济开发区医疗器械三期标准厂房2幢一至四层,高淳,南京汇光智能科技有限公司,南京安心环境科技有限公司,否,项目属地
南京市,https://sthjj.nanjing.gov.cn/ztzl/xzxkhxzzfxxgs/xzxkhzfxxhz/xmhpslqk_68811/,https://sthjj.nanjing.gov.cn/ztzl/xzxkhxzzfxxgs/pcjxxgk/gc/xmhpslqk_68884/202608/t20260828_5900913.html,南京市生态环境局关于2026年8月28日建设项目生态环境影响评价文件受理情况的公示（高淳）,2026年8月28日,南京市生态环境局,市本级,玻璃纤维和碳纤维复合材料制品研发生产技术改造项目,江苏省南京市高淳经济开发区秀山路59-1号,高淳,南京赫普瑞新材料科技有限公司,南京朗泽环保科技有限公司,否,项目属地
南京市,https://sthjj.nanjing.gov.cn/ztzl/xzxkhxzzfxxgs/xzxkhzfxxhz/xmhpslqk_68811/,https://sthjj.nanjing.gov.cn/ztzl/xzxkhxzzfxxgs/pcjxxgk/qh/xmhpslqk_68830/202608/t20260827_5900378.html,南京市生态环境局关于2026年8月27日建设项目生态环境影响评价文件受理情况的公示（秦淮）,2026年8月27日,南京市秦淮生态环境局,秦淮,秦淮区内秦淮河流域排水防涝综合治理工程,南京市秦淮区，涉及内秦淮河流域排涝泵站（红旗泵站、清水塘雨污水泵站、友谊河雨水泵站）、果园河、翁家营河、果园东沟、十字河，以及建邺路片区、建康路片区及长乐路片区的建邺路等9条市政道路。,秦淮,南京安城建设集团有限公司,江苏润环环境科技有限公司,否,发文机关
南京市,https://sthjj.nanjing.gov.cn/ztzl/xzxkhxzzfxxgs/xzxkhzfxxhz/xmhpslqk_68811/,https://sthjj.nanjing.gov.cn/ztzl/xzxkhxzzfxxgs/sjxzxkhzfxx/xmhpslqk_68817/202608/t20260826_5899986.html,2026年08月26日南京市生态环境局受理建设项目环评文件情况公示(辐射),2026年08月26日,南京市生态环境局,市本级,江苏睿特检验检测有限公司新建移动式X射线探伤项目.pdf,探伤地点：客户厂区内 探伤机贮存场所：南京市江北新区园思路1号江苏膜科技产业园厂区内一楼储存室,江北新区,江苏睿特检验检测有限公司,江苏玖清玖蓝环保科技有限公司,是,业务类别
南京市,https://sthjj.nanjing.gov.cn/ztzl/xzxkhxzzfxxgs/xzxkhzfxxhz/xmhpslqk_68811/,https://sthjj.nanjing.gov.cn/ztzl/xzxkhxzzfxxgs/sjxzxkhzfxx/xmhpslqk_68817/202608/t20260826_5899986.html,2026年08月26日南京市生态环境局受理建设项目环评文件情况公示(辐射),2026年08月26日,南京市生态环境局,市本级,深海智慧检测（南京）有限公司新建移动式X射线探伤项目.pdf,移动探伤现场（客户厂区内及野外探伤现场） （探伤机贮存场所：南京市江宁区江宁滨江开发区地秀路757号厂区内一楼探伤机储存室）,江宁,深海智慧检测（南京）有限公司,江苏玖清玖蓝环保科技有限公司,是,业务类别
南京市,https://sthjj.nanjing.gov.cn/ztzl/xzxkhxzzfxxgs/xzxkhzfxxhz/xmhpslqk_68811/,https://sthjj.nanjing.gov.cn/ztzl/xzxkhxzzfxxgs/sjxzxkhzfxx/xmhpslqk_68817/202608/t20260826_5899986.html,2026年08月26日南京市生态环境局受理建设项目环评文件情况公示(辐射),2026年08月26日,南京市生态环境局,市本级,中科方寸知微（南京）科技有限公司新建移动式X射线探伤项目.pdf,移动探伤现场（主要为客户单位野外输电线路沿线） （探伤机贮存场所：南京市江宁区创研路266号麒麟人工智能产业园A区6号楼1层储藏室）,江宁,中科方寸知微（南京）科技有限公司,江苏玖清玖蓝环保科技有限公司,是,业务类别
南京市,https://sthjj.nanjing.gov.cn/ztzl/xzxkhxzzfxxgs/xzxkhzfxxhz/xmhpslqk_68811/,https://sthjj.nanjing.gov.cn/ztzl/xzxkhxzzfxxgs/pcjxxgk/gc/xmhpslqk_68884/202608/t20260825_5899272.html,南京市生态环境局关于2026年08月25日建设项目环境影响评价文件受理情况的公示（高淳）,2026年08月25日,南京市生态环境局,市本级,新能源汽车底盘件及电池盒研发制造项目,江苏省南京市高淳经济开发区凤山路5-15号,高淳,智联汽车科技（南京）有限公司,南京新萌芽环境工程有限公司,否,项目属地
南京市,https://sthjj.nanjing.gov.cn/ztzl/xzxkhxzzfxxgs/xzxkhzfxxhz/xmhpslqk_68811/,https://sthjj.nanjing.gov.cn/ztzl/xzxkhxzzfxxgs/pcjxxgk/ls/xmhpslqk_68878/202608/t20260825_5899239.html,南京市生态环境局关于2026年8月25日建设项目生态环境影响评价文件受理情况的公示（溧水）,2026年8月25日,南京市溧水生态环境局,溧水,年产12亿粒软胶囊保健食品及12亿粒凝胶糖果生产线扩建项目,南京市溧水区永阳街道工业集中区分龙岗东路301号,溧水,江苏汉典健康科技有限公司,南京信佣工程咨询有限公司,否,发文机关
南京市,https://sthjj.nanjing.gov.cn/ztzl/xzxkhxzzfxxgs/xzxkhzfxxhz/xmhpslqk_68811/,https://sthjj.nanjing.gov.cn/ztzl/xzxkhxzzfxxgs/pcjxxgk/lh/xmhpslqk_68872/202608/t20260824_5898525.html,南京市生态环境局关于2026年8月24日建设项目生态环境影响评价文件受理情况的公示（六合）,2026年8月24日,六合生态环境局,六合,年产400吨硅微粉无机增强材料生产项目,六合区龙池街道槽枋路36号,六合,韧科新材料科技（南京）有限公司,淮安晓牧环保服务有限公司,否,发文机关
南京市,https://sthjj.nanjing.gov.cn/ztzl/xzxkhxzzfxxgs/xzxkhzfxxhz/xmhpslqk_68811/,https://sthjj.nanjing.gov.cn/ztzl/xzxkhxzzfxxgs/pcjxxgk/jn/xmhpslqk_68860/202608/t20260821_5897357.html,南京市生态环境局关于2026年8月21日建设项目环境影响评价文件受理情况的公示（江宁）,2026年8月21日,南京市江宁生态环境局,江宁,金属加工及理化检测项目,江苏省南京市江宁滨江经济开发区地秀路757号,江宁,深海智慧检测（南京）有限公司,南京伊环环境科技有限公司,否,发文机关
南京市,https://sthjj.nanjing.gov.cn/ztzl/xzxkhxzzfxxgs/xzxkhzfxxhz/xmhpslqk_68811/,https://sthjj.nanjing.gov.cn/ztzl/xzxkhxzzfxxgs/sjxzxkhzfxx/xmhpslqk_68817/202608/t20260820_5897066.html,2026年08月20日南京市生态环境局受理建设项目环评文件情况公示(辐射),2026年08月20日,南京市生态环境局,市本级,江苏景祐电力科技有限公司新建移动式X射线探伤项目.pdf,江苏省南京市高淳区慢安路6号桠溪国际慢城小镇7幢103室,高淳,江苏景祐电力科技有限公司,江苏睿源环境科技有限公司,是,业务类别
南京市,https://sthjj.nanjing.gov.cn/ztzl/xzxkhxzzfxxgs/xzxkhzfxxhz/xmhpslqk_68811/,https://sthjj.nanjing.gov.cn/ztzl/xzxkhxzzfxxgs/pcjxxgk/lh/xmhpslqk_68872/202608/t20260820_5896984.html,2026年8月20日南京市六合生态环境局受理建设项目环评文件情况公示（六合区）,2026年8月20日,六合生态环境局,六合,六合经济开发区新能源汽车零部件研发、生产基地110千伏变电站配套基础设施工程,南京市六合区龙池街道和雄州街道,六合,南京六合经济技术开发集团有限公司,,否,发文机关
南京市,https://sthjj.nanjing.gov.cn/ztzl/xzxkhxzzfxxgs/xzxkhzfxxhz/xmhpslqk_68811/,https://sthjj.nanjing.gov.cn/ztzl/xzxkhxzzfxxgs/pcjxxgk/jn/xmhpslqk_68860/202608/t20260820_5896587.html,南京市生态环境局关于2026年8月20日建设项目环境影响评价文件受理情况的公示（江宁）,2026年8月20日,南京市江宁生态环境局,江宁,医药研发项目,江苏省南京市江宁区乾德路6号创新中心2楼,江宁,格锐馨（南京）生物研发有限公司,江苏润环环境科技有限公司,否,发文机关
常州市,https://sthjj.changzhou.gov.cn/class/ALFJELKI,https://sthjj.changzhou.gov.cn/html/hbj/2026/ALFJELKI_0918/27976.html,关于2026年9月18日建设项目生态环境影响评价文件受理情况的公示,2026年9月18日,常州市生态环境局,市本级,危险废物综合利用技改扩建项目 公众参与说明,经开区,本级开发区,常州永盈环保科技有限公司,江苏蓝联环境科技有限公司,否,无
常州市,https://sthjj.changzhou.gov.cn/class/ALFJELKI,https://sthjj.changzhou.gov.cn/html/hbj/2026/ALFJELKI_0911/27964.html,关于2026年9月11日建设项目生态环境影响评价文件受理情况的公示,2026年9月11日,常州市生态环境局,市本级,南渡再生水厂扩建工程 公众参与说明,溧阳,溧阳,溧阳市水利局,世科生态环境科技（苏州）有限公司,否,无
常州市,https://sthjj.changzhou.gov.cn/class/ALFJELKI,https://sthjj.changzhou.gov.cn/html/hbj/2026/ALFJELKI_0910/27957.html,关于2026年9月10日建设项目生态环境影响评价文件受理情况的公示,2026年9月10日,常州市生态环境局,市本级,汽车智能座舱配套零件及智慧车灯生产项目 公众参与说明,溧阳,溧阳,江苏恒勃凯正汽车电子有限公司,江苏龙环环境 科技有限公司,否,无
常州市,https://sthjj.changzhou.gov.cn/class/ALFJELKI,https://sthjj.changzhou.gov.cn/html/hbj/2026/ALFJELKI_0910/27957.html,关于2026年9月10日建设项目生态环境影响评价文件受理情况的公示,2026年9月10日,常州市生态环境局,市本级,铸锻件技改提升项目 公众参与说明,金坛,金坛,江苏群达机械科技有限公司,江苏龙环环境 科技有限公司,否,无
常州市,https://sthjj.changzhou.gov.cn/class/ALFJELKI,https://sthjj.changzhou.gov.cn/html/hbj/2026/ALFJELKI_0901/27942.html,关于2026年9月1日建设项目生态环境影响评价文件受理情况的公示,2026年9月1日,常州市生态环境局,市本级,电子专用材料及助剂项目 公众参与说明,经开区,本级开发区,常州高特新材料股份有限公司,江苏蓝联环境科技有限公司,否,无
常州市,https://sthjj.changzhou.gov.cn/class/ALFJELKI,https://sthjj.changzhou.gov.cn/html/hbj/2026/ALFJELKI_0824/27935.html,关于2026年8月24日建设项目生态环境影响报告受理情况的公示,2026年8月24日,常州市生态环境局,市本级,铝制品、锂电池、电池壳体生产项目 公众参与说明,金坛,金坛,江苏双忆铝 业有限公司,江苏中成环境 工程有限公司,否,无
常州市,https://sthjj.changzhou.gov.cn/class/ALFJELKI,https://sthjj.changzhou.gov.cn/html/hbj/2026/ALFJELKI_0824/27935.html,关于2026年8月24日建设项目生态环境影响报告受理情况的公示,2026年8月24日,常州市生态环境局,市本级,年产7万吨超宽幅薄壁扁挤压型材及其深加工产品技改项目 公众参与说明,金坛,金坛,永臻科技股 份有限公司,江苏中成环境 工程有限公司,否,无
常州市,https://sthjj.changzhou.gov.cn/class/ALFJELKI,https://sthjj.changzhou.gov.cn/html/hbj/2026/ALFJELKI_0804/27884.html,关于2026年8月4日建设项目环境影响评价文件受理情况的公示,2026年8月4日,常州市生态环境局,市本级,年产4000万平方米功能性涂层材料产业化项目 公众参与说明,武进区,武进,常州共跃星辰新材料科技有限公司,江苏龙环环境科技有限公司,否,无
常州市,https://sthjj.changzhou.gov.cn/class/ALFJELKI,https://sthjj.changzhou.gov.cn/html/hbj/2026/ALFJELKI_0720/27851.html,关于2026年7月20日建设项目环境影响评价文件受理情况的公示,2026年7月20日,常州市生态环境局,市本级,青洋路（老342省道－宜兴界）工程项目 公众参与说明,武进区,武进,常州市武进区公路事业发展中心,江苏常环环境科技有限公司,否,无
常州市,https://sthjj.changzhou.gov.cn/class/ALFJELKI,https://sthjj.changzhou.gov.cn/html/hbj/2026/ALFJELKI_0720/27851.html,关于2026年7月20日建设项目环境影响评价文件受理情况的公示,2026年7月20日,常州市生态环境局,市本级,新能源汽车驱动电机及其核心零部件研发、生产项目 公众参与说明,武进区,武进,常州铭纳阳动力科技有限责任公司,常州武环环保咨询服务有限公司,否,无
常州市,https://sthjj.changzhou.gov.cn/class/ALFJELKI,https://sthjj.changzhou.gov.cn/html/hbj/2026/ALFJELKI_0717/27847.html,关于2026年7月17日建设项目环境影响评价文件受理情况的公示,2026年7月17日,常州市生态环境局,市本级,新建年产1500万㎡高性能汽车保护膜项目 公众参与说明,金坛,金坛,江苏科辉薄膜科技有限公司,南京昊晟环保科技有限公司,否,无
常州市,https://sthjj.changzhou.gov.cn/class/ALFJELKI,https://sthjj.changzhou.gov.cn/html/hbj/2026/ALFJELKI_0717/27847.html,关于2026年7月17日建设项目环境影响评价文件受理情况的公示,2026年7月17日,常州市生态环境局,市本级,船用水系统设备制造扩建项目 公众参与说明,天宁,天宁,常州耐普德新能 源科技有限公司,常州龙博环境科技有限公司,否,无
常州市,https://sthjj.changzhou.gov.cn/class/ALFJELKI,https://sthjj.changzhou.gov.cn/html/hbj/2026/ALFJELKI_0612/27762.html,关于2026年6月12日建设项目环境影响评价文件受理情况的公示,2026年6月12日,常州市生态环境局,市本级,常州港华高压 A 系统提升工程,新北区、天宁区,天宁,常州港华燃 气有限公司,江苏天衍环境 科技有限公司,否,无
常州市,https://sthjj.changzhou.gov.cn/class/ALFJELKI,https://sthjj.changzhou.gov.cn/html/hbj/2026/ALFJELKI_0605/27743.html,关于2026年6月5日建设项目环境影响评价文件受理情况的公示,2026年6月5日,常州市生态环境局,市本级,滆湖近岸带水生态修复工程（滆湖环湖大堤建设项目） 公众参与说明,武进区,武进,江苏恒源生态文化旅游发展有限公司,常州市常武常瑞环境科技有限公司,否,无
常州市,https://sthjj.changzhou.gov.cn/class/ALFJELKI,https://sthjj.changzhou.gov.cn/html/hbj/2026/ALFJELKI_0604/27736.html,关于2026年6月4日建设项目环境影响评价文件受理情况的公示,2026年6月4日,常州市生态环境局,市本级,年产100吨半导体先进封装用途感光性聚酰亚胺（PSPI）光刻胶项目 公众参与说明,天宁区,天宁,常州强力先端电子材料有限公司,江苏龙环环境科技有限公司,否,无
常州市,https://sthjj.changzhou.gov.cn/class/ALFJELKI,https://sthjj.changzhou.gov.cn/html/hbj/2026/ALFJELKI_0601/27720.html,关于2026年6月1日建设项目环境影响评价文件受理情况的公示,2026年6月1日,常州市生态环境局,市本级,聚酯粉末涂料生产装置技术改造项目,新北区,新北,阿克苏诺贝尔功能涂料（常州）有限公司,江苏龙环环境科技有限公司,否,无
常州市,https://sthjj.changzhou.gov.cn/class/ALFJELKI,https://sthjj.changzhou.gov.cn/html/hbj/2026/ALFJELKI_0601/27720.html,关于2026年6月1日建设项目环境影响评价文件受理情况的公示,2026年6月1日,常州市生态环境局,市本级,年产3500吨高性能水性涂料和500吨水性色浆改扩建项目,新北区,新北,阿克苏诺贝尔功能涂料（常州）有限公司,江苏龙环环境科技有限公司,否,无
常州市,https://sthjj.changzhou.gov.cn/class/ALFJELKI,https://sthjj.changzhou.gov.cn/html/hbj/2026/ALFJELKI_0528/27714.html,关于2026年5月28日建设项目环境影响评价文件受理情况的公示,2026年5月28日,常州市生态环境局,市本级,美学家居空间总部基地项目 公众参与说明,经开区,本级开发区,江苏维意乐昇新材料科技有限公司,江苏蓝联环境科技有限公司,否,无
常州市,https://sthjj.changzhou.gov.cn/class/ALFJELKI,https://sthjj.changzhou.gov.cn/html/hbj/2026/ALFJELKI_0519/27695.html,关于2026年5月19日建设项目环境影响评价文件受理情况的公示,2026年5月19日,常州市生态环境局,市本级,年产75万台电动化驱动系统电机定转子总成项目 公众参与说明,武进区,武进,索恩格电动科技（常州）有限公司,常州市泽润环保服务有限公司,否,无
常州市,https://sthjj.changzhou.gov.cn/class/ALFJELKI,https://sthjj.changzhou.gov.cn/html/hbj/2026/ALFJELKI_0509/27674.html,关于2026年5月9日建设项目环境影响评价文件受理情况的公示,2026年5月9日,常州市生态环境局,市本级,废旧船舶拆除项目 公众参与说明,经开区,本级开发区,常州市宝江炉料加工有限公司,常州观复环境科技有限公司,否,无
常州市,https://sthjj.changzhou.gov.cn/class/ALFJELKI,https://sthjj.changzhou.gov.cn/html/hbj/2026/ALFJELKI_0423/27638.html,关于2026年4月23日建设项目环境影响评价文件受理情况的公示,2026年4月23日,常州市生态环境局,市本级,7万吨工业废弃物回收再生利用及余热利用技术改造项目 公众参与说明,经开区,本级开发区,常州永葆绿能环境有限公司,常州赛蓝环保科技有限公司,否,无
常州市,https://sthjj.changzhou.gov.cn/class/ALFJELKI,https://sthjj.changzhou.gov.cn/html/hbj/2026/ALFJELKI_0420/27626.html,关于2026年4月20日建设项目环境影响评价文件受理情况的公示,2026年4月20日,常州市生态环境局,市本级,年新增120万套新能源汽车核心零部件项目 公众参与说明,武进区,武进,汇川新能源汽车技术（常州）有限公司,常州久翔环境科技有限公司,否,无
常州市,https://sthjj.changzhou.gov.cn/class/ALFJELKI,https://sthjj.changzhou.gov.cn/html/hbj/2026/ALFJELKI_0417/27621.html,关于2026年4月17日建设项目环境影响评价文件受理情况的公示,2026年4月17日,常州市生态环境局,市本级,新建年产24万吨高性能锂电池正极材料（磷酸铁锂）项目 公众参与说明,金坛,金坛,锂源（江苏）科技有限公司,江苏龙环环境科技 有限公司,否,无
常州市,https://sthjj.changzhou.gov.cn/class/ALFJELKI,https://sthjj.changzhou.gov.cn/html/hbj/2026/ALFJELKI_0414/27618.html,关于2026年4月14日建设项目环境影响评价文件受理情况的公示,2026年4月14日,常州市生态环境局,市本级,常州市金坛区工业污水处理厂工艺效能提升技改项目 公众参与说明,金坛,金坛,常州江东环境 科技有限公司,江苏龙环环境科技 有限公司,否,无
常州市,https://sthjj.changzhou.gov.cn/class/ALFJELKI,https://sthjj.changzhou.gov.cn/html/hbj/2026/ALFJELKI_0413/27616.html,关于2026年4月13日建设项目环境影响评价文件受理情况的公示,2026年4月13日,常州市生态环境局,市本级,新能源汽车高端零部件产业基地项目 公众参与说明,武进区,武进,索恩格电动科技（常州）有限公司,江苏龙环环境科技有限公司,否,无
常州市,https://sthjj.changzhou.gov.cn/class/ALFJELKI,https://sthjj.changzhou.gov.cn/html/hbj/2026/ALFJELKI_0413/27616.html,关于2026年4月13日建设项目环境影响评价文件受理情况的公示,2026年4月13日,常州市生态环境局,市本级,年产12万辆纯电动乘用车扩能项目 公众参与说明,武进区,武进,北京理想汽车有限公司常州分公司,江苏省环境工程技术有限公司,否,无
常州市,https://sthjj.changzhou.gov.cn/class/ALFJELKI,https://sthjj.changzhou.gov.cn/html/hbj/2026/ALFJELKI_0408/27602.html,关于2026年4月8日建设项目环境影响评价文件受理情况的公示,2026年4月8日,常州市生态环境局,市本级,新建年产60万套电动车塑件、20万套汽车塑件、2万套低空飞行器塑件项目 公众参与说明,金坛,金坛,江苏淄铭智能制造有限公司,江苏龙环环境科技有限公司,否,无
常州市,https://sthjj.changzhou.gov.cn/class/ALFJELKI,https://sthjj.changzhou.gov.cn/html/hbj/2026/ALFJELKI_0408/27602.html,关于2026年4月8日建设项目环境影响评价文件受理情况的公示,2026年4月8日,常州市生态环境局,市本级,新建年产80万平方米新能源汽车铝单板项目 公众参与说明,金坛,金坛,江苏桓航新材料有限公司,江苏龙环环境科技有限公司,否,无
常州市,https://sthjj.changzhou.gov.cn/class/ALFJELKI,https://sthjj.changzhou.gov.cn/html/hbj/2026/ALFJELKI_0403/27591.html,关于2026年4月3日建设项目环境影响评价文件受理情况的公示,2026年4月3日,常州市生态环境局,市本级,12000吨/年绝缘漆智能化改造项目 公众参与说明,钟楼区,钟楼,艾维特电气绝缘材料（常州）有限公司,江苏龙环环境科技有限公司,否,无
常州市,https://sthjj.changzhou.gov.cn/class/ALFJELKI,https://sthjj.changzhou.gov.cn/html/hbj/2026/ALFJELKI_0324/27573.html,关于2026年3月24日建设项目环境影响评价文件受理情况的公示,2026年3月24日,常州市生态环境局,市本级,先进封装用电子材料生产技改项目 公众参与说明,经开区,本级开发区,江苏龙东新材料有限公司,江苏蓝联环境科技有限公司,否,无
常州市,https://sthjj.changzhou.gov.cn/class/ALFJELKI,https://sthjj.changzhou.gov.cn/html/hbj/2026/ALFJELKI_0309/27536.html,关于2026年3月9日建设项目环境影响评价文件受理情况的公示,2026年3月9日,常州市生态环境局,市本级,新建高档塑料彩膜包装材料及新型环保装饰材料印刷项目 公众参与说明,经开区,本级开发区,常州市嘉恒新材料科技有限公司,江苏蓝联环境科技有限公司,否,无
常州市,https://sthjj.changzhou.gov.cn/class/ALFJELKI,https://sthjj.changzhou.gov.cn/html/hbj/2026/ALFJELKI_0309/27536.html,关于2026年3月9日建设项目环境影响评价文件受理情况的公示,2026年3月9日,常州市生态环境局,市本级,防风卷帘、百叶窗及铝合金凉亭迁建项目 公众参与说明,经开区,本级开发区,常州奥特百叶窗有限公司,江苏天衍环境科技有限公司,否,无
常州市,https://sthjj.changzhou.gov.cn/class/ALFJELKI,https://sthjj.changzhou.gov.cn/html/hbj/2026/ALFJELKI_0211/27486.html,关于2026年2月11日建设项目环境影响评价文件受理情况的公示,2026年2月11日,常州市生态环境局,市本级,年产12万台新型海工系列减速机项目 公众参与说明,武进区,武进,江苏国茂减速机股份有限公司,江苏龙环环境科技有限公司,否,无
常州市,https://sthjj.changzhou.gov.cn/class/ALFJELKI,https://sthjj.changzhou.gov.cn/html/hbj/2026/ALFJELKI_0211/27486.html,关于2026年2月11日建设项目环境影响评价文件受理情况的公示,2026年2月11日,常州市生态环境局,市本级,高效永磁节能驱动系统及配套装置的研发和产业化项目 公众参与说明,武进区,武进,江苏嘉轩智能工业科技股份有限公司,江苏龙环环境科技有限公司,否,无
常州市,https://sthjj.changzhou.gov.cn/class/ALFJELKI,https://sthjj.changzhou.gov.cn/html/hbj/2026/ALFJELKI_0211/27486.html,关于2026年2月11日建设项目环境影响评价文件受理情况的公示,2026年2月11日,常州市生态环境局,市本级,高性能焊丝智能化技术改造项目 公众参与说明,经开区,本级开发区,哈焊所华通（常州）焊业股份有限公司,江苏佳鼎生态环境科技有限公司,否,无
常州市,https://sthjj.changzhou.gov.cn/class/ALFJELKI,https://sthjj.changzhou.gov.cn/html/hbj/2026/ALFJELKI_0210/27483.html,关于2026年2月10日建设项目环境影响评价文件受理情况的公示,2026年2月10日,常州市生态环境局,市本级,全钒液流电池钒电解液生产项目 公众参与说明,溧阳,溧阳,江苏金隆新材料有限公司,常州华诺环保科技有限公司,否,无
常州市,https://sthjj.changzhou.gov.cn/class/ALFJELKI,https://sthjj.changzhou.gov.cn/html/hbj/2026/ALFJELKI_0206/27474.html,关于2026年2月6日建设项目环境影响评价文件受理情况的公示,2026年2月6日,常州市生态环境局,市本级,新建年产铝制轻量化材料80万平方米和太空舱20套项目 公众参与说明,金坛,金坛,江苏聚赢铝业有限公司,江苏龙环环境科技有限公司,否,无
常州市,https://sthjj.changzhou.gov.cn/class/ALFJELKI,https://sthjj.changzhou.gov.cn/html/hbj/2026/ALFJELKI_0206/27474.html,关于2026年2月6日建设项目环境影响评价文件受理情况的公示,2026年2月6日,常州市生态环境局,市本级,新建年产1300万枚气体发生器和3700万枚小型气体发生器项目 公众参与说明,金坛,金坛,奥托立夫（江苏）汽车安全零部件有限公司,江苏龙环环境科技有限公司,否,无
常州市,https://sthjj.changzhou.gov.cn/class/ALFJELKI,https://sthjj.changzhou.gov.cn/html/hbj/2026/ALFJELKI_0202/27461.html,关于2026年2月2日建设项目环境影响评价文件受理情况的公示,2026年2月2日,常州市生态环境局,市本级,年产船舶零部件4万套项目 公众参与说明,金坛,金坛,美诵（常州）流体控制系统有限公司,常州龙博环境科技有限公司,否,无
常州市,https://sthjj.changzhou.gov.cn/class/ALFJELKI,https://sthjj.changzhou.gov.cn/html/hbj/2026/ALFJELKI_0130/27456.html,关于2026年1月30日建设项目环境影响评价文件受理情况的公示,2026年1月30日,常州市生态环境局,市本级,扩建机械设备生产项目 公众参与说明,钟楼,钟楼,冈本工机（常州）有限公司,常州龙博环境科技有限公司,否,无
常州市,https://sthjj.changzhou.gov.cn/class/ALFJELKI,https://sthjj.changzhou.gov.cn/html/hbj/2026/ALFJELKI_0129/27453.html,关于2026年1月29日建设项目环境影响评价文件受理情况的公示,2026年1月29日,常州市生态环境局,市本级,多肽专用化学品技改项目 公众参与说明,新北区,新北,常州吉恩药业有限公司,江苏龙环环境科技有限公司,否,无
常州市,https://sthjj.changzhou.gov.cn/class/ALFJELKI,https://sthjj.changzhou.gov.cn/html/hbj/2026/ALFJELKI_0129/27453.html,关于2026年1月29日建设项目环境影响评价文件受理情况的公示,2026年1月29日,常州市生态环境局,市本级,年产36000片6英寸氧化镓晶圆项目 公众参与说明,武进区,武进,镓国科技（常州）有限责任公司,江苏龙环环境科技有限公司,否,无
常州市,https://sthjj.changzhou.gov.cn/class/ALFJELKI,https://sthjj.changzhou.gov.cn/html/hbj/2026/ALFJELKI_0116/27430.html,关于2026年1月16日建设项目环境影响评价文件受理情况的公示,2026年1月16日,常州市生态环境局,市本级,高速率激光器芯片技改项目 公众参与说明,金坛,金坛,江苏索尔思通信 科技有限公司,江苏佳鼎生态环境 科技有限公司,否,无
常州市,https://sthjj.changzhou.gov.cn/class/ALFJELKI,https://sthjj.changzhou.gov.cn/html/hbj/2026/ALFJELKI_0107/27407.html,关于2026年1月7日建设项目环境影响评价文件受理情况的公示,2026年1月7日,常州市生态环境局,市本级,绿色环保托盘项目 公众参与说明,溧阳,溧阳,江苏永昶资源开发有限公司,溧阳市天益环境科技有限公司,否,无
镇江市,https://sthj.zhenjiang.gov.cn/sthj/slqkgs/xxgk_list.shtml,https://sthj.zhenjiang.gov.cn/sthj/slqkgs/202609/a20a6a8848874db5bb1bfa72dbc66b81.shtml,生态环境影响评价文件受理情况公示--江苏润祥高桥港务有限公司新增经营作业品种项目（报告书）,,镇江市生态环境局,市本级,江苏润祥高桥港务有限公司新增经营作业品种项目,镇江港高桥港区三益桥作业区（镇江市高桥镇），江苏润祥高桥港务有限公司现有码头和仓储区,港高桥港区,江苏润祥高桥港务有限公司,南京国环科技股份有限公司,否,文件类型
镇江市,https://sthj.zhenjiang.gov.cn/sthj/slqkgs/xxgk_list.shtml,https://sthj.zhenjiang.gov.cn/sthj/slqkgs/202609/c2705b7898aa436788f46eb099e08feb.shtml,辐射项目环境影响评价文件受理情况公示——江苏苏洋船舶工程有限公司新建移动式X射线探伤项目（报告表）,,镇江市生态环境局,市本级,江苏苏洋船舶工程有限公司新建移动式X射线探伤项目,扬中市西来桥镇,扬中,江苏苏洋船舶工程有限公司,江苏玖清玖蓝环保科技有限公司,是,业务类别
镇江市,https://sthj.zhenjiang.gov.cn/sthj/slqkgs/xxgk_list.shtml,https://sthj.zhenjiang.gov.cn/sthj/slqkgs/202609/2e03f9312ec44dae98bae73748bf776b.shtml,生态环境影响评价文件受理情况公示--镇江益海食品有限公司可可粉加工厂项目（报告表）,,镇江市生态环境局,市本级,可可粉加工厂项目,镇江市丹徒区谷阳大道39号,丹徒,镇江益海食品有限公司,镇江美标环境科学研究有限公司,否,文件类型
镇江市,https://sthj.zhenjiang.gov.cn/sthj/slqkgs/xxgk_list.shtml,https://sthj.zhenjiang.gov.cn/sthj/slqkgs/202609/0e123aebee9b472dbe7d2971a76a2cde.shtml,生态环境影响评价文件受理情况公示--镇江市迈新网业有限公司年产16万件防航拍伪装网、遮阳帘、防虫网、窗帘网项目（报告表）,,镇江市生态环境局,市本级,年产16万件防航拍伪装网、遮阳帘、防虫网、窗帘网项目,镇江市丹徒区宝堰镇曲阳路8号11幢101室,丹徒,镇江市迈新网业有限公司,镇江康源环保科技有限公司,否,文件类型
镇江市,https://sthj.zhenjiang.gov.cn/sthj/slqkgs/xxgk_list.shtml,https://sthj.zhenjiang.gov.cn/sthj/slqkgs/202609/569dba51c7244b91b00cecd5cc091738.shtml,生态环境影响评价文件受理情况公示--建华科创园（江苏）有限公司建华科创园公司工程建设领域高性能复合材料建设项目（一期）（报告表）,,镇江市生态环境局,市本级,建华科创园公司工程建设领域高性能复合材料建设项目（一期）,江苏省镇江市丹徒区高资镇丹徒经济开发区黄瓜跳路以南,丹徒,建华科创园（江苏）有限公司,江苏诚德安全环境科技有限公司,否,文件类型
镇江市,https://sthj.zhenjiang.gov.cn/sthj/slqkgs/xxgk_list.shtml,https://sthj.zhenjiang.gov.cn/sthj/slqkgs/202609/d85dac97c05c46d7a593eafb39ab6b74.shtml,辐射项目环境影响评价文件受理情况公示——镇江海螺水泥有限责任公司新建110kV总降变电站及输电线路工程（报告表）,,镇江市生态环境局,市本级,新建110kV总降变电站及输电线路工程,镇江市丹徒区高资街道,丹徒,镇江海螺水泥有限责任公司,南京瑞森辐射技术有限公司,是,业务类别
镇江市,https://sthj.zhenjiang.gov.cn/sthj/slqkgs/xxgk_list.shtml,https://sthj.zhenjiang.gov.cn/sthj/slqkgs/202609/2924dad8659c43e5baf6bcaa9627ca0b.shtml,辐射项目环境影响评价文件受理情况公示——国网江苏省电力有限公司镇江供电分公司江苏镇江国华丹徒辛丰60兆瓦渔光互补光伏发电项目110千伏送出工程（报告表）,,镇江市生态环境局,市本级,江苏镇江国华丹徒辛丰60兆瓦渔光互补光伏发电项目110千伏送出工程,镇江市丹徒区辛丰镇,丹徒,国网江苏省电力有限公司镇江供电分公司,江苏苏鹏建设工程设计有限公司,是,业务类别
镇江市,https://sthj.zhenjiang.gov.cn/sthj/slqkgs/xxgk_list.shtml,https://sthj.zhenjiang.gov.cn/sthj/slqkgs/202608/7711a0ed3be54ea2b04d797601a1ac3e.shtml,生态环境影响评价文件受理情况公示--北汽动力系统（镇江）有限公司年产九万套储能PACK电池制造项目（报告表）,,镇江市生态环境局,市本级,年产九万套储能PACK电池制造项目,江苏省镇江市丹徒区上党镇上党村镇荣公路西侧,丹徒,北汽动力系统（镇江）有限公司,北京文华东方环境科技有限公司,否,文件类型
镇江市,https://sthj.zhenjiang.gov.cn/sthj/slqkgs/xxgk_list.shtml,https://sthj.zhenjiang.gov.cn/sthj/slqkgs/202608/437b037912c44c2295d6021794d46826.shtml,环境影响评价文件受理情况公示--江苏金箍棒金属科技有限公司年产30万吨精密光轴产品项目(报告书),,镇江市生态环境局,市本级,年产30万吨精密光轴产品项目,句容市下蜀镇临港工业园,句容,江苏金箍棒金属科技有限公司,南京国环科技股份有限公司,否,文件类型
镇江市,https://sthj.zhenjiang.gov.cn/sthj/slqkgs/xxgk_list.shtml,https://sthj.zhenjiang.gov.cn/sthj/slqkgs/202608/b74c2c6522454473af2893328d124337.shtml,辐射项目环境影响评价文件受理情况公示——镇江丹徒美恒新能源有限公司上党镇70MW渔光互补光伏项目110kV升压站（报告表）,,镇江市生态环境局,市本级,镇江丹徒美恒新能源有限公司上党镇70MW渔光互补光伏项目110kV升压站,江苏省镇江市丹徒区上党镇,丹徒,镇江丹徒美恒新能源有限公司,南京苏发工程咨询有限公司,是,业务类别
镇江市,https://sthj.zhenjiang.gov.cn/sthj/slqkgs/xxgk_list.shtml,https://sthj.zhenjiang.gov.cn/sthj/slqkgs/202608/7c79acccc25d4effad509c8b23c362e3.shtml,生态环境影响评价文件受理情况公示--镇江市长江河道管理处（镇江市重点水利工程建设管理中心）丹徒区和畅洲堤防加固工程（二期工程）（报告表）,,镇江市生态环境局,市本级,丹徒区和畅洲堤防加固工程（二期工程）,江苏省镇江市丹徒区江心洲生态农业园,丹徒,镇江市长江河道管理处（镇江市重点水利工程建设管理中心）,南大环境规划设计研究院（江苏）有限公司,否,文件类型
镇江市,https://sthj.zhenjiang.gov.cn/sthj/slqkgs/xxgk_list.shtml,https://sthj.zhenjiang.gov.cn/sthj/slqkgs/202608/8ebe91fecc154a97b76e414e581fb51c.shtml,环境影响评价文件受理情况公示——镇江澳盛轻量化汽车科技有限公司镇江澳盛复材零部件扩建项目（一期）（报告书）,,镇江市生态环境局,市本级,镇江澳盛复材零部件扩建项目（一期）,江苏省镇江市丹徒区长香东大道66号和68号,丹徒,镇江澳盛轻量化汽车科技有限公司,南京苏发工程咨询有限公司,否,文件类型
镇江市,https://sthj.zhenjiang.gov.cn/sthj/slqkgs/xxgk_list.shtml,https://sthj.zhenjiang.gov.cn/sthj/slqkgs/202608/8efab7eb8f5c4d31b63cacff6ab5a28c.shtml,环境影响评价文件受理情况公示--江苏镇江燃气热电有限公司江苏镇江燃气热电有限公司#2燃气锅炉工程（技术改造）（报告表）,,镇江市生态环境局,市本级,江苏镇江燃气热电有限公司#2燃气锅炉工程 （技术改造）,江苏省镇江市丹徒区谷阳东大道503号,丹徒,江苏镇江燃气热电有限公司,江苏美鸿安全环境科技有限公司,否,文件类型
镇江市,https://sthj.zhenjiang.gov.cn/sthj/slqkgs/xxgk_list.shtml,https://sthj.zhenjiang.gov.cn/sthj/slqkgs/202608/446f5adb8ef34195966a81ffbe9f6856.shtml,环境影响评价文件受理情况公示--镇江市延茅机械有限公司延茅机械铸造建设项目（报告表）,,镇江市生态环境局,市本级,延茅机械铸造建设项目,江苏省镇江市丹徒区宝堰镇延茅路,丹徒,镇江市延茅机械有限公司,镇江慧博环保科技有限公司,否,文件类型
镇江市,https://sthj.zhenjiang.gov.cn/sthj/slqkgs/xxgk_list.shtml,https://sthj.zhenjiang.gov.cn/sthj/slqkgs/202608/ec9527037cec474899e618e45f7a8351.shtml,环境影响评价文件受理情况公示--镇江中铭电子有限公司年产2000万只射频连接器等电子产品项目（报告表）,,镇江市生态环境局,市本级,年产2000万只射频连接器等电子产品项目,江苏省镇江市京口经济开发区京口区万马镇江智造产业基地4-1和4-2,京口,镇江中铭电子有限公司,江苏南紫环境科技有限公司,否,文件类型
镇江市,https://sthj.zhenjiang.gov.cn/sthj/slqkgs/xxgk_list.shtml,https://sthj.zhenjiang.gov.cn/sthj/slqkgs/202608/b3534e2eb6f84f57a4389afff5e5fc65.shtml,环境影响评价文件受理情况公示--镇江华核装备有限公司年产10万平方米硅布项目（报告表）,,镇江市生态环境局,市本级,年产10万平方米硅布项目,江苏省镇江市江苏省镇江京口经济开发区金阳路136号,京口,镇江华核装备有限公司,江苏南紫环境科技有限公司,否,文件类型
镇江市,https://sthj.zhenjiang.gov.cn/sthj/slqkgs/xxgk_list.shtml,https://sthj.zhenjiang.gov.cn/sthj/slqkgs/202607/85545663317d46bbbd4e602177475f37.shtml,环境影响评价文件受理情况公示--江苏康林智能科技有限公司康林智能科技绿色低压电器部件项目（报告表）,,镇江市生态环境局,市本级,康林智能科技绿色低压电器部件项目,江苏省镇江市丹徒区宝堰镇宝堰工业集中区,丹徒,江苏康林智能科技有限公司,镇江慧博环保科技有限公司,否,文件类型
镇江市,https://sthj.zhenjiang.gov.cn/sthj/slqkgs/xxgk_list.shtml,https://sthj.zhenjiang.gov.cn/sthj/slqkgs/202607/55cdf1ebe9ee40e6a13d6b00b5dc54c6.shtml,环境影响评价文件受理情况公示--江苏信立隆新材料科技有限公司年产1000吨热塑性塑料制品（报告表）,,镇江市生态环境局,市本级,年产1000吨热塑性塑料制品,江苏省镇江市丹徒区丹徒新区长香东大道86号,丹徒,江苏信立隆新材料科技有限公司,江苏诚德安全环境科技有限公司,否,文件类型
镇江市,https://sthj.zhenjiang.gov.cn/sthj/slqkgs/xxgk_list.shtml,https://sthj.zhenjiang.gov.cn/sthj/slqkgs/202607/d48cf87fe35c4561b3a141fbc51ab365.shtml,环境影响评价文件受理情况公示--镇江长城注浆设备有限公司年产100套煤矸石注浆回填设备系统研发生产项目（报告表）,,镇江市生态环境局,市本级,年产100套煤矸石注浆回填设备系统研发生产项目,江苏省镇江市丹徒区上党镇燕江西路以北,丹徒,镇江长城注浆设备有限公司,江苏云程环保科技有限公司,否,文件类型
镇江市,https://sthj.zhenjiang.gov.cn/sthj/slqkgs/xxgk_list.shtml,https://sthj.zhenjiang.gov.cn/sthj/slqkgs/202607/42166ea957b94e739786a6d4b1aebde3.shtml,辐射项目环境影响评价文件受理情况公示——镇江市第一人民医院经开区分院新建1台DSA项目（报告表）,,镇江市生态环境局,市本级,镇江市第一人民医院经开区分院新建1台DSA项目,镇江市新区大港兴港西路2号,本级新区,镇江市第一人民医院经开区分院,江苏睿源环境科技有限公司,是,业务类别
镇江市,https://sthj.zhenjiang.gov.cn/sthj/slqkgs/xxgk_list.shtml,https://sthj.zhenjiang.gov.cn/sthj/slqkgs/202607/622b678893fb4355a870f1c174d50031.shtml,辐射项目环境影响评价文件受理情况公示——镇江德利金属无损检测有限公司新建移动式X射线探伤项目（报告表）,,镇江市生态环境局,市本级,镇江德利金属无损检测有限公司新建移动式X射线探伤项目,探伤地点：客户厂区内及野外探伤现场； 探伤机贮存场所：镇江市高新区四摆渡1-2号探伤机储存室内,本级高新区,镇江德利金属无损检测有限公司,江苏玖清玖蓝环保科技有限公司,是,业务类别
镇江市,https://sthj.zhenjiang.gov.cn/sthj/slqkgs/xxgk_list.shtml,https://sthj.zhenjiang.gov.cn/sthj/slqkgs/202607/75bcc9bd7f9a441e893d5c79876eeb69.shtml,辐射项目环境影响评价文件受理情况公示——江苏省“十四五”气象灾害防治工程（句容X波段雷达）（报告表）,,镇江市生态环境局,市本级,江苏省“十四五”气象灾害防治工程（句容X波段雷达）,句容市方山云雾茶场,句容,句容市气象局,江苏辐环环境科技有限公司,是,业务类别
镇江市,https://sthj.zhenjiang.gov.cn/sthj/slqkgs/xxgk_list.shtml,https://sthj.zhenjiang.gov.cn/sthj/slqkgs/202607/edcff2a99d97432faa14d8c14e480b43.shtml,辐射项目环境影响评价文件受理情况公示——联博智驱与机器人核心技术研究院项目新建1台工业CT（报告表）,,镇江市生态环境局,市本级,联博智驱与机器人核心技术研究院项目新建1台工业CT,江苏省镇江市新区港南路348号联博精密科技（镇江）有限公司1#车间,本级新区,联博精密科技（镇江）有限公司,江苏清全科技有限公司,是,业务类别
镇江市,https://sthj.zhenjiang.gov.cn/sthj/slqkgs/xxgk_list.shtml,https://sthj.zhenjiang.gov.cn/sthj/slqkgs/202607/116e7c3c94c448a8a427b4cf1377b869.shtml,辐射项目环境影响评价文件受理情况公示——镇江市交通工程建设管理有限公司丹金高速公路220kV、110kV线路迁改工程（报告表）,,镇江市生态环境局,市本级,丹金高速公路220kV、110kV线路迁改工程,镇江市丹阳市,丹阳,镇江市交通工程建设管理有限公司,南京伊环环境科技有限公司,是,业务类别
镇江市,https://sthj.zhenjiang.gov.cn/sthj/slqkgs/xxgk_list.shtml,https://sthj.zhenjiang.gov.cn/sthj/slqkgs/202607/a113161c041847e1a45a088506ca69aa.shtml,辐射项目环境影响评价文件受理情况公示——国网江苏省电力有限公司镇江供电分公司镇江下蜀220千伏变电站第二台主变扩建工程（报告表）,,镇江市生态环境局,市本级,镇江下蜀220千伏变电站第二台主变扩建工程,江苏省镇江市句容市下蜀镇,句容,国网江苏省电力有限公司镇江供电分公司,江苏方天电力技术有限公司,是,业务类别
镇江市,https://sthj.zhenjiang.gov.cn/sthj/slqkgs/xxgk_list.shtml,https://sthj.zhenjiang.gov.cn/sthj/slqkgs/202607/47505eed76f941d59bb1f9678b55721c.shtml,环境影响评价文件受理情况公示——镇江市第一人民医院污水处理站改造项目（报告表）,,镇江市生态环境局,市本级,污水处理站改造项目,江苏省镇江市电力路8号镇江市第一人民医院院内,,镇江市第一人民医院,镇江康源环保科技有限公司,否,文件类型
镇江市,https://sthj.zhenjiang.gov.cn/sthj/slqkgs/xxgk_list.shtml,https://sthj.zhenjiang.gov.cn/sthj/slqkgs/202606/1e55382f7040449c82d5385e7705f432.shtml,环境影响评价文件受理情况公示--丹阳市三冠新材料科技有限公司年产3000吨粉末涂料扩能项目（报告表）,,镇江市生态环境局,市本级,年产3000吨粉末涂料扩能项目,江苏省丹阳市吕城镇圣旨西路188号,丹阳,丹阳市三冠新材料科技有限公司,南京瑞轩环保科技有限公司,否,文件类型
镇江市,https://sthj.zhenjiang.gov.cn/sthj/slqkgs/xxgk_list.shtml,https://sthj.zhenjiang.gov.cn/sthj/slqkgs/202606/3eb3643a02d340be894acd516f1caba9.shtml,环境影响评价文件受理情况公示--希西维（江苏）精工股份有限公司车辆用底盘悬挂及转向系统零部件的研发和生产应用（报告书）,,镇江市生态环境局,市本级,车辆用底盘悬挂及转向系统零部件的研发和生产项目,丹徒区金润大道458号现有厂区内,丹徒,希西维(江苏)精工股份有限公司,镇江环科工程咨询有限公司,否,文件类型
镇江市,https://sthj.zhenjiang.gov.cn/sthj/slqkgs/xxgk_list.shtml,https://sthj.zhenjiang.gov.cn/sthj/slqkgs/202606/cabd375773cd45ec9c6a131ffef06d9f.shtml,辐射项目环境影响评价文件受理情况公示——扬中市人民医院改建加速器机房并新增1台医用直线加速器项目（报告表）,,镇江市生态环境局,市本级,扬中市人民医院改建加速器机房并新增1台医用直线加速器项目,扬中市扬子中路235号放疗中心,扬中,扬中市人民医院,南京泰坤环境检测有限公司,是,业务类别
镇江市,https://sthj.zhenjiang.gov.cn/sthj/slqkgs/xxgk_list.shtml,https://sthj.zhenjiang.gov.cn/sthj/slqkgs/202606/f124af5985bc4e25ab2bf6af3cc1b4a2.shtml,环境影响评价文件受理情况公示——镇江吉凯制造有限公司年产2亿件家电塑料零部件项目（报告表）,,镇江市生态环境局,市本级,年产2亿件家电塑料零部件项目,镇江市润州区金润大道808号，联东U谷官塘科技港14栋,润州,镇江吉凯制造有限公司,镇江康源环保科技有限公司,否,文件类型
镇江市,https://sthj.zhenjiang.gov.cn/sthj/slqkgs/xxgk_list.shtml,https://sthj.zhenjiang.gov.cn/sthj/slqkgs/202606/6159798c9df34a6f9ee01c03738bbec1.shtml,环境影响评价文件受理情况公示--镇江市宝杰新材料有限公司年产15万吨石灰石粉项目（报告表）,,镇江市生态环境局,市本级,年产15万吨石灰石粉项目,江苏省镇江市丹徒区高资街道陈丰村1号,丹徒,镇江市宝杰新材料有限公司,镇江美标环境科学研究有限公司,否,文件类型
镇江市,https://sthj.zhenjiang.gov.cn/sthj/slqkgs/xxgk_list.shtml,https://sthj.zhenjiang.gov.cn/sthj/slqkgs/202605/9cdd3eceed8440cd96a9077a0cfad330.shtml,辐射项目环境影响评价文件受理情况公示——台佳空调系统（江苏）有限公司一座固定式X射线探伤铅房建设项目（报告表）,,镇江市生态环境局,市本级,台佳空调系统（江苏）有限公司一座固定式X射线探伤铅房建设项目,镇江市金港大道70号厂区主机联合厂房南部,,台佳空调系统（江苏）有限公司,南京泰坤环境检测有限公司,是,业务类别
镇江市,https://sthj.zhenjiang.gov.cn/sthj/slqkgs/xxgk_list.shtml,https://sthj.zhenjiang.gov.cn/sthj/slqkgs/202605/34fcbebf11514c19a4e572fe52af9602.shtml,环境影响评价文件受理情况公示--江苏凯迪通信有限公司年产100吨电子接插件项目（报告表）,,镇江市生态环境局,市本级,年产100吨电子接插件项目,镇江市丹徒区辛丰镇前进河北路金湖桥旁,丹徒,江苏凯迪通信有限公司,镇江美标环境科学研究有限公司,否,文件类型
镇江市,https://sthj.zhenjiang.gov.cn/sthj/slqkgs/xxgk_list.shtml,https://sthj.zhenjiang.gov.cn/sthj/slqkgs/202605/2b11a211804e4636ad1ae5a64ee41974.shtml,环境影响评价文件受理情况公示--镇江丹徒美恒新能源有限公司上党镇70MW渔光互补光伏项目（报告表）,,镇江市生态环境局,市本级,镇江丹徒美恒新能源有限公司上党镇70MW渔光互补光伏项目,江苏省镇江市丹徒区上党镇,丹徒,镇江丹徒美恒新能源有限公司,南京苏发工程咨询有限公司,否,文件类型
镇江市,https://sthj.zhenjiang.gov.cn/sthj/slqkgs/xxgk_list.shtml,https://sthj.zhenjiang.gov.cn/sthj/slqkgs/202605/7e7cde5eacc74ff4917d1ae1dba3aae5.shtml,环境影响评价文件受理情况公示--新孚达（镇江）高性能材料有限公司年产2500吨高性能复合材料及其制品项目（报告表）,,镇江市生态环境局,市本级,年产2500吨高性能复合材料及其制品项目,镇江市丹徒区盛丹路16号,丹徒,新孚达（镇江）高性能材料有限公司,镇江美标环境科学研究有限公司,否,文件类型
镇江市,https://sthj.zhenjiang.gov.cn/sthj/slqkgs/xxgk_list.shtml,https://sthj.zhenjiang.gov.cn/sthj/slqkgs/202605/a40edbd5f076407a8d166a83b1a86ecd.shtml,环境影响评价文件受理情况公示--镇江鑫之全科技有限公司年产5000台电器柜项目（报告表）,,镇江市生态环境局,市本级,年产5000台电器柜项目,丹徒工业区恒园路66号,丹徒,镇江鑫之全科技有限公司,江苏南紫环境科技有限公司,否,文件类型
镇江市,https://sthj.zhenjiang.gov.cn/sthj/slqkgs/xxgk_list.shtml,https://sthj.zhenjiang.gov.cn/sthj/slqkgs/202605/d93e0e3b03fe473295ab9ba7d77cde18.shtml,环境影响评价文件受理情况公示--镇江冠霖电子科技有限公司汽车零部件、医疗器材外壳、家用电器外壳喷涂项目（报告表）,,镇江市生态环境局,市本级,汽车零部件、医疗器材外壳、家用电器外壳喷涂项目,江苏省镇江市丹徒区宜春路10号21#厂房,丹徒,镇江冠霖电子科技有限公司,镇江美标环境科学研究有限公司,否,文件类型
镇江市,https://sthj.zhenjiang.gov.cn/sthj/slqkgs/xxgk_list.shtml,https://sthj.zhenjiang.gov.cn/sthj/slqkgs/202605/7dce956774064a7394548f0d9f75af26.shtml,环境影响评价文件受理情况公示--镇江市长江河道管理处（镇江市重点水利工程建设管理中心）镇江经开区太平河整治工程项目（报告表）,,镇江市生态环境局,市本级,镇江经开区太平河整治工程项目,镇江经开区和丹阳市境内，西起临江西路、东至长江夹江,丹阳,镇江市长江河道管理处（镇江市重点水利工程建设管理中心）,南京国环科技股份有限公司,否,文件类型
镇江市,https://sthj.zhenjiang.gov.cn/sthj/slqkgs/xxgk_list.shtml,https://sthj.zhenjiang.gov.cn/sthj/slqkgs/202605/d78f1a30f0c142c4b7f9673f7a6869ac.shtml,辐射项目环境影响评价文件受理情况公示——镇江市中医院新增一台DSA项目（报告表）,,镇江市生态环境局,市本级,镇江市中医院新增一台DSA项目,江苏省镇江市京口区桃花坞路10区8号,京口,镇江市中医院,江苏玖清玖蓝环保科技有限公司,是,业务类别
镇江市,https://sthj.zhenjiang.gov.cn/sthj/slqkgs/xxgk_list.shtml,https://sthj.zhenjiang.gov.cn/sthj/slqkgs/202604/d01e006409bc40b5b02c63f420a4825b.shtml,环境影响评价文件受理公示--江苏大津重工有限公司海上风电安装平台及海洋工程装备加工制造项目（报告书）,,镇江市生态环境局,市本级,海上风电安装平台及海洋工程装备加工制造项目,镇江市扬中市西来桥镇北胜村606号,扬中,江苏大津重工有限公司,江苏润环环境科技有限公司,否,文件类型
镇江市,https://sthj.zhenjiang.gov.cn/sthj/slqkgs/xxgk_list.shtml,https://sthj.zhenjiang.gov.cn/sthj/slqkgs/202604/fc6fd5e318884826ae6252528bada534.shtml,环境影响评价文件受理情况公示——镇江市润州区卫生健康委员会官塘桥社区卫生服务中心迁建项目（报告表）,,镇江市生态环境局,市本级,官塘桥社区卫生服务中心迁建项目,镇江市润州区南山街道官塘绿苑3区17号楼,润州,镇江市润州区卫生健康委员会,江苏环保产业技术研究院股份公司,否,文件类型
镇江市,https://sthj.zhenjiang.gov.cn/sthj/slqkgs/xxgk_list.shtml,https://sthj.zhenjiang.gov.cn/sthj/slqkgs/202604/c589cdb8712444779d596d29bb8f9dcf.shtml,环境影响评价文件受理情况公示-国家能源集团谏壁发电厂雩山光伏项目,,镇江市生态环境局,市本级,国家能源集团谏壁发电厂雩山光伏项目,江苏省镇江市京口区谏壁镇四雩山,京口,国家能源集团谏壁发电厂,江苏凯泽环宇环境工程有限公司,否,无
镇江市,https://sthj.zhenjiang.gov.cn/sthj/slqkgs/xxgk_list.shtml,https://sthj.zhenjiang.gov.cn/sthj/slqkgs/202604/1a895d9c208b435386249c18683a4304.shtml,环境影响评价文件受理情况公示-江苏徽益科技有限公司新型绿色建材智能化产线项目,,镇江市生态环境局,市本级,新型绿色建材智能化产线项目,江苏省镇江市京口经济开发区粮山社区闽乐建材有限公司内,京口,江苏徽益科技有限公司,南京瑞轩环保科技有限公司,否,无
镇江市,https://sthj.zhenjiang.gov.cn/sthj/slqkgs/xxgk_list.shtml,https://sthj.zhenjiang.gov.cn/sthj/slqkgs/202604/69145f18c18a41b3b966723f6cdaae39.shtml,辐射项目环境影响评价文件受理情况公示——国网江苏省电力有限公司镇江供电分公司镇江顾巷220千伏输变电工程（报告表）,,镇江市生态环境局,市本级,镇江顾巷220千伏输变电工程,江苏省镇江市丹阳市丹北镇,丹阳,国网江苏省电力有限公司镇江供电分公司,江苏方天电力技术有限公司,是,业务类别
镇江市,https://sthj.zhenjiang.gov.cn/sthj/slqkgs/xxgk_list.shtml,https://sthj.zhenjiang.gov.cn/sthj/slqkgs/202604/39119c52cc7a419fab62c3a3062da3b1.shtml,辐射项目环境影响评价文件受理情况公示——合瑞迈材料科技（江苏）有限公司扩建1台X射线实时成像装置项目（报告表）,,镇江市生态环境局,市本级,合瑞迈材料科技（江苏）有限公司扩建1台X射线实时成像装置项目,江苏省镇江市金港大道128号公司厂区管材生产车间一内,,合瑞迈材料科技（江苏）有限公司,江苏玖清玖蓝环保科技有限公司,是,业务类别
镇江市,https://sthj.zhenjiang.gov.cn/sthj/slqkgs/xxgk_list.shtml,https://sthj.zhenjiang.gov.cn/sthj/slqkgs/202604/eb20cf8bf98c4c0f933589164a3b2aea.shtml,环境影响评价文件受理情况公示--江苏索普化工股份有限公司20万吨年碳酸二甲酯项目(报告书),,镇江市生态环境局,市本级,20万吨/年碳酸二甲酯项目,镇江市京口区求索路77号,京口,江苏索普化工股份有限公司,江苏环保产业技术研究院股份公司,否,文件类型
镇江市,https://sthj.zhenjiang.gov.cn/sthj/slqkgs/xxgk_list.shtml,https://sthj.zhenjiang.gov.cn/sthj/slqkgs/202603/50120dcc9596452180f69ecd1e8c5c69.shtml,环境影响评价文件受理情况公示--镇江市惠灵顿膜业有限公司反渗透膜片、PP网格和中心管生产项目（报告表）,,镇江市生态环境局,市本级,反渗透膜片、PP网格和中心管生产项目,江苏省镇江市丹徒区丹徒高新园长香东大道168号,丹徒,镇江市惠灵顿膜业有限公司,江苏智环企业管理有限公司,否,文件类型
镇江市,https://sthj.zhenjiang.gov.cn/sthj/slqkgs/xxgk_list.shtml,https://sthj.zhenjiang.gov.cn/sthj/slqkgs/202603/6270fdb3019346cab918b03b1e6e9d2f.shtml,环境影响评价文件受理情况公示-镇江新区国盛包装材料厂年产500吨包装材料项目（报告表）,,镇江市生态环境局,市本级,年产500吨包装材料项目,镇江市丹徒区辛丰镇辛丰村前进河北路11号,丹徒,镇江新区国盛包装材料厂,镇江美标环境科学研究有限公司,否,文件类型
镇江市,https://sthj.zhenjiang.gov.cn/sthj/slqkgs/xxgk_list.shtml,https://sthj.zhenjiang.gov.cn/sthj/slqkgs/202603/61c6e4cf350245139a73c0991ac739a3.shtml,环境影响评价文件受理情况公示--镇江市丹徒区宝盛秸秆利用专业合作社年产2万吨生物质燃料生产线新建项目（报告表）,,镇江市生态环境局,市本级,年产2万吨生物质燃料生产线新建项目,镇江市丹徒区宝堰镇南宫村丁角,丹徒,镇江市丹徒区宝盛秸秆利用专业合作社,镇江美标环境科学研究有限公司,否,文件类型
镇江市,https://sthj.zhenjiang.gov.cn/sthj/slqkgs/xxgk_list.shtml,https://sthj.zhenjiang.gov.cn/sthj/slqkgs/202603/ff54494d362e40f28f7c5575ce908ce6.shtml,环境影响评价文件受理情况公示--镇江三隆复合材料有限公司年产5000万平方米隔热保温复合材料项目（报告表）,,镇江市生态环境局,市本级,年产5000万平方米隔热保温复合材料项目,镇江市丹徒区辛丰镇辛丰村前进河北路11号,丹徒,镇江三隆复合材料有限公司,镇江美标环境科学研究有限公司,否,文件类型
镇江市,https://sthj.zhenjiang.gov.cn/sthj/slqkgs/xxgk_list.shtml,https://sthj.zhenjiang.gov.cn/sthj/slqkgs/202603/1e2b79090bec4dbfb4ea5d51c540d1e8.shtml,环境影响评价文件受理情况公示--镇江市丹徒区水利局丹徒区2025年度大中型水库库区和移民安置区后期扶持重点项目（报告表）,,镇江市生态环境局,市本级,丹徒区2025年度大中型水库库区和移民安置区后期扶持重点项目,江苏省镇江市丹徒区上党镇,丹徒,镇江市丹徒区水利局,南大环境规划设计研究院（江苏）有限公司,否,文件类型
镇江市,https://sthj.zhenjiang.gov.cn/sthj/slqkgs/xxgk_list.shtml,https://sthj.zhenjiang.gov.cn/sthj/slqkgs/202602/b30ad98f97e14167888d62e37f0ed276.shtml,环境影响评价文件受理情况公示--镇江瑞派宠物医院有限公司镇江瑞派宠物医院建设项目（报告表）,,镇江市生态环境局,市本级,镇江瑞派宠物医院建设项目,镇江市京口区大西路99-13号,京口,镇江瑞派宠物医院有限公司,江苏润环环境科技有限公司,否,文件类型
镇江市,https://sthj.zhenjiang.gov.cn/sthj/slqkgs/xxgk_list.shtml,https://sthj.zhenjiang.gov.cn/sthj/slqkgs/202602/3859f884d8d7414887e202d2de42078f.shtml,环境影响评价文件受理情况公示--江苏天海特种装备有限公司江苏天海二期智能化金属表面处理产线改造项目（报告表）,,镇江市生态环境局,市本级,江苏天海二期智能化金属表面处理产线改造项目,江苏省镇江市京口经济开发区谏壁街道求索路1号,京口,江苏天海特种装备有限公司,镇江环科工程咨询有限公司,否,文件类型
镇江市,https://sthj.zhenjiang.gov.cn/sthj/slqkgs/xxgk_list.shtml,https://sthj.zhenjiang.gov.cn/sthj/slqkgs/202602/2ee531301fbd4d63a7e255daa7aac293.shtml,环境影响评价文件受理情况公示--江苏鑫德农业发展有限公司农产品深加工及仓储项目（报告表）,,镇江市生态环境局,市本级,江苏鑫德农业发展有限公司农产品深加工及仓储项目,江苏省镇江市丹徒区荣炳盐资源区,丹徒,江苏鑫德农业发展有限公司,镇江康源环保科技有限公司,否,文件类型
镇江市,https://sthj.zhenjiang.gov.cn/sthj/slqkgs/xxgk_list.shtml,https://sthj.zhenjiang.gov.cn/sthj/slqkgs/202601/33c2762bbeda444c87844295230814c2.shtml,环境影响评价文件受理情况公示--中储粮镇江质检中心有限公司镇江质检中心改造项目（报告表）受理情况公示,,镇江市生态环境局,市本级,镇江质检中心改造项目,镇江市京口区谏壁镇粮山村中央储备粮镇江直属库有限公司内,京口,中储粮镇江质检中心有限公司,江苏南紫环境科技有限公司,否,无
镇江市,https://sthj.zhenjiang.gov.cn/sthj/slqkgs/xxgk_list.shtml,https://sthj.zhenjiang.gov.cn/sthj/slqkgs/202601/8fec0a9a7547403ebdcba78ccfe8e58f.shtml,环境影响评价文件受理情况公示--镇江中瑞混凝土有限公司新型建材智能化生产线项目（报告表）受理情况公示,,镇江市生态环境局,市本级,新型建材智能化生产线项目,江苏省镇江市京口经济开发区金港大道以北飞驰汽车以东地块,京口,镇江中瑞混凝土有限公司,镇江环科工程咨询有限公司,否,无
镇江市,https://sthj.zhenjiang.gov.cn/sthj/slqkgs/xxgk_list.shtml,https://sthj.zhenjiang.gov.cn/sthj/slqkgs/202601/ddec1447735046dc99b7e548627b9ccc.shtml,环境影响评价文件受理情况公示--江苏元沣机械设备有限公司年产500台甲板起重设备项目（报告表）,,镇江市生态环境局,市本级,年产500台甲板起重设备项目,江苏省镇江市丹徒区上党镇宜业路99号,丹徒,江苏元沣机械设备有限公司,苏州瑞赛泽环境设计工程有限公司,否,文件类型
镇江市,https://sthj.zhenjiang.gov.cn/sthj/slqkgs/xxgk_list.shtml,https://sthj.zhenjiang.gov.cn/sthj/slqkgs/202601/25c765668e494745814380033487e9c4.shtml,环境影响评价文件受理情况公示--江苏苏建路桥机械有限公司贝雷桥梁喷粉线生产项目（报告表）,,镇江市生态环境局,市本级,贝雷桥梁喷粉线生产项目,镇江市丹徒区辛丰镇石城村666号,丹徒,江苏苏建路桥机械有限公司,苏州瑞赛泽环境设计工程有限公司,否,文件类型
镇江市,https://sthj.zhenjiang.gov.cn/sthj/slqkgs/xxgk_list.shtml,https://sthj.zhenjiang.gov.cn/sthj/slqkgs/202601/5fe54d0c80a241f7b9ed860889f2d7ed.shtml,环境影响评价文件受理情况公示--北汽动力系统（镇江）有限公司年产5万套动力电池产线技改项目（报告表）,,镇江市生态环境局,市本级,年产5万套动力电池产线技改项目,镇江市丹徒区上党镇北汽大道1号生态汽车产业园,丹徒,北汽动力系统（镇江）有限公司,北京文华东方环境科技有限公司,否,文件类型
镇江市,https://sthj.zhenjiang.gov.cn/sthj/slqkgs/xxgk_list.shtml,https://sthj.zhenjiang.gov.cn/sthj/slqkgs/202601/99264f1bcccd4ab0a917fe31f4c7ee11.shtml,环境影响评价文件受理情况公示--江苏海徽智能科技有限公司年产200万件五金压铸件项目（报告表）,,镇江市生态环境局,市本级,年产200万件五金压铸件项目,江苏省镇江市丹徒区辛丰镇黄龙路黄墟工业园区内,丹徒,江苏海徽智能科技有限公司,镇江美标环境科学研究有限公司,否,文件类型
镇江市,https://sthj.zhenjiang.gov.cn/sthj/slqkgs/xxgk_list.shtml,https://sthj.zhenjiang.gov.cn/sthj/slqkgs/202601/220ca27e679a4dffac1bdbaa90317d29.shtml,辐射项目环境影响评价文件受理情况公示——丹阳市协众新能源有限公司新建丹阳市云阳街道大圣村50MW渔光互补式光伏项目配套110kV升压站工程（报告表）,,镇江市生态环境局,市本级,丹阳市协众新能源有限公司新建丹阳市云阳街道大圣村50MW渔光互补式光伏项目配套110kV升压站工程,江苏省镇江市丹阳市云阳街道大圣村,丹阳,丹阳市协众新能源有限公司,江苏寰淼安全环境科技有限公司,是,业务类别
镇江市,https://sthj.zhenjiang.gov.cn/sthj/slqkgs/xxgk_list.shtml,https://sthj.zhenjiang.gov.cn/sthj/slqkgs/202512/6f66cb591c8a4e888899c7e901c557bc.shtml,建设项目环境影响评价文件受理情况公示-镇江市标力汽车部件有限公司高端汽车零配件项目受理情况公示,,镇江市生态环境局,市本级,高端汽车零配件项目,江苏省镇江市京口区金港大道以北、雩龙路以西,京口,镇江市标力汽车部件有限公司,镇江生环科学技术有限公司,否,无
镇江市,https://sthj.zhenjiang.gov.cn/sthj/slqkgs/xxgk_list.shtml,https://sthj.zhenjiang.gov.cn/sthj/slqkgs/202512/4e25afe317ea4da19d57d329aec394fd.shtml,建设项目环境影响评价文件受理情况公示--镇江三五九医院院内标准化建设工程项目（报告表）受理情况公示,,镇江市生态环境局,市本级,镇江三五九医院院内标准化建设工程,镇江市京口区中山东路8号,京口,镇江三五九医院,江苏澳泽企业咨询有限公司,否,无
镇江市,https://sthj.zhenjiang.gov.cn/sthj/slqkgs/xxgk_list.shtml,https://sthj.zhenjiang.gov.cn/sthj/slqkgs/202512/c56b15e9c481471ab40151f431e190d3.shtml,环境影响评价文件受理情况公示--中盐镇江盐化有限公司荣炳盐矿120万吨盐年矿山工程及配套100万吨盐年制盐（二期）项目(报告书),,镇江市生态环境局,市本级,荣炳盐矿120万吨盐年矿山工程及配套100万吨盐年制盐（二期）项目,荣炳盐矿位于丹徒区荣炳盐资源区高庄；制盐厂区位于江苏省丹徒经济开发区二重大道218号,丹徒,中盐镇江盐化有限公司,江苏环保产业技术研究院股份公司,否,文件类型
镇江市,https://sthj.zhenjiang.gov.cn/sthj/slqkgs/xxgk_list.shtml,https://sthj.zhenjiang.gov.cn/sthj/slqkgs/202512/99255d9ff18b4ae79fe70304ca111ae9.shtml,环境影响评价文件受理情况公示--镇江海螺水泥有限责任公司年产200万吨新型环保水泥粉磨站、120万方高端精品商砼、300万吨物流中转及绿色新能源项目（一期项目）（报告表）,,镇江市生态环境局,市本级,年产200万吨新型环保水泥粉磨站、120万方高端精品商砼、300万吨物流中转及绿色新能源项目（一期项目）,江苏省镇江市丹徒区高资镇镇江电厂东侧,丹徒,镇江海螺水泥有限责任公司,江苏润环环境科技有限公司,否,文件类型
镇江市,https://sthj.zhenjiang.gov.cn/sthj/slqkgs/xxgk_list.shtml,https://sthj.zhenjiang.gov.cn/sthj/slqkgs/202512/d768c9b013574171a52f1021e5c16a5d.shtml,环境影响评价文件受理情况公示--江苏语诣光电科技有限公司年产100万套汽车喷涂件项目（报告表）,,镇江市生态环境局,市本级,年产100万套汽车喷涂件项目,镇江市丹徒区上党镇兴业路98号,丹徒,江苏语诣光电科技有限公司,镇江美标环境科学研究有限公司,否,文件类型
镇江市,https://sthj.zhenjiang.gov.cn/sthj/slqkgs/xxgk_list.shtml,https://sthj.zhenjiang.gov.cn/sthj/slqkgs/202512/f3abacc4e9c64be4bf4a47cf0cddad0d.shtml,环境影响评价文件受理情况公示--江苏苏能新材料科技有限公司年产15万吨高性能复合材料项目（三期）（报告表）,,镇江市生态环境局,市本级,年产15万吨高性能复合材料项目（三期）,江苏省镇江市丹徒区宜平路111号,丹徒,江苏苏能新材料科技有限公司,江苏南京博晟环境科技有限公司,否,文件类型
镇江市,https://sthj.zhenjiang.gov.cn/sthj/slqkgs/xxgk_list.shtml,https://sthj.zhenjiang.gov.cn/sthj/slqkgs/202512/13f26ecbf30048c5b9b4b82aa1a8d084.shtml,环境影响评价文件受理情况公示--江苏鹤林水泥有限公司水泥磨、矿粉磨综合利用固体废物技改工程项目（报告表）,,镇江市生态环境局,市本级,水泥磨、矿粉磨综合利用固体废物技改工程,江苏省镇江市丹徒区高资街道，江苏鹤林水泥有限公司厂区内,丹徒,江苏鹤林水泥有限公司,江苏环保产业技术研究院股份公司,否,文件类型
镇江市,https://sthj.zhenjiang.gov.cn/sthj/slqkgs/xxgk_list.shtml,https://sthj.zhenjiang.gov.cn/sthj/slqkgs/202512/116f90c21eec4ddf9bddd4e625797067.shtml,辐射项目环境影响评价文件受理情况公示——国网江苏省电力有限公司镇江供电分公司江苏镇江国能江苏谏壁发电有限公司高桥镇渔光互补光伏项目110千伏送出工程（报告表）,,镇江市生态环境局,市本级,江苏镇江国能江苏谏壁发电有限公司高桥镇渔光互补光伏项目110千伏送出工程,镇江市丹徒区高桥镇,丹徒,国网江苏省电力有限公司镇江供电分公司,江苏方天电力技术有限公司,是,业务类别
镇江市,https://sthj.zhenjiang.gov.cn/sthj/slqkgs/xxgk_list.shtml,https://sthj.zhenjiang.gov.cn/sthj/slqkgs/202511/386d35ed9c6346329e1691595156f587.shtml,环境影响评价文件受理情况公示-镇江市长江河道管理处（镇江市重点水利工程建设管理中心）丹徒区世业洲堤防加固工程（报告表）,,镇江市生态环境局,市本级,丹徒区世业洲堤防加固工程,丹徒区江心洲生态农业园,丹徒,镇江市长江河道管理处（镇江市重点水利工程建设管理中心）,南大环境规划设计研究院(江苏) 有限公司,否,文件类型
镇江市,https://sthj.zhenjiang.gov.cn/sthj/slqkgs/xxgk_list.shtml,https://sthj.zhenjiang.gov.cn/sthj/slqkgs/202511/f5f6deac30c8424980ad98fa08bfa7e5.shtml,环境影响评价文件受理情况公示-镇江市长江河道管理处（镇江市重点水利工程建设管理中心）丹徒区和畅洲堤防加固工程（一期工程）（报告表）,,镇江市生态环境局,市本级,丹徒区和畅洲堤防加固工程（一期工程）,丹徒区江心洲生态农业园,丹徒,镇江市长江河道管理处（镇江市重点水利工程建设管理中心）,南大环境规划设计研究院(江苏) 有限公司,否,文件类型
镇江市,https://sthj.zhenjiang.gov.cn/sthj/slqkgs/xxgk_list.shtml,https://sthj.zhenjiang.gov.cn/sthj/slqkgs/202511/6fc4d80224d34a17b2de55778f62570d.shtml,环境影响评价文件受理情况公示--镇江市丹徒区润电新能源有限公司华润高资炭渚光伏发电项目（报告表）,,镇江市生态环境局,市本级,华润高资炭渚光伏发电项目,江苏省镇江市江苏丹徒经济开发区高资街道炭渚村,丹徒,镇江市丹徒区润电新能源有限公司,南京科泓环保技术有限责任公司,否,文件类型
镇江市,https://sthj.zhenjiang.gov.cn/sthj/slqkgs/xxgk_list.shtml,https://sthj.zhenjiang.gov.cn/sthj/slqkgs/202511/7392c48950184c2094183257a862acfb.shtml,环境影响评价文件受理情况公示——镇江乾康护理院有限公司镇江乾康护理院疗养建设项目（报告表）,,镇江市生态环境局,市本级,镇江乾康护理院疗养建设项目,镇江市京口区小米山路274号,京口,镇江乾康护理院有限公司,江苏美鸿安全环境科技有限公司,否,文件类型
镇江市,https://sthj.zhenjiang.gov.cn/sthj/slqkgs/xxgk_list.shtml,https://sthj.zhenjiang.gov.cn/sthj/slqkgs/202511/bd66d572203546ec84469180244039b9.shtml,环境影响评价文件受理情况公示--镇江市彬辰机械有限公司年产500吨机械零部件项目（报告表）,,镇江市生态环境局,市本级,年产500吨机械零部件项目,镇江市丹徒区丹徒新城谷阳大道东延99号,丹徒,镇江市彬辰机械有限公司,镇江美标环境科学研究有限公司,否,文件类型
镇江市,https://sthj.zhenjiang.gov.cn/sthj/slqkgs/xxgk_list.shtml,https://sthj.zhenjiang.gov.cn/sthj/slqkgs/202511/0054ab59eaf24e93980d0ad6a3092dee.shtml,环境影响评价文件受理情况公示--镇江钜大电池科技有限公司年产5亿只锌锰电池（不含汞）项目（报告表）,,镇江市生态环境局,市本级,年产5亿只锌锰电池（不含汞）项目,镇江市丹徒区辛丰镇于南村18号,丹徒,镇江钜大电池科技有限公司,江苏诚德安全环境科技有限公司,否,文件类型
镇江市,https://sthj.zhenjiang.gov.cn/sthj/slqkgs/xxgk_list.shtml,https://sthj.zhenjiang.gov.cn/sthj/slqkgs/202511/af88e9bf42c7465d93c2a3b0825c2bdc.shtml,辐射项目环境影响评价文件受理情况公示——镇江市富来尔制冷工程技术有限公司新建1座固定式X射线探伤房项目（报告表）,,镇江市生态环境局,市本级,镇江市富来尔制冷工程技术有限公司新建1座固定式X射线探伤房项目,镇江市丹徒区谷阳东大道488号,丹徒,镇江市富来尔制冷工程技术有限公司,江苏省辐射环境保护咨询有限公司,是,业务类别
镇江市,https://sthj.zhenjiang.gov.cn/sthj/slqkgs/xxgk_list.shtml,https://sthj.zhenjiang.gov.cn/sthj/slqkgs/202511/0a0ccb1593154d64bc3a186768edc05b.shtml,辐射项目环境影响评价文件受理情况公示——镇江山投碳和能源开发有限公司句容华阳100MW200MWh共享储能电站（报告表）,,镇江市生态环境局,市本级,句容华阳100MW/200MWh共享储能电站,句容市华阳街道西岗村,句容,镇江山投碳和能源开发有限公司,江苏环保产业技术研究院股份公司,是,业务类别
镇江市,https://sthj.zhenjiang.gov.cn/sthj/slqkgs/xxgk_list.shtml,https://sthj.zhenjiang.gov.cn/sthj/slqkgs/202511/4f63f401e4344d68ab8d34d824aa0e43.shtml,环境影响评价文件受理情况公示-镇江市长江河道管理处（镇江市重点水利工程建设管理中心）丹徒区沙渚港、马步桥港、黄泥桥港整治工程项目,,镇江市生态环境局,市本级,丹徒区沙渚港、马步桥港、黄泥桥港整治工程项目,丹徒区高资街道,丹徒,镇江市长江河道管理处（镇江市重点水利工程建设管理中心）,南大环境规划设计研究院(江苏) 有限公司,否,无
镇江市,https://sthj.zhenjiang.gov.cn/sthj/slqkgs/xxgk_list.shtml,https://sthj.zhenjiang.gov.cn/sthj/slqkgs/202511/ea7383acc962458d9e8efeee0e52db50.shtml,环境影响评价文件受理情况公示-镇江市长江河道管理处（镇江市重点水利工程建设管理中心）丹徒区老便民河整治工程项目,,镇江市生态环境局,市本级,丹徒区老便民河整治工程项目,丹徒区高资街道,丹徒,镇江市长江河道管理处（镇江市重点水利工程建设管理中心）,南大环境规划设计研究院(江苏) 有限公司,否,无
镇江市,https://sthj.zhenjiang.gov.cn/sthj/slqkgs/xxgk_list.shtml,https://sthj.zhenjiang.gov.cn/sthj/slqkgs/202511/90b62116450e4becb121563d1b312b67.shtml,环境影响评价文件受理情况公示-镇江市长江河道管理处（镇江市重点水利工程建设管理中心）丹徒区高资港整治工程项目,,镇江市生态环境局,市本级,丹徒区高资港整治工程项目,丹徒区高资街道,丹徒,镇江市长江河道管理处（镇江市重点水利工程建设管理中心）,南大环境规划设计研究院(江苏) 有限公司,否,无
镇江市,https://sthj.zhenjiang.gov.cn/sthj/slqkgs/xxgk_list.shtml,https://sthj.zhenjiang.gov.cn/sthj/slqkgs/202511/d2c6203de07a4bbba429f0da58a0d597.shtml,环境影响评价文件受理情况公示--镇江市万怡工具有限公司年产3000万只油漆刷、1000万只滚筒刷项目（报告表）,,镇江市生态环境局,市本级,年产3000万只油漆刷、1000万只滚筒刷项目,镇江市丹徒区韦家巷97号,丹徒,镇江市万怡工具有限公司,镇江美标环境科学研究有限公司,否,文件类型
镇江市,https://sthj.zhenjiang.gov.cn/sthj/slqkgs/xxgk_list.shtml,https://sthj.zhenjiang.gov.cn/sthj/slqkgs/202511/f21b538539b24fb58c78d00de303f674.shtml,环境影响评价文件受理情况公示-镇江博扬输送装备有限公司年产300万只塑料畚斗、托轮和刮板及50万平方米PVC提升带等输送配件项目（报告表）,,镇江市生态环境局,市本级,年产300万只塑料畚斗、托轮和刮板及50万平方米PVC提升带等输送配件项目,镇江市丹徒区宜城街道新城工业园盛丹路19号,丹徒,镇江博扬输送装备有限公司,镇江美标环境科学研究有限公司,否,文件类型
镇江市,https://sthj.zhenjiang.gov.cn/sthj/slqkgs/xxgk_list.shtml,https://sthj.zhenjiang.gov.cn/sthj/slqkgs/202511/24c1402c6a4248c7930fe52a9a5afe57.shtml,环境影响评价文件受理情况公示--江苏常广焊接技术有限公司年产200万套电极配件项目（报告表）,,镇江市生态环境局,市本级,年产200万套电极配件项目,江苏省镇江市丹徒区荣炳盐资源区曲阳路8号，奥联荣创产业园,丹徒,江苏常广焊接技术有限公司,镇江康源环保科技有限公司,否,文件类型
镇江市,https://sthj.zhenjiang.gov.cn/sthj/slqkgs/xxgk_list.shtml,https://sthj.zhenjiang.gov.cn/sthj/slqkgs/202511/b580ff2f73824db0aea976fa352b8bd4.shtml,环境影响评价文件受理情况公示--江苏优登特科技有限公司年产5000万支牙科抛光磨头项目（第一类医疗器械）（报告表）,,镇江市生态环境局,市本级,年产5000万支牙科抛光磨头项目（第一类医疗器械）,江苏省镇江市丹徒区上党镇薛村工业园会东路,丹徒,江苏优登特科技有限公司,南京山虞环保科技有限公司,否,文件类型
镇江市,https://sthj.zhenjiang.gov.cn/sthj/slqkgs/xxgk_list.shtml,https://sthj.zhenjiang.gov.cn/sthj/slqkgs/202511/7a33a317d360465a906cd4eaaf456512.shtml,环境影响评价文件受理情况公示--镇江市众鑫体育用品有限公司年产30万套潜水面料项目（报告表）,,镇江市生态环境局,市本级,年产30万套潜水面料项目,江苏省镇江市丹徒区高桥镇金德路102号,丹徒,镇江市众鑫体育用品有限公司,江苏南京博晟环境科技有限公司,否,文件类型
镇江市,https://sthj.zhenjiang.gov.cn/sthj/slqkgs/xxgk_list.shtml,https://sthj.zhenjiang.gov.cn/sthj/slqkgs/202510/6bddaf484cf94659a252f10a2dd2889e.shtml,环境影响评价文件受理情况公示--镇江海优威应用材料有限公司年产2000万平米新型膜材料生产建设项目（报告表）,,镇江市生态环境局,市本级,年产2000万平米新型膜材料生产建设项目,江苏省镇江市丹徒区谷阳东大道以南，宜乐路以西，宜平路以北，宜东路以东,丹徒,镇江海优威应用材料有限公司,江苏南京博晟环境科技有限公司,否,文件类型
镇江市,https://sthj.zhenjiang.gov.cn/sthj/slqkgs/xxgk_list.shtml,https://sthj.zhenjiang.gov.cn/sthj/slqkgs/202510/c2179d26c2f14e9eb5a6440e94bec6cc.shtml,环境影响评价文件受理情况公示--北汽蓝谷麦格纳汽车有限公司新能源汽车生产线升级改造项目（报告表）,,镇江市生态环境局,市本级,新能源汽车生产线升级改造项目,江苏省镇江市丹徒区上党镇北汽大道1号,丹徒,北汽蓝谷麦格纳汽车有限公司,江苏环保产业技术研究院股份公司,否,文件类型
镇江市,https://sthj.zhenjiang.gov.cn/sthj/slqkgs/xxgk_list.shtml,https://sthj.zhenjiang.gov.cn/sthj/slqkgs/202510/76333b9934c841588cd065cddce9a621.shtml,辐射项目环境影响评价文件受理情况公示——镇江市京口产业投资发展集团有限公司国能八期配套220kV谏圌2Y69线1#-3#迁改等工程（报告表）,,镇江市生态环境局,市本级,国能八期配套220kV谏圌2Y69线1#-3#迁改等工程,线路位于江苏省镇江市京口区谏壁街道（京口经济开发区）和镇江经济技术开发区大港街道境内,京口,镇江市京口产业投资发展集团有限公司,江苏通凯生态科技有限公司,是,业务类别
镇江市,https://sthj.zhenjiang.gov.cn/sthj/slqkgs/xxgk_list.shtml,https://sthj.zhenjiang.gov.cn/sthj/slqkgs/202510/c16b170522ea4cc4988faf31481d4d28.shtml,辐射项目环境影响评价文件受理情况公示——国网江苏省电力有限公司镇江供电分公司江苏镇江建山110千伏变电站1号2号主变增容工程（报告表）,,镇江市生态环境局,市本级,江苏镇江建山110千伏变电站1号2号主变增容工程,江苏省镇江市丹阳市丹北镇,丹阳,国网江苏省电力有限公司镇江供电分公司,江苏方天电力技术有限公司,是,业务类别
镇江市,https://sthj.zhenjiang.gov.cn/sthj/slqkgs/xxgk_list.shtml,https://sthj.zhenjiang.gov.cn/sthj/slqkgs/202510/0ecd6a2e4e8b4fc69e6d587bcdeed35f.shtml,环境影响评价文件受理公示--江苏鼎盛重工有限公司鼎盛重工海工装备基地部总装场地建设项目(报告表),,镇江市生态环境局,市本级,鼎盛重工海工装备基地部总装场地建设项目,江苏省镇江市京口区新民洲临港产业园,京口,江苏鼎盛重工有限公司,长江水资源保护科学研究所,否,文件类型
镇江市,https://sthj.zhenjiang.gov.cn/sthj/slqkgs/xxgk_list.shtml,https://sthj.zhenjiang.gov.cn/sthj/slqkgs/202510/7d6073acafc24f288f5258b369bc9000.shtml,辐射项目环境影响评价文件受理情况公示——江苏汇能重工有限公司扩建1台X射线实时成像检测系统项目（报告表）,,镇江市生态环境局,市本级,江苏汇能重工有限公司扩建1台X射线实时成像检测系统项目,江苏省镇江市丹阳市珥陵镇北（护国村丹金公路东侧）公司厂区机加工车间东部,丹阳,江苏汇能重工有限公司,江苏玖清玖蓝环保科技有限公司,是,业务类别
镇江市,https://sthj.zhenjiang.gov.cn/sthj/slqkgs/xxgk_list.shtml,https://sthj.zhenjiang.gov.cn/sthj/slqkgs/202510/b438132ee53c4f2cbdec15d17d555b86.shtml,环境影响评价文件受理情况公示——镇江市官塘创新社区管理委员会宜城大道（环山路-金润大道）道路建设及沿线环境整治项目,,镇江市生态环境局,市本级,宜城大道（环山路-金润大道）道路建设及沿线环境整治项目,江苏省：镇江市官塘新城内，北起环山路，南至金润大道,,镇江市官塘创新社区管理委员会,佛山市焱瑞源环保工程有限公司,否,无
镇江市,https://sthj.zhenjiang.gov.cn/sthj/slqkgs/xxgk_list.shtml,https://sthj.zhenjiang.gov.cn/sthj/slqkgs/202509/5691589eaf984206892bd891785ab48b.shtml,环境影响评价文件受理公示--丹阳市交通运输局233国道丹阳丹徒界至122省道段（报告书）,,镇江市生态环境局,市本级,233国道丹阳丹徒界至122省道段,丹阳经开区、访仙镇,丹阳,丹阳市交通运输局,华设设计集团股份有限公司,否,文件类型
镇江市,https://sthj.zhenjiang.gov.cn/sthj/slqkgs/xxgk_list.shtml,https://sthj.zhenjiang.gov.cn/sthj/slqkgs/202509/2115c67f8b4842bda008462ce2689ffa.shtml,环境影响评价文件受理公示--镇江金叶螺旋桨有限公司高效船舶推进装置节能制造技改项目（报告表）,,镇江市生态环境局,市本级,高效船舶推进装置节能制造技改项目,江苏省镇江市京口经济开发区,京口,镇江金叶螺旋桨有限公司,南京瑞轩环保科技有限公司,否,文件类型
镇江市,https://sthj.zhenjiang.gov.cn/sthj/slqkgs/xxgk_list.shtml,https://sthj.zhenjiang.gov.cn/sthj/slqkgs/202509/306ec3087bf94b0f849bf09e2e46d624.shtml,辐射项目环境影响评价文件受理情况公示——镇江市吉鸿新能源科技有限公司高资街道100MW中科大新型高效农光复合利用项目（110kV输变电工程）（报告表）,,镇江市生态环境局,市本级,高资街道100MW中科大新型高效农光复合利用项目（110kV输变电工程）,江苏省镇江市丹徒区高资街道石马村,丹徒,镇江市吉鸿新能源科技有限公司,江苏睿源环境科技有限公司,是,业务类别
镇江市,https://sthj.zhenjiang.gov.cn/sthj/slqkgs/xxgk_list.shtml,https://sthj.zhenjiang.gov.cn/sthj/slqkgs/202509/0bccc91a225c4bdf8ac21e515d204b34.shtml,辐射项目环境影响评价文件受理情况公示——江苏大渡新材料有限公司大渡110kV变电站扩容改造项目（报告表）,,镇江市生态环境局,市本级,大渡110kV变电站扩容改造项目,扬中市经济开发区港隆路968号,扬中,江苏大渡新材料有限公司,南京瑞森辐射技术有限公司,是,业务类别
镇江市,https://sthj.zhenjiang.gov.cn/sthj/slqkgs/xxgk_list.shtml,https://sthj.zhenjiang.gov.cn/sthj/slqkgs/202508/e25ab343e40f4e1f812e8524526beed3.shtml,环境影响评价文件受理情况公示——镇江市润州区哆利宠物服务有限公司镇江市润州区哆利宠物医院建设项目（报告表）,,镇江市生态环境局,市本级,镇江市润州区哆利宠物医院建设项目,镇江市润州区朱方路209-47号,润州,镇江市润州区哆利宠物服务有限公司,江苏润环环境科技有限公司,否,文件类型
镇江市,https://sthj.zhenjiang.gov.cn/sthj/slqkgs/xxgk_list.shtml,https://sthj.zhenjiang.gov.cn/sthj/slqkgs/202508/a20216ff8d514b858a9f3a42d2377b84.shtml,环境影响评价文件受理情况公示--镇江永发机电设备有限公司年产1.2万件钣金件项目（报告表）,,镇江市生态环境局,市本级,年产1.2万件钣金件项目,江苏省镇江市丹徒区恒顺大道9号,丹徒,镇江永发机电设备有限公司,镇江鸿盛环保科技有限公司,否,文件类型
镇江市,https://sthj.zhenjiang.gov.cn/sthj/slqkgs/xxgk_list.shtml,https://sthj.zhenjiang.gov.cn/sthj/slqkgs/202508/5e5b92c5684542f1accd15bfc34ececa.shtml,环境影响评价文件受理情况公示--江苏蓝圈新材料股份有限公司绿色砂浆生产线提升改造项目（报告表）,,镇江市生态环境局,市本级,绿色砂浆生产线提升改造项目,镇江市丹徒区谷阳东大道100号,丹徒,江苏蓝圈新材料股份有限公司,苏州瑞赛泽环境设计工程有限公司,否,文件类型
镇江市,https://sthj.zhenjiang.gov.cn/sthj/slqkgs/xxgk_list.shtml,https://sthj.zhenjiang.gov.cn/sthj/slqkgs/202508/7fbe81d1d4e84aeaa3cc8ae64d343fcb.shtml,辐射项目环境影响评价文件受理情况公示——江苏绿叶锅炉有限公司扩建一台X射线实时成像检测装置项目（报告表）,,镇江市生态环境局,市本级,江苏绿叶锅炉有限公司扩建一台X射线实时成像检测装置项目,江苏省丹阳市皇塘镇工业园区1号公司三厂区I车间D跨西部,丹阳,江苏绿叶锅炉有限公司,江苏玖清玖蓝环保科技有限公司,是,业务类别
镇江市,https://sthj.zhenjiang.gov.cn/sthj/slqkgs/xxgk_list.shtml,https://sthj.zhenjiang.gov.cn/sthj/slqkgs/202508/1a762d51ff634f178f451c4a5e842cc4.shtml,辐射项目环境影响评价文件受理情况公示——丹阳市人民医院改建1座医用直线加速器机房项目（报告表）,,镇江市生态环境局,市本级,丹阳市人民医院改建1座医用直线加速器机房项目,江苏省镇江市丹阳市新民西路2号,丹阳,丹阳市人民医院,南京瑞森辐射技术有限公司,是,业务类别
镇江市,https://sthj.zhenjiang.gov.cn/sthj/slqkgs/xxgk_list.shtml,https://sthj.zhenjiang.gov.cn/sthj/slqkgs/202508/f0fd8bf4ed50407d8b26304218b2d1fe.shtml,环境影响评价文件受理情况公示--镇江先锋汽车零部件有限公司新能源汽车多域融通智能制造产业升级项目（报告表）,,镇江市生态环境局,市本级,新能源汽车多域融通智能制造产业升级项目,镇江市丹徒区宜冬路46号,丹徒,镇江先锋汽车零部件有限公司,江苏诚德安全环境科技有限公司,否,文件类型
镇江市,https://sthj.zhenjiang.gov.cn/sthj/slqkgs/xxgk_list.shtml,https://sthj.zhenjiang.gov.cn/sthj/slqkgs/202508/76d7af714b63441bb23bf7bbb8ff136b.shtml,环境影响评价文件受理情况公示--镇江威可特精密电子有限公司年产电子产品五金件4800万件项目（报告表）,,镇江市生态环境局,市本级,年产电子产品五金件4800万件项目,镇江市丹徒区辛丰镇石城村西石100-20号,丹徒,镇江威可特精密电子有限公司,苏州瑞赛泽环境设计工程有限公司,否,文件类型
镇江市,https://sthj.zhenjiang.gov.cn/sthj/slqkgs/xxgk_list.shtml,https://sthj.zhenjiang.gov.cn/sthj/slqkgs/202508/d73915d487a7491cb579367efbca0bb2.shtml,环境影响评价文件受理情况公示--镇江市春秋电子科技有限公司年产2500万件塑料零部件项目（报告表）,,镇江市生态环境局,市本级,年产2500万件塑料零部件,镇江市丹徒区恒园路81号,丹徒,镇江市春秋电子科技有限公司,苏州瑞赛泽环境设计工程有限公司,否,文件类型
镇江市,https://sthj.zhenjiang.gov.cn/sthj/slqkgs/xxgk_list.shtml,https://sthj.zhenjiang.gov.cn/sthj/slqkgs/202507/7dc8149c4c32425ebc4f41523ccdacf4.shtml,环境影响评价文件受理情况公示--镇江源欣新材料科技有限公司年产10万套儿童座椅项目（报告表）,,镇江市生态环境局,市本级,年产10万套儿童座椅项目,江苏省镇江市丹徒区丹徒谷阳大道东延99号3幢,丹徒,镇江源欣新材料科技有限公司,苏州瑞赛泽环境设计工程有限公司,否,文件类型
镇江市,https://sthj.zhenjiang.gov.cn/sthj/slqkgs/xxgk_list.shtml,https://sthj.zhenjiang.gov.cn/sthj/slqkgs/202507/78d9f14aa1e24a87bb88e64550641515.shtml,环境影响评价文件受理情况公示--镇江市丹徒宝佳新材料科技有限公司年产40万吨新型功能材料和15万吨砂项目（报告表）,,镇江市生态环境局,市本级,年产40万吨新型功能材料和15万吨砂项目,镇江市丹徒区高资街道通江路江苏扬子新型材料科技有限公司厂内,丹徒,镇江市丹徒宝佳新材料科技有限公司,镇江鸿盛环保科技有限公司,否,文件类型
镇江市,https://sthj.zhenjiang.gov.cn/sthj/slqkgs/xxgk_list.shtml,https://sthj.zhenjiang.gov.cn/sthj/slqkgs/202507/bde6d2ff429c46b2abeda159fdc13ca8.shtml,环境影响评价文件受理情况公示--江苏鑫升风机科技有限公司年产4万台套高效节能风机及8000台套智能环保设备项目（报告表）,,镇江市生态环境局,市本级,年产4万台套高效节能风机及8000台套智能环保设备项目,江苏省镇江市丹徒区镇江生态汽车产业园,丹徒,江苏鑫升风机科技有限公司,镇江康源环保科技有限公司,否,文件类型
镇江市,https://sthj.zhenjiang.gov.cn/sthj/slqkgs/xxgk_list.shtml,https://sthj.zhenjiang.gov.cn/sthj/slqkgs/202507/a7a86b40ab4246e49c7ad8ea5034b098.shtml,辐射项目环境影响评价文件受理情况公示——国网江苏省电力有限公司镇江供电分公司江苏镇江华阳~下蜀π入黄梅110千伏线路工程（报告表）,,镇江市生态环境局,市本级,江苏镇江华阳~下蜀π入黄梅110千伏线路工程,镇江市句容市黄梅街道、华阳街道,句容,国网江苏省电力有限公司镇江供电分公司,江苏方天电力技术有限公司,是,业务类别
镇江市,https://sthj.zhenjiang.gov.cn/sthj/slqkgs/xxgk_list.shtml,https://sthj.zhenjiang.gov.cn/sthj/slqkgs/202507/8f0856b4d14748d3b8b57a8019437bc6.shtml,环境影响评价文件受理情况公示--镇江泰富来纸业包装有限公司年产500万件医疗器械包装制品项目（报告表）,,镇江市生态环境局,市本级,年产500万件医疗器械包装制品,江苏省镇江市江苏丹徒经济开发区（管委会西800米）镇江循环电源有限公司厂房内,丹徒,镇江泰富来纸业包装有限公司,镇江环科工程咨询有限公司,否,文件类型
镇江市,https://sthj.zhenjiang.gov.cn/sthj/slqkgs/xxgk_list.shtml,https://sthj.zhenjiang.gov.cn/sthj/slqkgs/202507/79e4f1dbb99b4c049cd187e9a907b845.shtml,环境影响评价文件受理情况公示--大明可可制品（江苏）有限公司建设年加工可可豆30000吨，年产可可粉10000吨、可可白脱（可可脂 ）10000吨、可可液块3000吨、可可碎仁1000吨、巧克力及巧克力制品8000吨项目（报告表）,,镇江市生态环境局,市本级,建设年加工可可豆30000吨，年产可可粉10000吨、可可白脱（可可脂 ）10000吨、可可液块3000吨、可可碎仁1000吨、巧克力及巧克力制品8000吨项目,镇江市丹徒区丹梧路1号,丹徒,大明可可制品（江苏）有限公司,镇江康源环保科技有限公司,否,文件类型
镇江市,https://sthj.zhenjiang.gov.cn/sthj/slqkgs/xxgk_list.shtml,https://sthj.zhenjiang.gov.cn/sthj/slqkgs/202507/708497fbc374452c9f276b2c3089f5e8.shtml,环境影响评价文件受理情况公示--江苏卓迅汽车饰件有限公司年产250万套汽车内饰塑料件，200万套聚氨酯海绵及200万平方汽车用隔热保温材料项目（报告表）,,镇江市生态环境局,市本级,年产250万套汽车内饰塑料件，200万套聚氨酯海绵及200万平方汽车用隔热保温材料项目,江苏省镇江市丹徒区辛丰镇山北村,丹徒,江苏卓迅汽车饰件有限公司,镇江鸿盛环保科技有限公司,否,文件类型
镇江市,https://sthj.zhenjiang.gov.cn/sthj/slqkgs/xxgk_list.shtml,https://sthj.zhenjiang.gov.cn/sthj/slqkgs/202507/e6e916b64f3545c78aa45e8c65d42a7c.shtml,环境影响评价文件受理公示--乐工智造科技（江苏）有限公司年产2.5万吨智能化、模块化高性能材料支撑矩阵系统构件项目（报告表）,,镇江市生态环境局,市本级,年产2.5万吨智能化、模块化高性能材料支撑矩阵系统构件项目,江苏镇江京口经济开发区京口工业园区金鼎路33号,京口,乐工智造科技（江苏）有限公司,镇江环科工程咨询有限公司,否,文件类型
镇江市,https://sthj.zhenjiang.gov.cn/sthj/slqkgs/xxgk_list.shtml,https://sthj.zhenjiang.gov.cn/sthj/slqkgs/202507/992ac9214c1241a88827aaec39019a80.shtml,辐射项目环境影响评价文件受理情况公示——镇江鑫华储能科技有限公司镇江鑫华5万千瓦10万千瓦时储能电站（110kV输变电工程）（报告表）,,镇江市生态环境局,市本级,镇江鑫华5万千瓦/10万千瓦时储能电站（110kV输变电工程）,镇江市润州区韦岗街道原联合水泥厂旧址,润州,镇江鑫华储能科技有限公司,江苏睿源环境科技有限公司,是,业务类别
镇江市,https://sthj.zhenjiang.gov.cn/sthj/slqkgs/xxgk_list.shtml,https://sthj.zhenjiang.gov.cn/sthj/slqkgs/202506/f7ea14ec076d451ab7fd048efbf19e69.shtml,环境影响评价文件受理情况公示-镇江罐元集装箱服务有限公司罐式集装箱生产、清洗、维修项目（报告表）,,镇江市生态环境局,市本级,罐式集装箱生产、清洗、维修项目,镇江市丹徒区辛丰镇于南村168号,丹徒,镇江罐元集装箱服务有限公司,苏州瑞赛泽环境设计工程有限公司,否,文件类型
镇江市,https://sthj.zhenjiang.gov.cn/sthj/slqkgs/xxgk_list.shtml,https://sthj.zhenjiang.gov.cn/sthj/slqkgs/202506/f7db3c3568b14bc9b8c87d5a48c63f4a.shtml,环境影响评价文件受理情况公示--江苏鸿荣环保科技有限公司年产1500吨新能源汽车零部件及表面处理项目（报告表）,,镇江市生态环境局,市本级,年产1500吨新能源汽车零部件及表面处理项目,镇江市丹徒区荣炳盐资源区工业园区,丹徒,江苏鸿荣环保科技有限公司,镇江鸿盛环保科技有限公司,否,文件类型
镇江市,https://sthj.zhenjiang.gov.cn/sthj/slqkgs/xxgk_list.shtml,https://sthj.zhenjiang.gov.cn/sthj/slqkgs/202506/350e0c0df82844ba98d8d97ae8a55cbb.shtml,辐射项目环境影响评价文件受理情况公示——国网江苏省电力有限公司镇江供电分公司江苏镇江华润后白渔光互补发电项目110千伏送出工程（报告表）,,镇江市生态环境局,市本级,江苏镇江华润后白渔光互补发电项目110千伏送出工程,镇江市句容市后白镇、郭庄镇,句容,国网江苏省电力有限公司镇江供电分公司,江苏方天电力技术有限公司,是,业务类别
镇江市,https://sthj.zhenjiang.gov.cn/sthj/slqkgs/xxgk_list.shtml,https://sthj.zhenjiang.gov.cn/sthj/slqkgs/202506/00f80f296c4546ea8b7f4ce7c193258c.shtml,辐射项目环境影响评价文件受理情况公示——国网江苏省电力有限公司镇江供电分公司江苏镇江高资100MW农光复合利用项目110千伏送出工程（报告表）,,镇江市生态环境局,市本级,江苏镇江高资100MW农光复合利用项目110千伏送出工程,镇江市丹徒区高资街道、宜城街道,丹徒,国网江苏省电力有限公司镇江供电分公司,江苏方天电力技术有限公司,是,业务类别
镇江市,https://sthj.zhenjiang.gov.cn/sthj/slqkgs/xxgk_list.shtml,https://sthj.zhenjiang.gov.cn/sthj/slqkgs/202506/c0dd2b50f7324a96b7318b5e1c4488e3.shtml,环境影响评价文件受理情况公示--镇江市古运河（四明河至玉带河段）清淤工程 (报告表),,镇江市生态环境局,市本级,镇江市古运河（四明河至玉带河段）清淤工程,镇江市古运河（四明河至玉带河段）、四明河河口至丁卯高架桥、丹徒闸,丹徒,镇江市城市水利管理处,镇江环科工程咨询有限公司,否,文件类型
镇江市,https://sthj.zhenjiang.gov.cn/sthj/slqkgs/xxgk_list.shtml,https://sthj.zhenjiang.gov.cn/sthj/slqkgs/202506/1038cd0390334546a441dc3cb1c1c128.shtml,环境影响评价文件受理公示--中央储备粮镇江直属库有限公司一期板桩码头6#泊位植物油货物装卸工艺升级改造项目（报告表）,,镇江市生态环境局,市本级,一期板桩码头6#泊位植物油货物装卸工艺升级改造项目,江苏省镇江市京口区谏壁街道粮山社区,京口,中央储备粮镇江直属库有限公司,南京瑞轩环保科技有限公司,否,文件类型
镇江市,https://sthj.zhenjiang.gov.cn/sthj/slqkgs/xxgk_list.shtml,https://sthj.zhenjiang.gov.cn/sthj/slqkgs/202505/326390684f0d4b85a466e2f175f42dd4.shtml,辐射项目环境影响评价文件受理情况公示——华润新能源（句容）有限公司华润后白渔光互补发电配套110kV升压站建设项目（报告表）,,镇江市生态环境局,市本级,华润后白渔光互补发电配套110kV升压站建设项目,江苏省镇江市句容市后白镇西城村,句容,华润新能源（句容）有限公司,南京科泓环保技术有限责任公司,是,业务类别
镇江市,https://sthj.zhenjiang.gov.cn/sthj/slqkgs/xxgk_list.shtml,https://sthj.zhenjiang.gov.cn/sthj/slqkgs/202505/c17c2e1e54ac441bae35e1c69c8341f8.shtml,辐射项目环境影响评价文件受理情况公示——国网江苏省电力有限公司镇江供电分公司江苏镇江胡良220千伏变电站110千伏配套送出工程（报告表）,,镇江市生态环境局,市本级,江苏镇江胡良220千伏变电站110千伏配套送出工程,镇江市丹阳市曲阿街道、陵口镇、访仙镇,丹阳,国网江苏省电力有限公司镇江供电分公司,江苏方天电力技术有限公司,是,业务类别
镇江市,https://sthj.zhenjiang.gov.cn/sthj/slqkgs/xxgk_list.shtml,https://sthj.zhenjiang.gov.cn/sthj/slqkgs/202505/ec5f177194ca41a8bb5330dcdb26126e.shtml,环境影响评价文件受理公示--中集车辆太字节汽车车厢科技（镇江）有限公司中集车辆半挂车零部件生产基地项目（报告表）,,镇江市生态环境局,市本级,中集车辆半挂车零部件生产基地项目,江苏省镇江市京口经济开发区金鼎路33号,京口,中集车辆太字节汽车车厢科技（镇江）有限公司,江苏江大咨询有限公司,否,文件类型
镇江市,https://sthj.zhenjiang.gov.cn/sthj/slqkgs/xxgk_list.shtml,https://sthj.zhenjiang.gov.cn/sthj/slqkgs/202505/78339d25de974a8790389426654b0c77.shtml,环境影响评价文件受理情况公示-镇江大力液压马达股份有限公司年产150万台摆线液压马达及其配套产品生产线智改数转及迁建扩能项目（报告表）,,镇江市生态环境局,市本级,年产150万台摆线液压马达及其配套产品生产线智改数转及迁建扩能项目,镇江市丹徒区宜城街道兴园路5号,丹徒,镇江大力液压马达股份有限公司,苏州瑞赛泽环境设计工程有限公司,否,文件类型
镇江市,https://sthj.zhenjiang.gov.cn/sthj/slqkgs/xxgk_list.shtml,https://sthj.zhenjiang.gov.cn/sthj/slqkgs/202505/cf3b9fa2e8b44083996f7472aa10bdce.shtml,环境影响评价文件受理情况公示-镇江市鑫泰绝缘材料有限公司新型绝缘材料生产项目（报告表）,,镇江市生态环境局,市本级,新型绝缘材料生产项目,江苏省镇江市丹徒区高资街道一清路103号,丹徒,镇江市鑫泰绝缘材料有限公司,镇江环科工程咨询有限公司,否,文件类型
镇江市,https://sthj.zhenjiang.gov.cn/sthj/slqkgs/xxgk_list.shtml,https://sthj.zhenjiang.gov.cn/sthj/slqkgs/202505/18a93ee22b1d4f59a23e8a81092dd88b.shtml,环境影响评价文件受理情况公示-镇江宏联电工有限公司年产900万只散热器、150万只电抗器、300万只变压器、2800万只注塑塑料件项目（报告表）,,镇江市生态环境局,市本级,年产900万只散热器、150万只电抗器、300万只变压器、2800万只注塑塑料件项目,镇江市丹徒区高桥镇安丰工业园,丹徒,镇江宏联电工有限公司,江苏美鸿安全环境科技有限公司,否,文件类型
镇江市,https://sthj.zhenjiang.gov.cn/sthj/slqkgs/xxgk_list.shtml,https://sthj.zhenjiang.gov.cn/sthj/slqkgs/202505/ffd144b6ac0d416e948f373696f00ac9.shtml,辐射项目环境影响评价文件受理情况公示——江苏大全长江电器股份有限公司新建1台X射线实时成像检测装置项目（报告表）,,镇江市生态环境局,市本级,江苏大全长江电器股份有限公司新建1台X射线实时成像检测装置项目,扬中市新坝镇新中南路66号试验楼1层南部,扬中,江苏大全长江电器股份有限公司,江苏玖清玖蓝环保科技有限公司,是,业务类别
镇江市,https://sthj.zhenjiang.gov.cn/sthj/slqkgs/xxgk_list.shtml,https://sthj.zhenjiang.gov.cn/sthj/slqkgs/202504/d8bd3e9ac4c1499fb84e103ee06138d9.shtml,辐射项目环境影响评价文件受理情况公示——国网江苏省电力有限公司镇江供电分公司江苏镇江三峡新能源丹阳市司徒镇80兆瓦光伏项目110千伏送出工程（报告表）,,镇江市生态环境局,市本级,江苏镇江三峡新能源丹阳市司徒镇80兆瓦光伏项目110千伏送出工程,镇江市丹阳市司徒镇、延陵镇,丹阳,国网江苏省电力有限公司镇江供电分公司,江苏方天电力技术有限公司,是,业务类别
镇江市,https://sthj.zhenjiang.gov.cn/sthj/slqkgs/xxgk_list.shtml,https://sthj.zhenjiang.gov.cn/sthj/slqkgs/202504/7a74b9f701c04a54973af9c3a16e21df.shtml,辐射项目环境影响评价文件受理情况公示——国网江苏省电力有限公司镇江供电分公司江苏镇江三峡新能源丹阳市司徒镇40兆瓦光伏项目110千伏送出工程（报告表）,,镇江市生态环境局,市本级,江苏镇江三峡新能源丹阳市司徒镇40兆瓦光伏项目110千伏送出工程,镇江市丹阳市司徒镇,丹阳,国网江苏省电力有限公司镇江供电分公司,江苏方天电力技术有限公司,是,业务类别
镇江市,https://sthj.zhenjiang.gov.cn/sthj/slqkgs/xxgk_list.shtml,https://sthj.zhenjiang.gov.cn/sthj/slqkgs/202504/057cd8ba0bab4cb8b368b39b85de5ff9.shtml,环境影响评价文件受理情况公示--华润（镇江）新能源有限公司华润宝堰乡村振兴渔光互补发电项目（重新报批）（报告表）,,镇江市生态环境局,市本级,华润宝堰乡村振兴渔光互补发电项目（重新报批）,镇江市丹徒（区）宝堰镇鲁溪村、徐巷村、团结村等村,丹徒,华润（镇江）新能源有限公司,南京新萌芽环境工程有限公司,否,文件类型
镇江市,https://sthj.zhenjiang.gov.cn/sthj/slqkgs/xxgk_list.shtml,https://sthj.zhenjiang.gov.cn/sthj/slqkgs/202504/844182f3fc7e4963912783668656be8c.shtml,环境影响评价文件受理情况公示--江苏晟茂新材料科技有限公司年产2000吨塑料色母料项目（报告表）,,镇江市生态环境局,市本级,年产2000吨塑料色母料,江苏省镇江市丹徒区荣炳盐资源区军民路88号，奥联荣创产业园,丹徒,江苏晟茂新材料科技有限公司,南京山虞环保科技有限公司,否,文件类型
镇江市,https://sthj.zhenjiang.gov.cn/sthj/slqkgs/xxgk_list.shtml,https://sthj.zhenjiang.gov.cn/sthj/slqkgs/202503/059bf68e60704fe3991d96656e7d3a92.shtml,辐射项目环境影响评价文件受理情况公示——扬中市人民医院新增1台、搬迁1台DSA项目（报告表）,,镇江市生态环境局,市本级,新增1台、搬迁1台DSA项目,江苏省扬中市扬子中路235号,扬中,扬中市人民医院,南京瑞森辐射技术有限公司,是,业务类别
镇江市,https://sthj.zhenjiang.gov.cn/sthj/slqkgs/xxgk_list.shtml,https://sthj.zhenjiang.gov.cn/sthj/slqkgs/202503/788e776522204cfeb9d83d35c1136203.shtml,环境影响评价文件受理情况公示--江苏鹤林水泥有限公司2#水泥窑协同处置一般固废结构调整及燃料替代技改工程项目（报告表）,,镇江市生态环境局,市本级,2#水泥窑协同处置一般固废结构调整及燃料替代技改工程,江苏省镇江市丹徒区高资街道，江苏鹤林水泥有限公司厂区内,丹徒,江苏鹤林水泥有限公司,江苏环保产业技术研究院股份公司,否,文件类型
镇江市,https://sthj.zhenjiang.gov.cn/sthj/slqkgs/xxgk_list.shtml,https://sthj.zhenjiang.gov.cn/sthj/slqkgs/202503/196417fcbe98425393b22021e8949edc.shtml,环境影响评价文件受理情况公示--镇江宝盛轴承有限公司年产120万套轴承项目（报告表）,,镇江市生态环境局,市本级,年产120万套轴承项目,镇江市丹徒区辛丰镇前进河北路19号,丹徒,镇江宝盛轴承有限公司,苏州瑞赛泽环境设计工程有限公司,否,文件类型
镇江市,https://sthj.zhenjiang.gov.cn/sthj/slqkgs/xxgk_list.shtml,https://sthj.zhenjiang.gov.cn/sthj/slqkgs/202503/346d05b41b9a465697addfe5e501c0cf.shtml,环境影响评价文件受理情况公示--镇江远海包装有限公司塑料包装容器及配件、钢制框架生产项目（报告表）,,镇江市生态环境局,市本级,塑料包装容器及配件、钢制框架生产项目,镇江市丹徒区高新园丹梧路以南兴园路以东,丹徒,镇江远海包装有限公司,苏州瑞赛泽环境设计工程有限公司,否,文件类型
镇江市,https://sthj.zhenjiang.gov.cn/sthj/slqkgs/xxgk_list.shtml,https://sthj.zhenjiang.gov.cn/sthj/slqkgs/202503/87eab3be5d824840ba3bc24b2eb9e1f8.shtml,环境影响评价文件受理情况公示--镇江市通联阀门有限公司年产70万只塑料阀门项目（报告表）,,镇江市生态环境局,市本级,年产70万只塑料阀门项目,镇江市丹徒区高新产业园张巷壹路,丹徒,镇江市通联阀门有限公司,苏州瑞赛泽环境设计工程有限公司,否,文件类型
镇江市,https://sthj.zhenjiang.gov.cn/sthj/slqkgs/xxgk_list.shtml,https://sthj.zhenjiang.gov.cn/sthj/slqkgs/202503/fe404b96e87243319370c861d729d764.shtml,环境影响评价文件受理情况公示--镇江李长荣高性能材料有限公司年产4.5万吨电子级异丙醇扩建项目(报告书),,镇江市生态环境局,市本级,年产4.5万吨电子级异丙醇扩建项目,镇江市丹徒经济开发区高资街道二重大道226号现有厂区内,丹徒,镇江李长荣高性能材料有限公司,江苏润环环境科技有限公司,否,文件类型
镇江市,https://sthj.zhenjiang.gov.cn/sthj/slqkgs/xxgk_list.shtml,https://sthj.zhenjiang.gov.cn/sthj/slqkgs/202502/59d0008b29a14e419c335d7bca10b78f.shtml,环境影响评价文件受理情况公示--镇江中垒新材料科技有限公司年产硅胶泡棉30万平方米、阻燃硅胶布20万平方米、热管理材料100吨项目（报告表）,,镇江市生态环境局,市本级,年产硅胶泡棉30万平方米、阻燃硅胶布20万平方米、热管理材料100吨项目,镇江市丹徒区丹桂路1号,丹徒,镇江中垒新材料科技有限公司,苏州瑞赛泽环境设计工程有限公司,否,文件类型
镇江市,https://sthj.zhenjiang.gov.cn/sthj/slqkgs/xxgk_list.shtml,https://sthj.zhenjiang.gov.cn/sthj/slqkgs/202502/e54867be45ff4ad9be9af9b75de2a755.shtml,环境影响评价文件受理情况公示--镇江全晟科技有限公司年产5000台电器柜项目（报告表）,,镇江市生态环境局,市本级,年产5000台电器柜项目,镇江市丹徒区谷阳镇黄序村恒顺大道9号,丹徒,镇江全晟科技有限公司,镇江鸿盛环保科技有限公司,否,文件类型
镇江市,https://sthj.zhenjiang.gov.cn/sthj/slqkgs/xxgk_list.shtml,https://sthj.zhenjiang.gov.cn/sthj/slqkgs/202502/d29339da1f0a4037b7498ee92036463a.shtml,环境影响评价文件受理情况公示--江苏晶墨新材料科技有限公司年产6万件聚四氟乙烯（PTFE）密封制品项目（报告表）,,镇江市生态环境局,市本级,年产6万件聚四氟乙烯（PTFE）密封制品项目,镇江市丹徒区谷阳镇黄序村铁塔路13号厂区内,丹徒,江苏晶墨新材料科技有限公司,苏州瑞赛泽环境设计工程有限公司,否,文件类型
镇江市,https://sthj.zhenjiang.gov.cn/sthj/slqkgs/xxgk_list.shtml,https://sthj.zhenjiang.gov.cn/sthj/slqkgs/202501/1ee34c7a25d1461ca68f9090e33d54fe.shtml,辐射项目环境影响评价文件受理情况公示——国能江苏谏壁发电有限公司高桥镇渔光互补光伏项目110kV升压站项目（报告表）,,镇江市生态环境局,市本级,国能江苏谏壁发电有限公司高桥镇渔光互补光伏项目110kV升压站项目,镇江市丹徒区高桥镇疏港路以北，乾德路以东,丹徒,国能江苏谏壁发电有限公司,江苏睿源环境科技有限公司,是,业务类别
镇江市,https://sthj.zhenjiang.gov.cn/sthj/slqkgs/xxgk_list.shtml,https://sthj.zhenjiang.gov.cn/sthj/slqkgs/202501/7d2c1d6f69044975b766302657fd5a97.shtml,环境影响评价文件受理情况公示--镇江艺高儿童用品有限公司儿童座椅、推车等儿童用品的研发、生产、加工项目（报告表）,,镇江市生态环境局,市本级,儿童座椅、推车等儿童用品的研发、生产、加工项目,镇江市丹徒区高新园区宜春路以东、宜平路以南（江苏华通电力重工北侧）,丹徒,镇江艺高儿童用品有限公司,江苏南紫环境科技有限公司,否,文件类型
镇江市,https://sthj.zhenjiang.gov.cn/sthj/slqkgs/xxgk_list.shtml,https://sthj.zhenjiang.gov.cn/sthj/slqkgs/202501/31687e6417a44a4d90c17c68b2259db8.shtml,环境影响评价文件受理情况公示--镇江晟昊文创科技有限公司年产金属工艺品20000套项目（报告表）,,镇江市生态环境局,市本级,年产金属工艺品20000套,镇江市丹徒区辛丰镇德胜路68号,丹徒,镇江晟昊文创科技有限公司,苏州瑞赛泽环境设计工程有限公司,否,文件类型
镇江市,https://sthj.zhenjiang.gov.cn/sthj/slqkgs/xxgk_list.shtml,https://sthj.zhenjiang.gov.cn/sthj/slqkgs/202501/a35a2caa96a44fe59a3c90cc03642e22.shtml,环境影响评价文件受理情况公示--镇江澳盛轻量化汽车科技有限公司年产碳纤维汽车零部件110万件技改项目（报告表）,,镇江市生态环境局,市本级,年产碳纤维汽车零部件110万件技改项目,镇江市丹徒区宜城街道长香东大道66号,丹徒,镇江澳盛轻量化汽车科技有限公司,江苏诚德安全环境科技有限公司,否,文件类型
镇江市,https://sthj.zhenjiang.gov.cn/sthj/slqkgs/xxgk_list.shtml,https://sthj.zhenjiang.gov.cn/sthj/slqkgs/202501/dc934ab3c9ea4aaa85a446b23d846990.shtml,环境影响评价文件受理情况公示--江苏源通环境科技有限公司 镇江市建筑垃圾消纳场项目（报告表）,,镇江市生态环境局,市本级,镇江市建筑垃圾（工程渣土）消纳场建设项目,江苏省镇江市丹徒区高资街道水台村废弃采石宕口,丹徒,江苏源通环境科技有限公司,镇江环科工程咨询有限公司,否,文件类型
镇江市,https://sthj.zhenjiang.gov.cn/sthj/slqkgs/xxgk_list.shtml,https://sthj.zhenjiang.gov.cn/sthj/slqkgs/202501/b509973b10fa4b1ebe794f07ce673407.shtml,环境影响评价文件受理公示--2024年京口区一夜河、胜利港劣V类水体整治工程项目（报告表）,,镇江市生态环境局,市本级,2024年京口区一夜河、胜利港劣V类水体整治工程项目,江苏省镇江市京口区象山街道西起友谊港，南到玉带河，北至长江，东至一夜河东,京口,镇江市京口区象山街道办事处,江苏美鸿安全环境科技有限公司,否,文件类型
镇江市,https://sthj.zhenjiang.gov.cn/sthj/slqkgs/xxgk_list.shtml,https://sthj.zhenjiang.gov.cn/sthj/slqkgs/202501/ec57050b6eb94c64ba41cb52d9b3f3ab.shtml,辐射项目环境影响评价文件受理情况公示——国网江苏省电力有限公司镇江供电分公司江苏镇江中能绿电丹徒区荣炳盐资源区50兆瓦渔光互补光伏发电项目110千伏送出工程（报告表）,,镇江市生态环境局,市本级,江苏镇江中能绿电丹徒区荣炳盐资源区50兆瓦渔光互补光伏发电项目110千伏送出工程,江苏省镇江市丹徒区荣炳盐资源区、宝堰镇,丹徒,国网江苏省电力有限公司镇江供电分公司,江苏方天电力技术有限公司,是,业务类别
镇江市,https://sthj.zhenjiang.gov.cn/sthj/slqkgs/xxgk_list.shtml,https://sthj.zhenjiang.gov.cn/sthj/slqkgs/202412/9b7f38e72a3e4fefafe190d23b7b81a7.shtml,辐射项目环境影响评价文件受理情况公示——G4011扬溧高速镇江南互通至丹徒枢纽段扩建工程沿线110/220kV高压线迁改工程——220千伏镇上4M55/4M56线60#~62#段迁改工程（报告表）,,镇江市生态环境局,市本级,G4011扬溧高速镇江南互通至丹徒枢纽段扩建工程沿线110/220kV高压线迁改工程——220千伏镇上4M55/4M56线60#~62#段迁改工程,镇江市丹徒区宜城街道、谷阳镇,丹徒,镇江市交通工程建设管理有限公司,,是,业务类别
镇江市,https://sthj.zhenjiang.gov.cn/sthj/slqkgs/xxgk_list.shtml,https://sthj.zhenjiang.gov.cn/sthj/slqkgs/202412/f26c5510654d41d6adeb9a7cbb9eaf89.shtml,辐射项目环境影响评价文件受理情况公示——G4011扬溧高速镇江南互通至丹徒枢纽段扩建工程沿线110/220kV高压线迁改工程——220千伏上容4Y57/4Y58线42#~43#段迁改工程（报告表）,,镇江市生态环境局,市本级,G4011扬溧高速镇江南互通至丹徒枢纽段扩建工程沿线110/220kV高压线迁改工程——220千伏上容4Y57/4Y58线42#~43#段迁改工程,镇江市丹徒区上党镇,丹徒,镇江市交通工程建设管理有限公司,,是,业务类别
镇江市,https://sthj.zhenjiang.gov.cn/sthj/slqkgs/xxgk_list.shtml,https://sthj.zhenjiang.gov.cn/sthj/slqkgs/202412/daee184f2ce240a2a490c2c61be1d992.shtml,辐射项目环境影响评价文件受理情况公示——G4011扬溧高速镇江南互通至丹徒枢纽段扩建工程沿线110/220kV高压线迁改工程——220千伏上华2933/2934线9#~10#迁改工程（报告表）,,镇江市生态环境局,市本级,G4011扬溧高速镇江南互通至丹徒枢纽段扩建工程沿线110/220kV高压线迁改工程——220千伏上华2933/2934线9#~10#迁改工程,镇江市丹徒区谷阳镇,丹徒,镇江市交通工程建设管理有限公司,,是,业务类别
镇江市,https://sthj.zhenjiang.gov.cn/sthj/slqkgs/xxgk_list.shtml,https://sthj.zhenjiang.gov.cn/sthj/slqkgs/202412/ef59207c84494d4a816dcb8ebbae0657.shtml,辐射项目环境影响评价文件受理情况公示——G4011扬溧高速镇江南互通至丹徒枢纽段扩建工程沿线110220kV高压线迁改工程——220千伏上后29392940线5#~7#段迁改工程（报告表）,,镇江市生态环境局,市本级,G4011扬溧高速镇江南互通至丹徒枢纽段扩建工程沿线110/220kV高压线迁改工程——220千伏上后2939/2940线5#~7#段迁改工程,镇江市丹徒区谷阳镇,丹徒,镇江市交通工程建设管理有限公司,,是,业务类别
镇江市,https://sthj.zhenjiang.gov.cn/sthj/slqkgs/xxgk_list.shtml,https://sthj.zhenjiang.gov.cn/sthj/slqkgs/202412/fb7840d2960b42928c861b2ae02d11db.shtml,环境影响评价文件受理情况公示--国华（镇江丹徒）新能源有限公司国华荣炳渔光互补项目（报告表）,,镇江市生态环境局,市本级,国华（镇江丹徒）新能源有限公司,江苏省镇江市丹徒区荣炳盐资源区境内,丹徒,国华荣炳渔光互补项目,江苏诚德安全环境科技有限公司,否,文件类型
镇江市,https://sthj.zhenjiang.gov.cn/sthj/slqkgs/xxgk_list.shtml,https://sthj.zhenjiang.gov.cn/sthj/slqkgs/202412/cf37981528e94220bd98d47c68e6281d.shtml,环境影响评价文件受理情况公示--苏交控清洁能源江苏有限公司丹徒分公司苏交控宁沪高速仙人山服务区分散式风电项目（报告表）,,镇江市生态环境局,市本级,苏交控宁沪高速仙人山服务区分散式风电项目,宁沪高速（G42）仙人山服务区北区,,苏交控清洁能源江苏有限公司丹徒分公司,江苏诚德安全环境科技有限公司,否,文件类型
镇江市,https://sthj.zhenjiang.gov.cn/sthj/slqkgs/xxgk_list.shtml,https://sthj.zhenjiang.gov.cn/sthj/slqkgs/202412/9366d60f09c74b14b6d6359aa0f41e4a.shtml,环境影响评价文件受理情况公示--江苏飞鑫金属有限公司年产10万片金属钢材锯片项目（报告表）,,镇江市生态环境局,市本级,年产10万片金属钢材锯片项目,镇江市丹徒区荣炳盐资源区军民路88号奥联荣创产业园,丹徒,江苏飞鑫金属有限公司,南京山虞环保科技有限公司,否,文件类型
镇江市,https://sthj.zhenjiang.gov.cn/sthj/slqkgs/xxgk_list.shtml,https://sthj.zhenjiang.gov.cn/sthj/slqkgs/202412/7f94db7e6efd4aeb9fc342bbab8c71f7.shtml,辐射项目环境影响评价文件受理情况公示——丹徒区荣炳盐资源区50MW渔光互补光伏发电项目升压站及运行管理中心（报告表）,,镇江市生态环境局,市本级,丹徒区荣炳盐资源区50MW渔光互补光伏发电项目升压站及运行管理中心,江苏省镇江市丹徒区荣炳盐资源区曙光村,丹徒,镇江丹徒中能绿电新能源有限公司,,是,业务类别
镇江市,https://sthj.zhenjiang.gov.cn/sthj/slqkgs/xxgk_list.shtml,https://sthj.zhenjiang.gov.cn/sthj/slqkgs/202412/5c6c1752c97c481fa43396bdfc61c246.shtml,环境影响评价文件受理公示--中储粮镇江质检中心有限公司中储粮镇江质检中心实验室项目（报告表）,,镇江市生态环境局,市本级,中储粮镇江质检中心实验室项目,镇江市京口区谏壁镇粮山村中央储备粮镇江直属库有限公司内,京口,中储粮镇江质检中心有限公司,迪天环境技术南京股份有限公司,否,文件类型
镇江市,https://sthj.zhenjiang.gov.cn/sthj/slqkgs/xxgk_list.shtml,https://sthj.zhenjiang.gov.cn/sthj/slqkgs/202412/08ac0957265c4f4a8386620c9c4443cc.shtml,辐射项目环境影响评价文件受理情况公示——新建固定式X射线探伤项目（报告表）,,镇江市生态环境局,市本级,新建固定式X射线探伤项目,江苏省镇江市扬中市西来桥镇富民路8号,扬中,汇森生物设备镇江有限公司,,是,业务类别
镇江市,https://sthj.zhenjiang.gov.cn/sthj/slqkgs/xxgk_list.shtml,https://sthj.zhenjiang.gov.cn/sthj/slqkgs/202412/d2eb7a6bd05f4b319307d48193252110.shtml,辐射项目环境影响评价文件受理情况公示——国华（镇江丹徒）新能源有限公司丹徒辛丰渔光互补及配套储能电站项目（110kV升压站）（报告表）,,镇江市生态环境局,市本级,国华（镇江丹徒）新能源有限公司丹徒辛丰渔光互补及配套储能电站项目（110kV升压站）,江苏省镇江市丹徒区辛丰镇龙山村附近,丹徒,国华（镇江丹徒）新能源有限公司,,是,业务类别
镇江市,https://sthj.zhenjiang.gov.cn/sthj/slqkgs/xxgk_list.shtml,https://sthj.zhenjiang.gov.cn/sthj/slqkgs/202412/b8a34e7757a14bd2b58f5731437e061f.shtml,辐射项目环境影响评价文件受理情况公示——丹阳市延陵镇80兆瓦渔光互补光伏电站110kV升压站项目（报告表）,,镇江市生态环境局,市本级,丹阳市延陵镇80兆瓦渔光互补光伏电站110kV升压站项目,江苏省镇江市丹阳市延陵镇袁洋村,丹阳,丹阳市帷瑞新能源有限公司,,是,业务类别
镇江市,https://sthj.zhenjiang.gov.cn/sthj/slqkgs/xxgk_list.shtml,https://sthj.zhenjiang.gov.cn/sthj/slqkgs/202412/458de93ed32a414caaf5a8025d175269.shtml,环境影响评价文件受理情况公示--镇江佰利金属科技有限公司年产3000套复合热压机模板项目（报告表）,,镇江市生态环境局,市本级,年产3000套复合热压机模板,镇江市丹徒区宝堰镇曲阳路8号6幢102室,丹徒,镇江佰利金属科技有限公司,南京山虞环保科技有限公司,否,文件类型
镇江市,https://sthj.zhenjiang.gov.cn/sthj/slqkgs/xxgk_list.shtml,https://sthj.zhenjiang.gov.cn/sthj/slqkgs/202412/bdc817bab6b943c8bcc5fab48db7a40b.shtml,环境影响评价文件受理情况公示--镇江林天轻质材料有限公司EPP材料（发泡聚丙烯）年产量3000吨项目（报告表）,,镇江市生态环境局,市本级,EPP材料（发泡聚丙烯）年产量3000吨项目,镇江市丹徒区高新技术园区冷遹路88号,丹徒,镇江林天轻质材料有限公司,镇江鸿盛环保科技有限公司,否,文件类型
镇江市,https://sthj.zhenjiang.gov.cn/sthj/slqkgs/xxgk_list.shtml,https://sthj.zhenjiang.gov.cn/sthj/slqkgs/202411/c2bca9f31f1b424b91d143b122d6b404.shtml,环境影响评价文件受理情况公示--江苏云帆包装科技有限公司年产30万只食品和医药级包装容器研发制造项目（报告表）,,镇江市生态环境局,市本级,年产30万只食品和医药级包装容器研发制造项目,镇江市丹徒区上党镇燕江西路6号,丹徒,江苏云帆包装科技有限公司,苏州瑞赛泽环境设计工程有限公司,否,文件类型
镇江市,https://sthj.zhenjiang.gov.cn/sthj/slqkgs/xxgk_list.shtml,https://sthj.zhenjiang.gov.cn/sthj/slqkgs/202411/2bfb90fbfcee47d9ae9d2c0b2b0547b9.shtml,环境影响评价文件受理情况公示--江苏宏安变压器有限公司年产1000台变压器项目（报告表）,,镇江市生态环境局,市本级,年产1000台变压器项目,镇江市丹徒高新技术产业园盛丹路（原纬五路）18号,丹徒,江苏宏安变压器有限公司,江苏环保产业技术研究院股份公司,否,文件类型
镇江市,https://sthj.zhenjiang.gov.cn/sthj/slqkgs/xxgk_list.shtml,https://sthj.zhenjiang.gov.cn/sthj/slqkgs/202411/8589ac59d3874a4a83ee4c8364df3e81.shtml,环境影响评价文件受理情况公示-镇江市龙瀚包装有限公司年产120万个塑料堆码桶项目,,镇江市生态环境局,市本级,年产120万个塑料堆码桶项目,镇江市丹徒区宜城街道谷阳镇张巷村166号,丹徒,镇江市龙瀚包装有限公司,苏州瑞赛泽环境设计工程有限公司,否,无
镇江市,https://sthj.zhenjiang.gov.cn/sthj/slqkgs/xxgk_list.shtml,https://sthj.zhenjiang.gov.cn/sthj/slqkgs/202410/c20676b93e904c83bc3e879232b5ca5b.shtml,环境影响评价文件受理情况公示——镇江欧典金属科技有限公司年产纺织机械、环保设备等零配件1000万只项目（报告表）,,镇江市生态环境局,市本级,年产纺织机械、环保设备等零配件1000万只项目,江苏省镇江市润州区官塘镇沿江公路89号,润州,镇江欧典金属科技有限公司,苏州瑞赛泽环境设计工程有限公司,否,文件类型
镇江市,https://sthj.zhenjiang.gov.cn/sthj/slqkgs/xxgk_list.shtml,https://sthj.zhenjiang.gov.cn/sthj/slqkgs/202410/ca61f00009694a59b4eb8ad967286757.shtml,环境影响评价文件受理情况公示--镇江市瑞祥铝业科技有限公司新建年产1万吨铝制品生产线项目(报告书),,镇江市生态环境局,市本级,新建年产1万吨铝制品生产线项目,镇江市丹徒荣炳电子与精密制造产业园,丹徒,镇江市瑞祥铝业科技有限公司,南京山虞环保科技有限公司,否,文件类型
镇江市,https://sthj.zhenjiang.gov.cn/sthj/slqkgs/xxgk_list.shtml,https://sthj.zhenjiang.gov.cn/sthj/slqkgs/202410/bf1cbf0b78fe4305b2d77b6953319729.shtml,辐射项目环境影响评价文件受理情况公示——镇江陵口（胡良）220千伏输变电工程,,镇江市生态环境局,市本级,镇江陵口（胡良）220千伏输变电工程,江苏省镇江市丹阳市陵口镇、访仙镇、经济技术开发区,丹阳,国网江苏省电力有限公司镇江供电分公司,,是,业务类别
镇江市,https://sthj.zhenjiang.gov.cn/sthj/slqkgs/xxgk_list.shtml,https://sthj.zhenjiang.gov.cn/sthj/slqkgs/202410/1d11197e86c643ea96dd2f961bc2d59d.shtml,辐射项目环境影响评价文件受理情况公示——江苏镇江新坝110千伏变电站改造工程,,镇江市生态环境局,市本级,江苏镇江新坝110千伏变电站改造工程,江苏省镇江市扬中市新坝镇,扬中,国网江苏省电力有限公司镇江供电分公司,,是,业务类别
镇江市,https://sthj.zhenjiang.gov.cn/sthj/slqkgs/xxgk_list.shtml,https://sthj.zhenjiang.gov.cn/sthj/slqkgs/202409/65ef9ef35d17499cbcc0e2f076337a6c.shtml,环境影响评价文件受理公示--杰锞（镇江）实业有限公司新建木质家具制造项目（报告表）,,镇江市生态环境局,市本级,新建木质家具制造项目,镇江市京口区新民洲木业先进制造区内 25 号厂房,京口,杰锞（镇江）实业有限公司,南京山虞环保科技有限公司,否,文件类型
镇江市,https://sthj.zhenjiang.gov.cn/sthj/slqkgs/xxgk_list.shtml,https://sthj.zhenjiang.gov.cn/sthj/slqkgs/202409/4ae48ed476784b488660ec3eb01d5968.shtml,环境影响评价文件受理情况公示--金海宏业（镇江）沥青有限公司储罐区及码头货种变更改造项目（报告书),,镇江市生态环境局,市本级,储罐区及码头货种变更改造项目,江苏省镇江市丹徒经济开发区,丹徒,金海宏业（镇江）沥青有限公司,江苏环保产业技术研究院股份公司,否,文件类型
镇江市,https://sthj.zhenjiang.gov.cn/sthj/slqkgs/xxgk_list.shtml,https://sthj.zhenjiang.gov.cn/sthj/slqkgs/202409/14de92d299b04a1c92574a3013ad774e.shtml,环境影响评价文件受理情况公示--国家能源集团谏壁发电厂掺烧污泥技改项目（报告书),,镇江市生态环境局,市本级,掺烧污泥技改项目,镇江市京口区谏壁镇谏壁发电厂现有厂区内,京口,国家能源集团谏壁发电厂,南京迪天高新产业技术研究院有限公司,否,文件类型
镇江市,https://sthj.zhenjiang.gov.cn/sthj/slqkgs/xxgk_list.shtml,https://sthj.zhenjiang.gov.cn/sthj/slqkgs/202409/c129cf4c7aa44e978805ce3c8e3f9129.shtml,辐射项目环境影响评价文件受理情况公示——镇江航宇信达检验检测有限公司新建6座固定式X射线探伤铅房项目,,镇江市生态环境局,市本级,镇江航宇信达检验检测有限公司新建6座固定式X射线探伤铅房项目,江苏省镇江市经开区扬子江路363号,本级开发区,镇江航宇信达检验检测有限公司,,是,业务类别
镇江市,https://sthj.zhenjiang.gov.cn/sthj/slqkgs/xxgk_list.shtml,https://sthj.zhenjiang.gov.cn/sthj/slqkgs/202408/ecbf8daabef74fdabb70757ebae0d602.shtml,环境影响评价文件受理情况公示--镇江利德尔复合材料有限公司18000吨/年助剂技改项目(报告表),,镇江市生态环境局,市本级,18000吨/年助剂技改项目,丹徒经济开发区物理复配绿色产业园，镇江利德尔复合材料有限公司现有厂区内,丹徒,镇江利德尔复合材料有限公司,江苏国恒安全评价咨询服务有限公司,否,文件类型
镇江市,https://sthj.zhenjiang.gov.cn/sthj/slqkgs/xxgk_list.shtml,https://sthj.zhenjiang.gov.cn/sthj/slqkgs/202408/54703eae72334ea495ed2ccb51332fdb.shtml,辐射项目环境影响评价文件受理情况公示--三峡丹阳市司徒镇40MW茶光互补及80MW渔光互补光伏发电项目配套110kV升压站工程（报告表）,,镇江市生态环境局,市本级,三峡丹阳市司徒镇40MW茶光互补及80MW渔光互补光伏发电项目配套110kV升压站工程,江苏省镇江市丹阳市司徒镇丁庄村,丹阳,三峡丹阳公用发电有限公司,,是,业务类别
镇江市,https://sthj.zhenjiang.gov.cn/sthj/slqkgs/xxgk_list.shtml,https://sthj.zhenjiang.gov.cn/sthj/slqkgs/202408/2b056ce102f6496eb2d5b7dd7584040b.shtml,辐射项目环境影响评价文件受理情况公示--扩建1台X射线检测装置项目（报告表）,,镇江市生态环境局,市本级,扩建1台X射线检测装置项目,丹阳市经济开发区大亚产业园大亚路6号,丹阳,大亚车轮制造有限公司,,是,业务类别
镇江市,https://sthj.zhenjiang.gov.cn/sthj/slqkgs/xxgk_list.shtml,https://sthj.zhenjiang.gov.cn/sthj/slqkgs/202407/ae856a8c4b154b2cacf047464336757b.shtml,辐射项目环境影响评价文件受理情况公示--江苏文华重工有限公司新建1座固定式X射线探伤铅房及1台X射线实时成像检测装置项目（报告表）,,镇江市生态环境局,市本级,江苏文华重工有限公司新建1座固定式X射线探伤铅房及1台X射线实时成像检测装置项目,江苏省丹阳市丹北镇埤城华宇路2号10幢一层车间西北部,丹阳,江苏文华重工有限公司,,是,业务类别
镇江市,https://sthj.zhenjiang.gov.cn/sthj/slqkgs/xxgk_list.shtml,https://sthj.zhenjiang.gov.cn/sthj/slqkgs/202407/cf446e9da977492eb8ebb566862708e1.shtml,辐射项目环境影响评价文件受理情况公示--丹阳市妇幼保健院（丹阳市第二人民医院）新增一台DSA项目（报告表）,,镇江市生态环境局,市本级,丹阳市妇幼保健院（丹阳市第二人民医院）新增一台DSA项目,江苏省镇江市丹阳市开发区九曲路33号,丹阳,丹阳市妇幼保健院（丹阳市第二人民医院）,,是,业务类别
镇江市,https://sthj.zhenjiang.gov.cn/sthj/slqkgs/xxgk_list.shtml,https://sthj.zhenjiang.gov.cn/sthj/slqkgs/202406/3524486cd8b645e3901a1e2eb7033f38.shtml,环境影响评价文件受理情况公示-- 江苏华电镇江丹徒辛丰镇渔光互补光伏发电项目(报告表),,镇江市生态环境局,市本级,江苏华电镇江丹徒辛丰镇渔光互补光伏发电项目,镇江市丹徒区辛丰镇石城村、下方村、东街村、南岗村,丹徒,华电江苏句容新能源有限公司,北京文华东方环境科技有限公司,否,文件类型
镇江市,https://sthj.zhenjiang.gov.cn/sthj/slqkgs/xxgk_list.shtml,https://sthj.zhenjiang.gov.cn/sthj/slqkgs/202406/c16e0f107d63472696c04fb3713439f4.shtml,环境影响评价文件受理情况公示--镇江舜天船用设备制造有限公司船用柴油机零部件及自动化研发项目(报告表),,镇江市生态环境局,市本级,船用柴油机零部件及自动化研发项目,丹徒区高新技术产业园,丹徒,镇江舜天船用设备制造有限公司,北京文华东方环境科技有限公司,否,文件类型
镇江市,https://sthj.zhenjiang.gov.cn/sthj/slqkgs/xxgk_list.shtml,https://sthj.zhenjiang.gov.cn/sthj/slqkgs/202406/8ce75d63f79345dc8158492f0bbdbbc2.shtml,辐射项目环境影响评价文件受理情况公示--镇江容西220千伏变电站第二台主变扩建工程（报告表）,,镇江市生态环境局,市本级,镇江容西220千伏变电站第二台主变扩建工程,镇江市句容市黄梅街道,句容,国网江苏省电力有限公司镇江供电分公司,,是,业务类别
镇江市,https://sthj.zhenjiang.gov.cn/sthj/slqkgs/xxgk_list.shtml,https://sthj.zhenjiang.gov.cn/sthj/slqkgs/202406/7797322f014f4d809203acff94c7dcd6.shtml,辐射项目环境影响评价文件受理情况公示--镇江荆林110千伏变电站3号主变扩建工程（报告表）,,镇江市生态环境局,市本级,镇江荆林110千伏变电站3号主变扩建工程,江苏省镇江市丹阳市经济技术开发区,丹阳,国网江苏省电力有限公司镇江供电分公司,,是,业务类别
镇江市,https://sthj.zhenjiang.gov.cn/sthj/slqkgs/xxgk_list.shtml,https://sthj.zhenjiang.gov.cn/sthj/slqkgs/202406/d47ba9e2123e4503ad3f3aad82c5623c.shtml,环境影响评价文件受理情况公示--镇江李长荣高性能材料有限公司服务丹徒经济开发区复配绿色产业园转型升级改造项目（报告书）,,镇江市生态环境局,市本级,镇江李长荣高性能材料有限公司服务丹徒经济开发区复配绿色产业园转型升级改造项目,江苏省镇江市丹徒经济开发区高资街道二重大道226号,丹徒,镇江李长荣高性能材料有限公司,江苏环保产业技术研究院股份公司,否,文件类型
镇江市,https://sthj.zhenjiang.gov.cn/sthj/slqkgs/xxgk_list.shtml,https://sthj.zhenjiang.gov.cn/sthj/slqkgs/202406/b52dd5ed4eb54b3592d7da8fd9f857ba.shtml,环境影响评价文件受理情况公示--立邦新型材料（江苏）有限公司立邦新型材料华东区域环保乳胶漆建设项目（报告表）,,镇江市生态环境局,市本级,立邦新型材料华东区域环保乳胶漆建设项目,镇江市句容市下蜀镇高新技术产业园沿江路7号,句容,立邦新型材料（江苏）有限公司,南大环境规划设计研究院（江苏）有限公司,否,文件类型
镇江市,https://sthj.zhenjiang.gov.cn/sthj/slqkgs/xxgk_list.shtml,https://sthj.zhenjiang.gov.cn/sthj/slqkgs/202405/00493718df3b449e96b4028cd229b7ee.shtml,环境影响评价文件受理情况公示--江苏普拉德新材料有限公司16万吨年固体废弃物资源综合利用项目（报告表）,,镇江市生态环境局,市本级,16万吨/年固体废弃物资源综合利用项目,镇江市丹徒经济开发区江苏普拉德新材料有限公司内,丹徒,江苏普拉德新材料有限公司,镇江环科工程咨询有限公司,否,文件类型
镇江市,https://sthj.zhenjiang.gov.cn/sthj/slqkgs/xxgk_list.shtml,https://sthj.zhenjiang.gov.cn/sthj/slqkgs/202405/b19a463b6d014e9e98a2fc569d7f5dc0.shtml,辐射项目环境影响评价文件受理情况公示--航发优材（镇江）增材制造有限公司扩建2座固定式X射线探伤铅房项目（报告表）,,镇江市生态环境局,市本级,航发优材（镇江）增材制造有限公司扩建2座固定式X射线探伤铅房项目,镇江市经开区培山路98号,本级开发区,航发优材（镇江）增材制造有限公司,,是,业务类别
镇江市,https://sthj.zhenjiang.gov.cn/sthj/slqkgs/xxgk_list.shtml,https://sthj.zhenjiang.gov.cn/sthj/slqkgs/202405/101c99f5ee0547768cda68fc42f59ccc.shtml,环境影响评价文件受理情况公示--扬中中扬环境建设有限公司扬中经开区工业废水处理厂新建工程项目（报告书）,,镇江市生态环境局,市本级,扬中经开区工业废水处理厂新建工程项目,镇江市扬中市江苏省扬中经济开发区外西侧,扬中,扬中中扬环境建设有限公司,江苏环保产业技术研究院股份公司,否,文件类型
镇江市,https://sthj.zhenjiang.gov.cn/sthj/slqkgs/xxgk_list.shtml,https://sthj.zhenjiang.gov.cn/sthj/slqkgs/202405/2009ef5938d24136aba9e360a9833975.shtml,环境影响评价文件受理情况公示--镇江市农业综合行政执法支队镇江渔政执法基地建设工程项目(报告表),,镇江市生态环境局,市本级,镇江渔政执法基地建设工程项目,长江提防京口区象山段外侧的江滩（原三合物流码头西侧至丹徒雨水泵站东侧之间区域）,京口,镇江市农业综合行政执法支队,镇江环科工程咨询有限公司,否,文件类型
镇江市,https://sthj.zhenjiang.gov.cn/sthj/slqkgs/xxgk_list.shtml,https://sthj.zhenjiang.gov.cn/sthj/slqkgs/202404/d3f125ff24924d4b8b5358fd7f0fee49.shtml,环境影响评价文件受理公示—双生（镇江）包装材料有限公司年产3000吨拉伸缠绕膜、可降解水溶性PVA薄膜、生物基塑料PHA薄膜（报告表）,,镇江市生态环境局,市本级,年产3000吨拉伸缠绕膜、可降解水溶性PVA薄膜、生物基塑料PHA薄膜,镇江市丹徒区荣炳盐资源区奥联荣创产业园,丹徒,双生（镇江）包装材料有限公司,南京山虞环保科技有限公司,否,文件类型
镇江市,https://sthj.zhenjiang.gov.cn/sthj/slqkgs/xxgk_list.shtml,https://sthj.zhenjiang.gov.cn/sthj/slqkgs/202404/f52b9125d33549e99b6ba79d17728c6c.shtml,辐射项目环境影响评价文件受理情况公示—镇江吕南110千伏输变电工程,,镇江市生态环境局,市本级,镇江吕南110千伏输变电工程,江苏省镇江市丹阳市陵口镇、吕城镇,丹阳,国网江苏省电力有限公司镇江供电分公司,,是,业务类别
镇江市,https://sthj.zhenjiang.gov.cn/sthj/slqkgs/xxgk_list.shtml,https://sthj.zhenjiang.gov.cn/sthj/slqkgs/202404/076dcc1ff33348d1ad4b0deb87c89cba.shtml,辐射项目环境影响评价文件受理情况公示--江苏镇江华润宝堰130兆瓦光伏项目110千伏送出工程,,镇江市生态环境局,市本级,江苏镇江华润宝堰130兆瓦光伏项目110千伏送出工程,镇江市丹徒区宝堰镇、丹阳市延陵镇,丹徒,国网江苏省电力有限公司镇江供电分公司,,是,业务类别
镇江市,https://sthj.zhenjiang.gov.cn/sthj/slqkgs/xxgk_list.shtml,https://sthj.zhenjiang.gov.cn/sthj/slqkgs/202404/1951c11db88549f8a73c6ef33a82eaff.shtml,辐射项目环境影响评价文件受理情况公示--江苏镇江国能谏壁宝堰80兆瓦光伏项目110千伏送出工程,,镇江市生态环境局,市本级,江苏镇江国能谏壁宝堰80兆瓦光伏项目110千伏送出工程,镇江市丹徒区宝堰镇、上党镇,丹徒,国网江苏省电力有限公司镇江供电分公司,,是,业务类别
镇江市,https://sthj.zhenjiang.gov.cn/sthj/slqkgs/xxgk_list.shtml,https://sthj.zhenjiang.gov.cn/sthj/slqkgs/202404/ae6aca2564d14ec7948c7482106ae069.shtml,环境影响评价文件受理情况公示--镇江市丹徒区世业镇人民政府世业洲堤防整治工程项目(报告表),,镇江市生态环境局,市本级,世业洲堤防整治工程项目,镇江市丹徒区世业镇,丹徒,镇江市丹徒区世业镇人民政府,江苏普清工程技术有限公司,否,文件类型
镇江市,https://sthj.zhenjiang.gov.cn/sthj/slqkgs/xxgk_list.shtml,https://sthj.zhenjiang.gov.cn/sthj/slqkgs/202404/36e29d69c62048688f01d9fca1a15e32.shtml,环境影响评价文件受理情况公示--江苏柏菲特精密科技有限公司年产反射板30万面、控制柜10万套项目(报告表),,镇江市生态环境局,市本级,年产反射板30万面、控制柜10万套项目,镇江市丹徒区辛丰镇纬二路 6 号,丹徒,江苏柏菲特精密科技有限公司,苏州瑞赛泽环境设计工程有限公司,否,文件类型
镇江市,https://sthj.zhenjiang.gov.cn/sthj/slqkgs/xxgk_list.shtml,https://sthj.zhenjiang.gov.cn/sthj/slqkgs/202403/cdfe5c72d6b142ecb443fa3bf6f5338c.shtml,环境影响评价文件受理情况公示--宜药印务（江苏）有限公司医药包装华东生产基地项目(报告表),,镇江市生态环境局,市本级,医药包装华东生产基地项目,京口经济开发区航空航天中小企业基地二期9号10号厂房,京口,宜药印务（江苏）有限公司,南京瑞轩环保科技有限公司,否,文件类型
镇江市,https://sthj.zhenjiang.gov.cn/sthj/slqkgs/xxgk_list.shtml,https://sthj.zhenjiang.gov.cn/sthj/slqkgs/202403/eac60f3bffbd465eb6d59f0c2c200072.shtml,辐射项目环境影响评价文件受理情况公示--江苏中鑫检测科技有限公司新建移动式X射线探伤项目（报告表）,,镇江市生态环境局,市本级,江苏中鑫检测科技有限公司新建移动式X射线探伤项目,客户厂区内及野外探伤现场（探伤机贮存场所：江苏中鑫检测科技有限公司一层探伤机储藏室）,,江苏中鑫检测科技有限公司,,是,业务类别
镇江市,https://sthj.zhenjiang.gov.cn/sthj/slqkgs/xxgk_list.shtml,https://sthj.zhenjiang.gov.cn/sthj/slqkgs/202403/9f3b627338e14e9a9dc9b23db08754d2.shtml,环境影响评价文件受理情况公示--镇江丹徒中能绿电新能源有限公司丹徒区荣炳盐资源区50MW渔光互补光伏发电项目(报告表),,镇江市生态环境局,市本级,丹徒区荣炳盐资源区50MW渔光互补光伏发电项目,镇江市丹徒区荣炳盐资源区曙光村和蒲圩村境内,丹徒,镇江丹徒中能绿电新能源有限公司,中国能源建设集团江苏省电力设计院有限公司,否,文件类型
镇江市,https://sthj.zhenjiang.gov.cn/sthj/slqkgs/xxgk_list.shtml,https://sthj.zhenjiang.gov.cn/sthj/slqkgs/202402/476790e652e940dcb058c394c5f634bd.shtml,环境影响评价文件受理情况公示--江苏辉帆新材料科技有限公司年产5000吨珍珠棉生产新建项目(报告表),,镇江市生态环境局,市本级,年产5000吨珍珠棉生产新建项目,镇江市丹徒区新城韦家巷101号,丹徒,江苏辉帆新材料科技有限公司,南京鑫沃德环保科技有限公司,否,文件类型
镇江市,https://sthj.zhenjiang.gov.cn/sthj/slqkgs/xxgk_list.shtml,https://sthj.zhenjiang.gov.cn/sthj/slqkgs/202402/1644d93a256c43e393c971ee4eff98a8.shtml,环境影响评价文件受理情况公示--镇江鲜又美食品有限公司年产11960吨豆制品项目(报告表),,镇江市生态环境局,市本级,年产11960吨豆制品项目,镇江市丹徒区广园路72号,丹徒,镇江鲜又美食品有限公司,镇江生环科学技术有限公司,否,文件类型
镇江市,https://sthj.zhenjiang.gov.cn/sthj/slqkgs/xxgk_list.shtml,https://sthj.zhenjiang.gov.cn/sthj/slqkgs/202402/ab475ae388ab46738262dd54d411a262.shtml,环境影响评价文件受理情况公示--镇江先锋汽车零部件有限公司新增舒勒1250吨生产线技改项目(报告表),,镇江市生态环境局,市本级,新增舒勒1250吨生产线技改项目,镇江市丹徒区宜冬路46号,丹徒,镇江先锋汽车零部件有限公司,江苏普清工程技术有限公司,否,文件类型
镇江市,https://sthj.zhenjiang.gov.cn/sthj/slqkgs/xxgk_list.shtml,https://sthj.zhenjiang.gov.cn/sthj/slqkgs/202401/5bb17df0d0c54b9fbc598efdbec7d3ff.shtml,环境影响评价文件受理情况公示-- 镇江丹徒区兴友汽车配件有限公司园艺防护网项目(报告表),,镇江市生态环境局,市本级,园艺防护网项目,镇江市丹徒区上党镇薛村工业园区兴业路 26 号,丹徒,镇江市丹徒区兴友汽车配件有限公司,苏州瑞赛泽环境设计工程有限公司,否,文件类型
镇江市,https://sthj.zhenjiang.gov.cn/sthj/slqkgs/xxgk_list.shtml,https://sthj.zhenjiang.gov.cn/sthj/slqkgs/202401/13474e3e8b5d49748342f70e62390cba.shtml,环境影响评价文件受理情况公示--江苏大自然机动车回收拆解有限责任公司非机动电瓶车回收拆解（不含电瓶拆解）和废旧金属回收加工项目(报告表),,镇江市生态环境局,市本级,非机动电瓶车回收拆解（不含电瓶拆解）和废旧金属回收加工项目,镇江市丹徒区恒园路74号,丹徒,江苏大自然机动车回收拆解有限责任公司,苏州淀杉湖城市环境工程有限公司,否,文件类型
镇江市,https://sthj.zhenjiang.gov.cn/sthj/slqkgs/xxgk_list.shtml,https://sthj.zhenjiang.gov.cn/sthj/slqkgs/202401/4e91e5db78d045719e0b0b55bc2b741a.shtml,环境影响评价文件受理情况公示-- 江苏镇江奥创电缆科技有限公司年产110万千米电缆(报告表),,镇江市生态环境局,市本级,年产110万千米电缆,镇江市丹徒区瑞山东路9号科创中心3号厂房,丹徒,江苏镇江奥创电缆科技有限公司,苏州瑞赛泽环境设计工程有限公司,否,文件类型
镇江市,https://sthj.zhenjiang.gov.cn/sthj/slqkgs/xxgk_list.shtml,https://sthj.zhenjiang.gov.cn/sthj/slqkgs/202401/d894a4a10d8f4cc09c8a6615d927cedf.shtml,辐射项目环境影响评价文件受理情况公示--江苏镇江三峡新能源丹阳市皇塘镇150兆瓦光伏项目110千伏送出工程（报告表）,,镇江市生态环境局,市本级,江苏镇江三峡新能源丹阳市皇塘镇150兆瓦光伏项目110千伏送出工程,江苏省镇江市丹阳市陵口镇,丹阳,国网江苏省电力有限公司镇江供电分公司,,是,业务类别
镇江市,https://sthj.zhenjiang.gov.cn/sthj/slqkgs/xxgk_list.shtml,https://sthj.zhenjiang.gov.cn/sthj/slqkgs/202401/f1348c4d2a9a4a34b308b56371e43ee5.shtml,辐射项目环境影响评价文件受理情况公示--江苏镇江三峡新能源丹阳市导墅镇120兆瓦光伏项目110千伏送出工程（报告表）,,镇江市生态环境局,市本级,江苏镇江三峡新能源丹阳市导墅镇120兆瓦光伏项目110千伏送出工程,江苏省镇江市丹阳市陵口镇、吕城镇、导墅镇,丹阳,国网江苏省电力有限公司镇江供电分公司,,是,业务类别
镇江市,https://sthj.zhenjiang.gov.cn/sthj/slqkgs/xxgk_list.shtml,https://sthj.zhenjiang.gov.cn/sthj/slqkgs/202401/0f6435c665544ae8a21e09989589f07d.shtml,辐射项目环境影响评价文件受理情况公示--华润宝堰乡村振兴渔光互补发电项目变电站及运行管理中心（报告表）,,镇江市生态环境局,市本级,华润宝堰乡村振兴渔光互补发电项目变电站及运行管理中心,江苏省镇江市丹徒区宝堰镇徐巷村,丹徒,华润（镇江）新能源有限公司,,是,业务类别
镇江市,https://sthj.zhenjiang.gov.cn/sthj/slqkgs/xxgk_list.shtml,https://sthj.zhenjiang.gov.cn/sthj/slqkgs/202401/21dfd6a7e3d04e3f8c3706500bf774d2.shtml,环境影响评价文件受理情况公示--江苏金士盾家具有限公司全屋定制家具项目(报告表),,镇江市生态环境局,市本级,全屋定制家具,镇江市丹徒区辛丰镇于南村孙巷168号,丹徒,江苏金士盾家具有限公司,苏州瑞赛泽环境设计工程有限公司,否,文件类型
镇江市,https://sthj.zhenjiang.gov.cn/sthj/slqkgs/xxgk_list.shtml,https://sthj.zhenjiang.gov.cn/sthj/slqkgs/202401/7295c9066c474f3da57186327d3302a2.shtml,环境影响评价文件受理情况公示--晖煌材料有限公司炭基石墨烯光伏一体化材料及新型复合材料生产项目(报告表),,镇江市生态环境局,市本级,晖煌材料科技有限公司,镇江市润州区韦岗街道飞黄路 168 号,润州,炭基石墨烯光伏一体化材料及新型复合材料生产项目,江苏环保产业技术研究院股份有限公司,否,文件类型
镇江市,https://sthj.zhenjiang.gov.cn/sthj/slqkgs/xxgk_list.shtml,https://sthj.zhenjiang.gov.cn/sthj/slqkgs/202312/a76842982525483e9b196a77514e3272.shtml,辐射项目环境影响评价文件受理情况公示--镇江华山~五洲220千伏线路改造工程（报告表）,,镇江市生态环境局,市本级,镇江华山~五洲220千伏线路改造工程,镇江市高新区蒋乔街道、丹徒区高资街道和宜城街道,丹徒,国网江苏省电力有限公司镇江供电分公司,,是,业务类别
镇江市,https://sthj.zhenjiang.gov.cn/sthj/slqkgs/xxgk_list.shtml,https://sthj.zhenjiang.gov.cn/sthj/slqkgs/202312/74e9c98c719d4655a8d3440638276e29.shtml,环境影响评价文件受理情况公示-- 江苏美科医疗设备有限公司医疗器械产业园二期(报告表),,镇江市生态环境局,市本级,医疗器械产业园二期,镇江市丹徒区楚桥路799号,丹徒,江苏美科医疗设备有限公司,江苏博晟环境科技有限公司,否,文件类型
镇江市,https://sthj.zhenjiang.gov.cn/sthj/slqkgs/xxgk_list.shtml,https://sthj.zhenjiang.gov.cn/sthj/slqkgs/202312/47fec82a68ac43b5a67d8affd61d34cb.shtml,环境影响评价文件受理情况公示--镇江市德申环保科技有限公司废矿物油、废旧铅蓄电池收集、暂存、转运销售（不含拆解）项目(报告表),,镇江市生态环境局,市本级,废矿物油、废旧铅蓄电池收集、暂存、转运销售（不含拆解）项目,镇江市丹徒区新城广园路72号,丹徒,镇江市德申环保科技有限公司,江苏博晟环境科技有限公司,否,文件类型
镇江市,https://sthj.zhenjiang.gov.cn/sthj/slqkgs/xxgk_list.shtml,https://sthj.zhenjiang.gov.cn/sthj/slqkgs/202312/9286eb503d3e4f7483aa649914c7503b.shtml,辐射项目环境影响评价文件受理情况公示--江苏尚昆生物设备有限公司新建1座固定式X射线探伤房项目（报告表）,,镇江市生态环境局,市本级,江苏尚昆生物设备有限公司新建1座固定式X射线探伤房项目,扬中市开发区港茂路,扬中,江苏尚昆生物设备有限公司,,是,业务类别
镇江市,https://sthj.zhenjiang.gov.cn/sthj/slqkgs/xxgk_list.shtml,https://sthj.zhenjiang.gov.cn/sthj/slqkgs/202312/a65c1a634c8942bab552649d66679796.shtml,环境影响评价文件受理情况公示--海纳川镇江汽车部件有限公司年产16万套车轮总成项目(报告表),,镇江市生态环境局,市本级,年产16万套车轮总成项目,镇江市丹徒区上党镇生态汽车产业园18号,丹徒,海纳川镇江汽车部件有限公司,苏州瑞赛泽环境设计工程有限公司,否,文件类型
镇江市,https://sthj.zhenjiang.gov.cn/sthj/slqkgs/xxgk_list.shtml,https://sthj.zhenjiang.gov.cn/sthj/slqkgs/202312/eadc0ad9c3c0479c8b420d304a065356.shtml,辐射项目环境影响评价文件受理情况公示--南京至句容城际轨道交通工程—新华阳至句容110kV线路工程（报告表）,,镇江市生态环境局,市本级,南京至句容城际轨道交通工程—新华阳至句容110kV线路工程,江苏省镇江市句容市华阳街道,句容,江苏宁句轨道交通有限公司,,是,业务类别
镇江市,https://sthj.zhenjiang.gov.cn/sthj/slqkgs/xxgk_list.shtml,https://sthj.zhenjiang.gov.cn/sthj/slqkgs/202311/d8e8637178ea444188219ff418929a30.shtml,辐射项目环境影响评价文件受理情况公示--丹阳市延陵镇110kV升压站工程（报告表）,,镇江市生态环境局,市本级,丹阳市延陵镇110kV升压站工程,江苏省镇江市延陵镇,,丹阳市领跑新能源有限公司,,是,业务类别
镇江市,https://sthj.zhenjiang.gov.cn/sthj/slqkgs/xxgk_list.shtml,https://sthj.zhenjiang.gov.cn/sthj/slqkgs/202311/8263ec4472e041bb812b79b1d989744c.shtml,辐射项目环境影响评价文件受理情况公示--镇江新民110千伏开关站1号2号主变扩建工程（报告表）,,镇江市生态环境局,市本级,镇江新民110千伏开关站1号2号主变扩建工程,江苏省镇江市京口区新民洲,京口,国网江苏省电力有限公司镇江供电分公司,,是,业务类别
镇江市,https://sthj.zhenjiang.gov.cn/sthj/slqkgs/xxgk_list.shtml,https://sthj.zhenjiang.gov.cn/sthj/slqkgs/202311/ee6f8d495e5a41b39c7741327adda022.shtml,辐射项目环境影响评价文件受理情况公示--镇江万太~联合110千伏线路工程（报告表）,,镇江市生态环境局,市本级,镇江万太~联合110千伏线路工程,江苏省镇江市扬中市新坝镇,扬中,国网江苏省电力有限公司镇江供电分公司,,是,业务类别
镇江市,https://sthj.zhenjiang.gov.cn/sthj/slqkgs/xxgk_list.shtml,https://sthj.zhenjiang.gov.cn/sthj/slqkgs/202311/3953f604381149eea4183ceeb06599b0.shtml,辐射项目环境影响评价文件受理情况公示--镇江亭子110千伏变电站改造工程（报告表）,,镇江市生态环境局,市本级,镇江亭子110千伏变电站改造工程,江苏省镇江市句容市下蜀镇亭子村,句容,国网江苏省电力有限公司镇江供电分公司,,是,业务类别
镇江市,https://sthj.zhenjiang.gov.cn/sthj/slqkgs/xxgk_list.shtml,https://sthj.zhenjiang.gov.cn/sthj/slqkgs/202311/d49e12fece5d467bb0acfbe04cee729d.shtml,辐射项目环境影响评价文件受理情况公示--镇江界牌110千伏变电站2号主变扩建工程（报告表）,,镇江市生态环境局,市本级,镇江界牌110千伏变电站2号主变扩建工程,江苏省镇江市丹阳市界牌镇,丹阳,国网江苏省电力有限公司镇江供电分公司,,是,业务类别
镇江市,https://sthj.zhenjiang.gov.cn/sthj/slqkgs/xxgk_list.shtml,https://sthj.zhenjiang.gov.cn/sthj/slqkgs/202311/bc3ec51c75334a17b6dfb39e41363eb0.shtml,辐射项目环境影响评价文件受理情况公示--镇江高桥110千伏变电站1号主变扩建工程（报告表）,,镇江市生态环境局,市本级,镇江高桥110千伏变电站1号主变扩建工程,江苏省镇江市丹徒区高桥镇,丹徒,国网江苏省电力有限公司镇江供电分公司,,是,业务类别
镇江市,https://sthj.zhenjiang.gov.cn/sthj/slqkgs/xxgk_list.shtml,https://sthj.zhenjiang.gov.cn/sthj/slqkgs/202311/0f575c6d9dd24064b4332b6e249f8738.shtml,环境影响评价文件受理情况公示--镇江华特家居新材料有限公司年产1800吨塑料刷丝、500万把油漆刷的生产项目(报告表),,镇江市生态环境局,市本级,镇江华特家居新材料有限公司,江苏省镇江市丹徒区兴园路257号大院内4号楼,丹徒,年产1800吨塑料刷丝、500万把油漆刷的生产项目,苏州瑞赛泽环境设计工程有限公司,否,文件类型
镇江市,https://sthj.zhenjiang.gov.cn/sthj/slqkgs/xxgk_list.shtml,https://sthj.zhenjiang.gov.cn/sthj/slqkgs/202311/bbc4e285102e42cead8519cb5d1dce9d.shtml,辐射项目环境影响评价文件受理情况公示--江苏东方瑞吉能源装备有限公司扩建X射线探伤室项目（报告表）,,镇江市生态环境局,市本级,江苏东方瑞吉能源装备有限公司扩建X射线探伤室项目,镇江市新区临江西路28号,本级新区,江苏东方瑞吉能源装备有限公司,,是,业务类别
镇江市,https://sthj.zhenjiang.gov.cn/sthj/slqkgs/xxgk_list.shtml,https://sthj.zhenjiang.gov.cn/sthj/slqkgs/202311/3d24fe6720ba4312bfe871de882ffc61.shtml,辐射项目环境影响评价文件受理情况公示--丹阳市中医院扩建放射诊疗项目（报告表）,,镇江市生态环境局,市本级,丹阳市中医院扩建放射诊疗项目,丹阳市丹金路以东、庆丰路以北、锦绣路以西,丹阳,丹阳市中医院,,是,业务类别
镇江市,https://sthj.zhenjiang.gov.cn/sthj/slqkgs/xxgk_list.shtml,https://sthj.zhenjiang.gov.cn/sthj/slqkgs/202310/6f72446be70143178f6ac1effdb2a8f6.shtml,环境影响评价文件受理情况公示--镇江市重点水利工程建设管理中心谏壁节制闸长江引河生态修复工程项目(报告表),,镇江市生态环境局,市本级,谏壁节制闸长江引河生态修复工程项目,镇江市谏壁节制闸长江侧引河东西两岸管理范围内,,镇江市重点水利工程建设管理中心,江苏博晟环境科技有限公司,否,文件类型
镇江市,https://sthj.zhenjiang.gov.cn/sthj/slqkgs/xxgk_list.shtml,https://sthj.zhenjiang.gov.cn/sthj/slqkgs/202310/452113e1b2e549088cde5e69961461f7.shtml,辐射项目环境影响评价文件受理情况公示--句容市华联特种设备制造有限公司新建1座固定式X射线探伤房项目（报告表）,,镇江市生态环境局,市本级,句容市华联特种设备制造有限公司新建1座固定式X射线探伤房项目,句容市经济开发区北门外句卓路86号,句容,句容市华联特种设备制造有限公司,,是,业务类别
镇江市,https://sthj.zhenjiang.gov.cn/sthj/slqkgs/xxgk_list.shtml,https://sthj.zhenjiang.gov.cn/sthj/slqkgs/202310/038459930d3e42a99415db2eec01d557.shtml,环境影响评价文件受理情况公示--镇江丹徒中能绿电新能源有限公司丹徒区荣炳盐资源区50MW渔光互补光伏发电项目(报告表),,镇江市生态环境局,市本级,镇江丹徒中能绿电新能源有限公司,镇江市丹徒区荣炳盐资源区曙光村、蒲圩村,丹徒,丹徒区荣炳盐资源区50MW渔光互补光伏发电项目,中国能源建设集团江苏省电力设计院有限公司,否,文件类型
镇江市,https://sthj.zhenjiang.gov.cn/sthj/slqkgs/xxgk_list.shtml,https://sthj.zhenjiang.gov.cn/sthj/slqkgs/202310/b46603dd41f24a0aae9ee35b487f89f2.shtml,环境影响评价文件受理情况公示--镇江市丹徒区世业镇人民政府世业镇入江河道水生态保护与修复工程（报告表）,,镇江市生态环境局,市本级,镇江市丹徒区世业镇人民政府,镇江市丹徒区世业镇,丹徒,世业镇入江河道水生态保护与修复工程,镇江环科工程咨询有限公司,否,文件类型
镇江市,https://sthj.zhenjiang.gov.cn/sthj/slqkgs/xxgk_list.shtml,https://sthj.zhenjiang.gov.cn/sthj/slqkgs/202310/a049a83dc02243faa86e01aae8b3846c.shtml,环境影响评价文件受理情况公示-- 镇江中垒新材料科技有限公司热压缓冲材项目（报告表）,,镇江市生态环境局,市本级,热压缓冲材项目,镇江市丹徒区丹桂路1号,丹徒,镇江中垒新材料科技有限公司,苏州瑞赛泽环境设计工程有限公司,否,文件类型
镇江市,https://sthj.zhenjiang.gov.cn/sthj/slqkgs/xxgk_list.shtml,https://sthj.zhenjiang.gov.cn/sthj/slqkgs/202309/3b15639e23e24d7ea701d7f13b6786d9.shtml,辐射项目环境影响评价文件受理情况公示--国能江苏谏壁发电有限公司宝堰镇80MW农光渔光互补光伏电站110kV升压站项目（报告表）,,镇江市生态环境局,市本级,国能江苏谏壁发电有限公司宝堰镇80MW农光渔光互补光伏电站110kV升压站项目,江苏省镇江市丹徒区宝堰镇镇政府东北侧、刘甲村西南侧,丹徒,国能江苏谏壁发电有限公司,,是,业务类别
镇江市,https://sthj.zhenjiang.gov.cn/sthj/slqkgs/xxgk_list.shtml,https://sthj.zhenjiang.gov.cn/sthj/slqkgs/202309/0ce54f3272cd4622a3c592c4c6484a14.shtml,辐射项目环境影响评价文件受理情况公示--船港物流110kV变电站（报告表）,,镇江市生态环境局,市本级,船港物流110kV变电站,江苏省镇江市丹徒区高资街道勤丰村,丹徒,江苏船港物流有限公司,,是,业务类别
镇江市,https://sthj.zhenjiang.gov.cn/sthj/slqkgs/xxgk_list.shtml,https://sthj.zhenjiang.gov.cn/sthj/slqkgs/202309/3baec0b722d84714b3eeea9f34f418b5.shtml,辐射项目环境影响评价文件受理情况公示--丹阳市陵口镇110kV升压站工程（报告表）,,镇江市生态环境局,市本级,丹阳市陵口镇110kV升压站工程,江苏省镇江市陵口镇,,丹阳市领航新能源有限公司,,是,业务类别
镇江市,https://sthj.zhenjiang.gov.cn/sthj/slqkgs/xxgk_list.shtml,https://sthj.zhenjiang.gov.cn/sthj/slqkgs/202309/7eac9701301d47cd92f79bb3da3e3561.shtml,辐射项目环境影响评价文件受理情况公示--改建固定式X射线探伤项目（报告表）,,镇江市生态环境局,市本级,改建固定式X射线探伤项目,镇江市南徐大道388号,,镇江华东电力设备制造厂有限公司,,是,业务类别
镇江市,https://sthj.zhenjiang.gov.cn/sthj/slqkgs/xxgk_list.shtml,https://sthj.zhenjiang.gov.cn/sthj/slqkgs/202307/b75c0f064baa41a591bf6541fe1897e4.shtml,环境影响评价文件受理情况公示--镇江市城市水利管理处镇江市古运河（平政桥至四明河段）清淤工程(报告表),,镇江市生态环境局,市本级,镇江市古运河（平政桥至四明河段）清淤工程,镇江市古运河（平政桥至四明河段）、丹徒闸,丹徒,镇江市城市水利管理处,镇江环科工程咨询有限公司,否,文件类型
镇江市,https://sthj.zhenjiang.gov.cn/sthj/slqkgs/xxgk_list.shtml,https://sthj.zhenjiang.gov.cn/sthj/slqkgs/202307/33ea5ecf8a834831b595f954bffeb953.shtml,辐射项目环境影响评价文件受理情况公示--镇江西门110千伏变电站异地改造工程（报告表）,,镇江市生态环境局,市本级,镇江西门110千伏变电站异地改造工程,江苏省镇江市丹阳市延陵镇、云阳街道、司徒镇,丹阳,国网江苏省电力有限公司镇江供电分公司,,是,业务类别
镇江市,https://sthj.zhenjiang.gov.cn/sthj/slqkgs/xxgk_list.shtml,https://sthj.zhenjiang.gov.cn/sthj/slqkgs/202307/b5c76fbb69224f2381aaf0d7461df649.shtml,辐射项目环境影响评价文件受理情况公示--镇江容东~浮山π入新坊110千伏线路工程（报告表）,,镇江市生态环境局,市本级,镇江容东~浮山π入新坊110千伏线路工程,江苏省镇江市句容市茅山镇、华阳街道、后白镇,句容,国网江苏省电力有限公司镇江供电分公司,,是,业务类别
镇江市,https://sthj.zhenjiang.gov.cn/sthj/slqkgs/xxgk_list.shtml,https://sthj.zhenjiang.gov.cn/sthj/slqkgs/202307/38e52193fbe9426fb31e1cbefe15827e.shtml,辐射项目环境影响评价文件受理情况公示--镇江全州~锦湖T接西门110千伏线路改接工程（报告表）,,镇江市生态环境局,市本级,镇江全州~锦湖T接西门110千伏线路改接工程,江苏省镇江市丹阳市司徒镇,丹阳,国网江苏省电力有限公司镇江供电分公司,,是,业务类别
镇江市,https://sthj.zhenjiang.gov.cn/sthj/slqkgs/xxgk_list.shtml,https://sthj.zhenjiang.gov.cn/sthj/slqkgs/202307/385b65bffe0642a0bfcce2406caae833.shtml,辐射项目环境影响评价文件受理情况公示--镇江华阳~东昌110千伏线路工程（报告表）,,镇江市生态环境局,市本级,镇江华阳~东昌110千伏线路工程,江苏省镇江市句容市华阳街道、边城镇,句容,国网江苏省电力有限公司镇江供电分公司,,是,业务类别
镇江市,https://sthj.zhenjiang.gov.cn/sthj/slqkgs/xxgk_list.shtml,https://sthj.zhenjiang.gov.cn/sthj/slqkgs/202307/b4e31b0e105a4173bd29ec8bd8b82681.shtml,辐射项目环境影响评价文件受理情况公示—镇江北门110千伏变电站异地改造工程,,镇江市生态环境局,市本级,镇江北门110千伏变电站异地改造工程,江苏省镇江市丹阳市云阳街道、曲阿街道,丹阳,国网江苏省电力有限公司镇江供电分公司,,是,业务类别
镇江市,https://sthj.zhenjiang.gov.cn/sthj/slqkgs/xxgk_list.shtml,https://sthj.zhenjiang.gov.cn/sthj/slqkgs/202307/91856fba7dac42e48c6f672204be594e.shtml,辐射项目环境影响评价文件受理情况公示—镇江白兔110千伏输变电工程,,镇江市生态环境局,市本级,镇江白兔110千伏输变电工程,江苏省镇江市句容市白兔镇,句容,国网江苏省电力有限公司镇江供电分公司,,是,业务类别
镇江市,https://sthj.zhenjiang.gov.cn/sthj/slqkgs/xxgk_list.shtml,https://sthj.zhenjiang.gov.cn/sthj/slqkgs/202307/68fc8a13b6a44f01be816859eeb863fd.shtml,辐射项目环境影响评价文件受理情况公示--镇江裕久智能装备股份有限公司新建1台X射线实时成像检测装置项目（报告表）,,镇江市生态环境局,市本级,镇江裕久智能装备股份有限公司新建1台X射线实时成像检测装置项目,江苏省镇江市镇江新区大港五峰山路19号,本级新区,镇江裕久智能装备股份有限公司,,是,业务类别
镇江市,https://sthj.zhenjiang.gov.cn/sthj/slqkgs/xxgk_list.shtml,https://sthj.zhenjiang.gov.cn/sthj/slqkgs/202307/077136e6a3e44a91998ba9e32b4eefda.shtml,辐射项目环境影响评价文件受理情况公示--江苏智达高压电气有限公司新建固定式X射线探伤项目（报告表）,,镇江市生态环境局,市本级,新建固定式X射线探伤项目,江苏省镇江市句容经济开发区隆昌路18号,句容,江苏智达高压电气有限公司,,是,业务类别
镇江市,https://sthj.zhenjiang.gov.cn/sthj/slqkgs/xxgk_list.shtml,https://sthj.zhenjiang.gov.cn/sthj/slqkgs/202306/894acecaf7db4532826eca5419b6673f.shtml,环境影响评价文件受理情况公示--镇江建科建设科技有限公司绿色建材产能提升项目(报告表),,镇江市生态环境局,市本级,绿色建材产能提升项目,镇江市丹徒区高资镇正东村招甸,丹徒,镇江建科建设科技有限公司,南京山虞环保科技有限公司,否,文件类型
镇江市,https://sthj.zhenjiang.gov.cn/sthj/slqkgs/xxgk_list.shtml,https://sthj.zhenjiang.gov.cn/sthj/slqkgs/202306/dbb5e7ca4fbb498fa20fc06d94707d47.shtml,环境影响评价文件受理情况公示--镇江市夸克普精汽车电子系统有限公司汽车通风和加热部件华东生产基地项目(报告表),,镇江市生态环境局,市本级,汽车通风和加热部件华东生产基地项目,镇江市京口区京口经济开发区航空航天中小企业基地二期,京口,镇江市夸克普精汽车电子系统有限公司,江苏炟凯环境技术有限公司,否,文件类型
镇江市,https://sthj.zhenjiang.gov.cn/sthj/slqkgs/xxgk_list.shtml,https://sthj.zhenjiang.gov.cn/sthj/slqkgs/202306/bad153447db44f268d0f8245f5a8acd2.shtml,环境影响评价文件受理情况公示--江苏佳宜环保科技有限公司年处理30万只工业废桶、1500吨生活废塑料桶（瓶）清洗综合利用项目(报告书),,镇江市生态环境局,市本级,年处理30万只工业废桶、1500吨生活废塑料桶（瓶）清洗综合利用项目,镇江市丹阳经济开发区星火南路16-3东边楼,丹阳,江苏佳宜环保科技有限公司,南大环境规划设计研究院（江苏）有限公司,否,文件类型
镇江市,https://sthj.zhenjiang.gov.cn/sthj/slqkgs/xxgk_list.shtml,https://sthj.zhenjiang.gov.cn/sthj/slqkgs/202306/9b4f2413de3e407ea53d3074b0a6b696.shtml,环境影响评价文件受理情况公示--杰锞（镇江）实业有限公司新建木质家具制造项目(报告表),,镇江市生态环境局,市本级,新建木质家具制造项目,镇江市京口区新民洲木业先进制造区内25号厂房,京口,杰锞（镇江）实业有限公司,南京山虞环保科技有限公司,否,文件类型
镇江市,https://sthj.zhenjiang.gov.cn/sthj/slqkgs/xxgk_list.shtml,https://sthj.zhenjiang.gov.cn/sthj/slqkgs/202306/5f1d5e2c421d499f923c827021e213c9.shtml,环境影响评价文件受理情况公示--镇江市萃源新材料科技有限公司年产50亿米扎口线、30吨工艺花丝项目(报告表),,镇江市生态环境局,市本级,年产50亿米扎口线、30吨工艺花丝项目,镇江市丹徒区新城张巷村127号16幢,丹徒,镇江市萃源新材料科技有限公司,苏州瑞赛泽环境设计工程有限公司,否,文件类型
镇江市,https://sthj.zhenjiang.gov.cn/sthj/slqkgs/xxgk_list.shtml,https://sthj.zhenjiang.gov.cn/sthj/slqkgs/202306/f57150c01a9b4b8ebe2f9f50622328ae.shtml,环境影响评价文件受理情况公示--江苏语诣光电科技有限公司年产100万套多色成型汽车零配件项目(报告表),,镇江市生态环境局,市本级,年产100万套多色成型汽车零配件项目,镇江市丹徒区上党汽车零部件产业园,丹徒,江苏语诣光电科技有限公司,苏州瑞赛泽环境设计工程有限公司,否,文件类型
镇江市,https://sthj.zhenjiang.gov.cn/sthj/slqkgs/xxgk_list.shtml,https://sthj.zhenjiang.gov.cn/sthj/slqkgs/202306/cf279048c2254415aebb6918ae142cf4.shtml,环境影响评价文件受理情况公示--江苏甬润工具有限公司新建五金工具制造项目(报告表),,镇江市生态环境局,市本级,新建五金工具制造项目,镇江市丹徒区辛丰镇,丹徒,江苏甬润工具有限公司,苏州瑞赛泽环境设计工程有限公司,否,文件类型
镇江市,https://sthj.zhenjiang.gov.cn/sthj/slqkgs/xxgk_list.shtml,https://sthj.zhenjiang.gov.cn/sthj/slqkgs/202306/f213c741ce1d4e868b174576e743f723.shtml,环境影响评价文件受理情况公示--镇江强森特种玻璃有限公司年加工中空玻璃5万平方米、夹胶玻璃1万平方米项目(报告表),,镇江市生态环境局,市本级,年加工中空玻璃5万平方米、夹胶玻璃1万平方米项目,镇江市丹徒区广园路72号,丹徒,镇江强森特种玻璃有限公司,苏州瑞赛泽环境设计工程有限公司,否,文件类型
镇江市,https://sthj.zhenjiang.gov.cn/sthj/slqkgs/xxgk_list.shtml,https://sthj.zhenjiang.gov.cn/sthj/slqkgs/202306/efd66f2c4b2f45f697e79162b74e5c38.shtml,环境影响评价文件受理情况公示--江苏阿哩香食品有限公司年产7千吨调味料和食品添加剂项目(报告表),,镇江市生态环境局,市本级,年产7千吨调味料和食品添加剂项目,镇江市丹徒区长香东大道166号,丹徒,江苏阿哩香食品有限公司,苏州瑞赛泽环境设计工程有限公司,否,文件类型
镇江市,https://sthj.zhenjiang.gov.cn/sthj/slqkgs/xxgk_list.shtml,https://sthj.zhenjiang.gov.cn/sthj/slqkgs/202306/543eb16001da40e19638f09806869e89.shtml,环境影响评价文件受理情况公示--镇江富又康新型装饰材料有限公司年印刷300万米PVC地板膜项目(报告表),,镇江市生态环境局,市本级,年印刷300万米PVC地板膜项目,镇江市丹徒区恒园路88号,丹徒,镇江富又康新型装饰材料有限公司,镇江生环科学技术有限公司,否,文件类型
镇江市,https://sthj.zhenjiang.gov.cn/sthj/slqkgs/xxgk_list.shtml,https://sthj.zhenjiang.gov.cn/sthj/slqkgs/202306/45e297ef49534b2585d5eeaced4c563b.shtml,环境影响评价文件受理情况公示--镇江吉高新材料有限公司年产3500吨亲水铝箔项目(报告表),,镇江市生态环境局,市本级,年产3500吨亲水铝箔项目,镇江市丹徒区华园路60号,丹徒,镇江吉高新材料有限公司,江苏垒垚生态环境科技有限公司,否,文件类型
镇江市,https://sthj.zhenjiang.gov.cn/sthj/slqkgs/xxgk_list.shtml,https://sthj.zhenjiang.gov.cn/sthj/slqkgs/202306/e9e973a98ce942dc859f4b22b329f277.shtml,环境影响评价文件受理情况公示--海纳川海拉电子（江苏）有限公司海纳川海拉电子镇江扩建年产控制器800万件、灯板3000万件项目(报告表),,镇江市生态环境局,市本级,海纳川海拉电子镇江扩建年产控制器800万件、灯板3000万件项目,镇江市丹徒区上党镇生态汽车产业园,丹徒,海纳川海拉电子（江苏）有限公司,江苏国态环保集团有限公司,否,文件类型
镇江市,https://sthj.zhenjiang.gov.cn/sthj/slqkgs/xxgk_list.shtml,https://sthj.zhenjiang.gov.cn/sthj/slqkgs/202306/eac0dec94b9e47dd806222b2adf00d30.shtml,环境影响评价文件受理情况公示--镇江尚舜源新科技有限公司年产新型日用品项目(报告表),,镇江市生态环境局,市本级,年产新型日用品项目,京口区京口工业园谏辛路68号,京口,镇江尚舜源新科技有限公司,苏州瑞赛泽环境设计工程有限公司,否,文件类型
镇江市,https://sthj.zhenjiang.gov.cn/sthj/slqkgs/xxgk_list.shtml,https://sthj.zhenjiang.gov.cn/sthj/slqkgs/202306/070babeadadb4efdb407122f14087ca0.shtml,环境影响评价文件受理情况公示--镇江瑞比亚科技有限公司年产钢构件2万吨项目(报告表),,镇江市生态环境局,市本级,年产钢构件2万吨项目,丹徒区辛丰镇辛丰村,丹徒,镇江瑞比亚科技有限公司,苏州瑞赛泽环境设计工程有限公司,否,文件类型
镇江市,https://sthj.zhenjiang.gov.cn/sthj/slqkgs/xxgk_list.shtml,https://sthj.zhenjiang.gov.cn/sthj/slqkgs/202306/5807fe83e34e4f7299f57e5661e6b1d2.shtml,环境影响评价文件受理情况公示--镇江力王新材料科技有限公司年产橡胶卷材300吨、橡胶片材500吨项目(报告表),,镇江市生态环境局,市本级,年产橡胶卷材300吨、橡胶片材500吨项目,丹徒区新城广园路72号,丹徒,镇江力王新材料科技有限公司,苏州瑞赛泽环境设计工程有限公司,否,文件类型
镇江市,https://sthj.zhenjiang.gov.cn/sthj/slqkgs/xxgk_list.shtml,https://sthj.zhenjiang.gov.cn/sthj/slqkgs/202306/50749e98299c456ca52c5eb713618b46.shtml,环境影响评价文件受理情况公示--江苏金士盾家具有限公司全屋定制家具项目(报告表),,镇江市生态环境局,市本级,全屋定制家具项目,丹徒区辛丰镇于南村,丹徒,江苏金士盾家具有限公司,苏州瑞赛泽环境设计工程有限公司,否,文件类型
镇江市,https://sthj.zhenjiang.gov.cn/sthj/slqkgs/xxgk_list.shtml,https://sthj.zhenjiang.gov.cn/sthj/slqkgs/202306/4e448b5be8924a5da77ce32ebfd689b2.shtml,环境影响评价文件受理情况公示--镇江金达环保科技有限公司年产8万吨生物质压块生产线新建项目(报告表),,镇江市生态环境局,市本级,年产8万吨生物质压块生产线新建项目,丹徒区辛丰镇于南村,丹徒,镇江金达环保科技有限公司,苏州瑞赛泽环境设计工程有限公司,否,文件类型
镇江市,https://sthj.zhenjiang.gov.cn/sthj/slqkgs/xxgk_list.shtml,https://sthj.zhenjiang.gov.cn/sthj/slqkgs/202306/cc73a4c90386435e8fd251f395c937fb.shtml,环境影响评价文件受理情况公示--镇江捷祥车辆厢舱系统工程有限公司方舱门、接口窗、千斤顶、方舱制造及附件生产项目(报告表),,镇江市生态环境局,市本级,方舱门、接口窗、千斤顶、方舱制造及附件生产项目,丹徒新城工业园恒园路88号,丹徒,镇江捷祥车辆厢舱系统工程有限公司,苏州瑞赛泽环境设计工程有限公司,否,文件类型
镇江市,https://sthj.zhenjiang.gov.cn/sthj/slqkgs/xxgk_list.shtml,https://sthj.zhenjiang.gov.cn/sthj/slqkgs/202306/fb1b017d53234b4d97cc27950eb31128.shtml,环境影响评价文件受理情况公示--镇江市润港港务有限公司镇江港龙门港镇江市润港港务有限公司临时浮码头工程(报告表),,镇江市生态环境局,市本级,镇江港龙门港镇江市润港港务有限公司临时浮码头工程,镇江市丹徒区马步桥河口上游侧，长江下游镇扬河段世业洲右汊水道右岸,丹徒,镇江市润港港务有限公司,江苏天翮环境科技有限公司,否,文件类型
镇江市,https://sthj.zhenjiang.gov.cn/sthj/slqkgs/xxgk_list.shtml,https://sthj.zhenjiang.gov.cn/sthj/slqkgs/202306/84e56ea81a8a4799930c3b766a32ad58.shtml,环境影响评价文件受理情况公示--江苏铭凯铝业有限公司年产50万平方米建筑幕墙铝单板项目(报告表),,镇江市生态环境局,市本级,年产50万平方米建筑幕墙铝单板项目,镇江市丹徒区辛丰镇,丹徒,江苏铭凯铝业有限公司,江苏环球嘉惠环境科学研究有限公司,否,文件类型
镇江市,https://sthj.zhenjiang.gov.cn/sthj/slqkgs/xxgk_list.shtml,https://sthj.zhenjiang.gov.cn/sthj/slqkgs/202306/2b309ee275674848b5511522c0d1a429.shtml,辐射项目环境影响评价文件受理情况公示--江苏绿叶锅炉有限公司扩建1台X射线实时成像检测装置项目（报告表）,,镇江市生态环境局,市本级,江苏绿叶锅炉有限公司扩建1台X射线实时成像检测装置项目,江苏省丹阳市皇塘镇常溧东路109号,丹阳,江苏绿叶锅炉有限公司,,是,业务类别
镇江市,https://sthj.zhenjiang.gov.cn/sthj/slqkgs/xxgk_list.shtml,https://sthj.zhenjiang.gov.cn/sthj/slqkgs/202306/5f988c27580b4e96986966923b27cd84.shtml,环境影响评价文件受理情况公示--江苏恒顺醋业股份有限公司恒顺官酱园项目(报告表),,镇江市生态环境局,市本级,恒顺官酱园项目,镇江市丹徒区恒顺大道66号,丹徒,江苏恒顺醋业股份有限公司,江苏国态环保集团有限公司,否,文件类型
镇江市,https://sthj.zhenjiang.gov.cn/sthj/slqkgs/xxgk_list.shtml,https://sthj.zhenjiang.gov.cn/sthj/slqkgs/202306/0fd80130285849d8a199d62248be7598.shtml,辐射项目环境影响评价文件受理情况公示--丹阳市导墅镇120MW渔光互补光伏项目及皇塘镇150MW渔光互补光伏项目配套110kV升压站工程（报告表）,,镇江市生态环境局,市本级,丹阳市导墅镇120MW渔光互补光伏项目及皇塘镇150MW渔光互补光伏项目配套110kV升压站工程,镇江市丹阳市导墅镇大华村,丹阳,三峡新能源发电（丹阳）有限公司,,是,业务类别
镇江市,https://sthj.zhenjiang.gov.cn/sthj/slqkgs/xxgk_list.shtml,https://sthj.zhenjiang.gov.cn/sthj/slqkgs/202306/e5e24b78b3324a2bb7eae511acbcfc88.shtml,环境影响评价文件受理情况公示--镇江索达精密机械有限公司CCT5系列操纵阀、HBBA系列液压助力器、CDB系列多路阀生产项目(报告表),,镇江市生态环境局,市本级,CCT5系列操纵阀、HBBA系列液压助力器、CDB系列多路阀生产项目,镇江市丹徒区铁塔路7号,丹徒,镇江索达精密机械有限公司,苏州瑞赛泽环境设计工程有限公司,否,文件类型
镇江市,https://sthj.zhenjiang.gov.cn/sthj/slqkgs/xxgk_list.shtml,https://sthj.zhenjiang.gov.cn/sthj/slqkgs/202305/e791c07fd4294ef1abc8389536723f3b.shtml,辐射项目环境影响评价文件受理情况公示--镇江协众丹阳市云阳街道大圣村50兆瓦光伏项目110千伏送出工程（报告表）,,镇江市生态环境局,市本级,镇江协众丹阳市云阳街道大圣村50兆瓦光伏项目110千伏送出工程,江苏省镇江市丹阳市司徒镇、云阳街道、延陵镇,丹阳,国网江苏省电力有限公司镇江供电分公司,,是,业务类别
镇江市,https://sthj.zhenjiang.gov.cn/sthj/slqkgs/xxgk_list.shtml,https://sthj.zhenjiang.gov.cn/sthj/slqkgs/202305/12c12aea307844b5966430b9f5960a53.shtml,辐射项目环境影响评价文件受理情况公示--镇江领跑丹阳市延陵镇150兆瓦光伏项目110千伏送出工程（报告表）,,镇江市生态环境局,市本级,镇江领跑丹阳市延陵镇150兆瓦光伏项目110千伏送出工程,江苏省镇江市丹阳市延陵镇、司徒镇,丹阳,国网江苏省电力有限公司镇江供电分公司,,是,业务类别
镇江市,https://sthj.zhenjiang.gov.cn/sthj/slqkgs/xxgk_list.shtml,https://sthj.zhenjiang.gov.cn/sthj/slqkgs/202305/89c9bdb5f5a14e1794dd5c5b7ef3eb08.shtml,辐射项目环境影响评价文件受理情况公示--镇江领航丹阳市陵口镇50兆瓦光伏项目110千伏送出工程（报告表）,,镇江市生态环境局,市本级,镇江领航丹阳市陵口镇50兆瓦光伏项目110千伏送出工程,江苏省镇江市丹阳市陵口镇、访仙镇,丹阳,国网江苏省电力有限公司镇江供电分公司,,是,业务类别
镇江市,https://sthj.zhenjiang.gov.cn/sthj/slqkgs/xxgk_list.shtml,https://sthj.zhenjiang.gov.cn/sthj/slqkgs/202305/be310438172740b4b52dc2efcc701597.shtml,环境影响评价文件受理情况公示--镇江市港航事业发展中心谏壁一线船闸扩容改造工程(报告表),,镇江市生态环境局,市本级,谏壁一线船闸扩容改造工程,镇江市京口区京杭大运河谏壁船闸,京口,镇江市港航事业发展中心,江苏环保产业技术研究院股份公司,否,文件类型
镇江市,https://sthj.zhenjiang.gov.cn/sthj/slqkgs/xxgk_list.shtml,https://sthj.zhenjiang.gov.cn/sthj/slqkgs/202305/14eb3e85f4714224923ee661b00ae0cb.shtml,环境影响评价文件受理情况公示--镇江瑞峰特种装备有限公司年产100套集装箱方舱项目(报告表),,镇江市生态环境局,市本级,年产100套集装箱方舱,镇江市丹徒区长香东大道168号,丹徒,镇江瑞峰特种装备有限公司,苏州瑞赛泽环境设计工程有限公司,否,文件类型
镇江市,https://sthj.zhenjiang.gov.cn/sthj/slqkgs/xxgk_list.shtml,https://sthj.zhenjiang.gov.cn/sthj/slqkgs/202305/3beb3998b67941279d820d6efca5451f.shtml,环境影响评价文件受理情况公示--镇江市丹徒区广联电线有限公司年产600万条电源线项目(报告表),,镇江市生态环境局,市本级,年产600万条电源线项目,镇江市丹徒区长香东大道469号,丹徒,镇江市丹徒区广联电线有限公司,苏州瑞赛泽环境设计工程有限公司,否,文件类型
镇江市,https://sthj.zhenjiang.gov.cn/sthj/slqkgs/xxgk_list.shtml,https://sthj.zhenjiang.gov.cn/sthj/slqkgs/202305/402dcf9a15ee4675975eab859d652b67.shtml,辐射项目环境影响评价文件受理情况公示--巨宝精密加工（江苏）有限公司扩建1台工业CT装置项目（报告表）,,镇江市生态环境局,市本级,扩建1台工业CT装置项目,江苏省句容经济开发区巨宝路18号,句容,巨宝精密加工（江苏）有限公司,,是,业务类别
镇江市,https://sthj.zhenjiang.gov.cn/sthj/slqkgs/xxgk_list.shtml,https://sthj.zhenjiang.gov.cn/sthj/slqkgs/202305/549bb33208714d96a8a73725f5248779.shtml,环境影响评价文件受理情况公示--镇江模创汽车部件工业有限责任公司年产注塑精密件200万件项目(报告表),,镇江市生态环境局,市本级,年产注塑精密件200万件项目,镇江市丹徒区谷阳镇辛三路7号谷阳工业园内,丹徒,镇江模创汽车部件工业有限责任公司,镇江鸿盛环保科技有限公司,否,文件类型
镇江市,https://sthj.zhenjiang.gov.cn/sthj/slqkgs/xxgk_list.shtml,https://sthj.zhenjiang.gov.cn/sthj/slqkgs/202305/2cbe9f1b7ba14976ac9722093888e733.shtml,环境影响评价文件受理情况公示--镇江市丹徒区荣泰汽车配件厂电泳涂装自动生产线项目（报告表）,,镇江市生态环境局,市本级,电泳涂装自动生产线项目,镇江市丹徒区荣炳工业集中区,丹徒,镇江市丹徒区荣泰汽车配件厂,苏州淀杉湖城市环境工程有限公司,否,文件类型
镇江市,https://sthj.zhenjiang.gov.cn/sthj/slqkgs/xxgk_list.shtml,https://sthj.zhenjiang.gov.cn/sthj/slqkgs/202305/2337b9f7da11424391f7fd0f0de1068a.shtml,环境影响评价文件受理情况公示--镇江温氏畜牧有限公司生物质锅炉改成低氮燃气锅炉技改项目(报告表),,镇江市生态环境局,市本级,生物质锅炉改成低氮燃气锅炉技改项目,镇江市丹徒区辛丰镇黄墟楼安村,丹徒,镇江温氏畜牧有限公司,镇江鸿盛环保科技有限公司,否,文件类型
镇江市,https://sthj.zhenjiang.gov.cn/sthj/slqkgs/xxgk_list.shtml,https://sthj.zhenjiang.gov.cn/sthj/slqkgs/202304/ff981148d080476181a4087dd6cb5a02.shtml,环境影响评价文件受理情况公示--镇江澳盛轻量化汽车科技有限公司年产碳纤维汽车零部件21万件项目(报告表),,镇江市生态环境局,市本级,年产碳纤维汽车零部件21万件项目,镇江市丹徒区长香东大道66号,丹徒,镇江澳盛轻量化汽车科技有限公司,南京鑫沃德环保科技有限公司,否,文件类型
镇江市,https://sthj.zhenjiang.gov.cn/sthj/slqkgs/xxgk_list.shtml,https://sthj.zhenjiang.gov.cn/sthj/slqkgs/202304/887eabef6eb3415397761c1774cf116e.shtml,辐射项目环境影响评价文件受理情况公示--丹阳市申阳纱罩有限公司废纱罩暂存库退役治理工程（报告表）,,镇江市生态环境局,市本级,丹阳市申阳纱罩有限公司废纱罩暂存库退役治理工程,江苏省丹阳市丹北镇沿江大道、胡高路,丹阳,丹阳市丹北镇人民政府,,是,业务类别
镇江市,https://sthj.zhenjiang.gov.cn/sthj/slqkgs/xxgk_list.shtml,https://sthj.zhenjiang.gov.cn/sthj/slqkgs/202304/1f9dc989ab5943ed9ca0aa3426f222b8.shtml,环境影响评价文件受理情况公示--镇江市顺通电子有限公司遥控器外壳及其他塑料配件制造项目(报告表),,镇江市生态环境局,市本级,遥控器外壳及其他塑料配件制造项目,镇江市丹徒区张巷村127号5幢,丹徒,镇江市顺通电子有限公司,苏州瑞赛泽环境设计工程有限公司,否,文件类型
镇江市,https://sthj.zhenjiang.gov.cn/sthj/slqkgs/xxgk_list.shtml,https://sthj.zhenjiang.gov.cn/sthj/slqkgs/202304/a337f163672a4081b68b49ede668854f.shtml,环境影响评价文件受理情况公示--镇江普境新能源科技有限公司10万吨/年固体替代燃料（SRF）再生能源项目(报告表),,镇江市生态环境局,市本级,10万吨/年固体替代燃料（SRF）再生能源项目,江苏索普（集团）有限公司原热电厂场地,,镇江普境新能源科技有限公司,江苏环保产业技术研究院股份有限公司,否,文件类型
镇江市,https://sthj.zhenjiang.gov.cn/sthj/slqkgs/xxgk_list.shtml,https://sthj.zhenjiang.gov.cn/sthj/slqkgs/202304/4c62a9572e9743b3a62ce021700f4d89.shtml,环境影响评价文件受理情况公示-- 镇江金洁建材科技有限公司年产1200吨PPR管材管件项目(报告表),,镇江市生态环境局,市本级,年产1200吨PPR管材管件项目,镇江市丹徒区长香东大道108号,丹徒,镇江金洁建材科技有限公司,江苏环球嘉惠环境科学研究有限公司,否,文件类型
镇江市,https://sthj.zhenjiang.gov.cn/sthj/slqkgs/xxgk_list.shtml,https://sthj.zhenjiang.gov.cn/sthj/slqkgs/202303/f7a1f539611c4bfc8a636e3b3590b8f0.shtml,辐射项目环境影响评价文件受理情况公示--新增3台工业CT项目（报告表）,,镇江市生态环境局,市本级,新增3台工业CT项目,江苏省镇江市新区横山路69号,本级新区,孚能科技（镇江）有限公司,,是,业务类别
宿迁市,https://sthj.suqian.gov.cn/shbj/jsxm/xxgk_list.shtml,https://sthj.suqian.gov.cn/shbj/jsxm/202609/c68b7d7fc45a4c048022c65f8d053080.shtml,宿迁市生态环境局关于江苏绿优新材料有限公司年产200万平方米人造草坪项目生态环境影响评价文件受理情况的公示,,宿迁市生态环境局,市本级,年产200万平方米人造草坪项目,江苏省宿迁市宿城区宿城经开区西区复旦路24号厂区1号厂房,宿城,江苏绿优新材料有限公司,,否,无
宿迁市,https://sthj.suqian.gov.cn/shbj/jsxm/xxgk_list.shtml,https://sthj.suqian.gov.cn/shbj/jsxm/202609/e8bb93009d394701acfe73a8fe77dbc2.shtml,宿迁市生态环境局关于宿迁市高烜新材料科技有限公司年生产6000万米涤纶布项目、江苏中创防护用品有限公司年产6.8亿只多功能防护手套及180亿只一次性手套项目、宿迁韵之源酒业有限公司年加工600万只酒瓶项目、宿迁市洋河新区锦晟包装材料厂（个体工商户） 年加工300万只酒瓶项目、宿迁市恒志包装材料有限公司年加工300万只酒瓶项目、江苏宏垚金新能源科技有限公司年产300万套新能源金属汽车零部件及电机壳CNC精密加工新建项目生态环境影响评价文件受理情况的公示,,宿迁市生态环境局,市本级,年生产6000万米涤纶布项目,江苏省宿迁市宿豫区大兴镇东方大道2号,宿豫,宿迁市高烜新材料科技有限公司,,否,无
宿迁市,https://sthj.suqian.gov.cn/shbj/jsxm/xxgk_list.shtml,https://sthj.suqian.gov.cn/shbj/jsxm/202609/e8bb93009d394701acfe73a8fe77dbc2.shtml,宿迁市生态环境局关于宿迁市高烜新材料科技有限公司年生产6000万米涤纶布项目、江苏中创防护用品有限公司年产6.8亿只多功能防护手套及180亿只一次性手套项目、宿迁韵之源酒业有限公司年加工600万只酒瓶项目、宿迁市洋河新区锦晟包装材料厂（个体工商户） 年加工300万只酒瓶项目、宿迁市恒志包装材料有限公司年加工300万只酒瓶项目、江苏宏垚金新能源科技有限公司年产300万套新能源金属汽车零部件及电机壳CNC精密加工新建项目生态环境影响评价文件受理情况的公示,,宿迁市生态环境局,市本级,年产6.8亿只多功能防护手套及180亿只一次性手套项目,江苏省宿迁市宿城区运河宿迁港产业园鹏程路以北、港城大道以南、路德生物西侧,宿城,江苏中创防护用品有限公司,,否,无
宿迁市,https://sthj.suqian.gov.cn/shbj/jsxm/xxgk_list.shtml,https://sthj.suqian.gov.cn/shbj/jsxm/202609/e8bb93009d394701acfe73a8fe77dbc2.shtml,宿迁市生态环境局关于宿迁市高烜新材料科技有限公司年生产6000万米涤纶布项目、江苏中创防护用品有限公司年产6.8亿只多功能防护手套及180亿只一次性手套项目、宿迁韵之源酒业有限公司年加工600万只酒瓶项目、宿迁市洋河新区锦晟包装材料厂（个体工商户） 年加工300万只酒瓶项目、宿迁市恒志包装材料有限公司年加工300万只酒瓶项目、江苏宏垚金新能源科技有限公司年产300万套新能源金属汽车零部件及电机壳CNC精密加工新建项目生态环境影响评价文件受理情况的公示,,宿迁市生态环境局,市本级,年加工600万只酒瓶项目,江苏省宿迁市洋河镇红庙村孙圩路88号,,宿迁韵之源酒业有限公司,,否,无
宿迁市,https://sthj.suqian.gov.cn/shbj/jsxm/xxgk_list.shtml,https://sthj.suqian.gov.cn/shbj/jsxm/202609/e8bb93009d394701acfe73a8fe77dbc2.shtml,宿迁市生态环境局关于宿迁市高烜新材料科技有限公司年生产6000万米涤纶布项目、江苏中创防护用品有限公司年产6.8亿只多功能防护手套及180亿只一次性手套项目、宿迁韵之源酒业有限公司年加工600万只酒瓶项目、宿迁市洋河新区锦晟包装材料厂（个体工商户） 年加工300万只酒瓶项目、宿迁市恒志包装材料有限公司年加工300万只酒瓶项目、江苏宏垚金新能源科技有限公司年产300万套新能源金属汽车零部件及电机壳CNC精密加工新建项目生态环境影响评价文件受理情况的公示,,宿迁市生态环境局,市本级,年加工300万只酒瓶项目,宿迁市洋河新区红庙木材园区68号,洋河新区,宿迁市洋河新区锦晟包装材 料厂（个体工商户）,,否,无
宿迁市,https://sthj.suqian.gov.cn/shbj/jsxm/xxgk_list.shtml,https://sthj.suqian.gov.cn/shbj/jsxm/202609/e8bb93009d394701acfe73a8fe77dbc2.shtml,宿迁市生态环境局关于宿迁市高烜新材料科技有限公司年生产6000万米涤纶布项目、江苏中创防护用品有限公司年产6.8亿只多功能防护手套及180亿只一次性手套项目、宿迁韵之源酒业有限公司年加工600万只酒瓶项目、宿迁市洋河新区锦晟包装材料厂（个体工商户） 年加工300万只酒瓶项目、宿迁市恒志包装材料有限公司年加工300万只酒瓶项目、江苏宏垚金新能源科技有限公司年产300万套新能源金属汽车零部件及电机壳CNC精密加工新建项目生态环境影响评价文件受理情况的公示,,宿迁市生态环境局,市本级,年加工300万只酒瓶项目,宿迁市洋河新区洋河镇红庙村孙圩路62号厂房,洋河新区,宿迁市恒志包装材料有限公司,,否,无
宿迁市,https://sthj.suqian.gov.cn/shbj/jsxm/xxgk_list.shtml,https://sthj.suqian.gov.cn/shbj/jsxm/202609/e8bb93009d394701acfe73a8fe77dbc2.shtml,宿迁市生态环境局关于宿迁市高烜新材料科技有限公司年生产6000万米涤纶布项目、江苏中创防护用品有限公司年产6.8亿只多功能防护手套及180亿只一次性手套项目、宿迁韵之源酒业有限公司年加工600万只酒瓶项目、宿迁市洋河新区锦晟包装材料厂（个体工商户） 年加工300万只酒瓶项目、宿迁市恒志包装材料有限公司年加工300万只酒瓶项目、江苏宏垚金新能源科技有限公司年产300万套新能源金属汽车零部件及电机壳CNC精密加工新建项目生态环境影响评价文件受理情况的公示,,宿迁市生态环境局,市本级,年产300万套新能源金属汽车零部件及电机壳CNC精密加工新建项目,宿城经济开发区西片区宿城大道东侧、隆锦路北侧,宿城,江苏宏垚金新能源科技有限公司,,否,无
宿迁市,https://sthj.suqian.gov.cn/shbj/jsxm/xxgk_list.shtml,https://sthj.suqian.gov.cn/shbj/jsxm/202609/145daaadc23840f38a3a5163420bb336.shtml,宿迁市生态环境局关于宿迁镭明半导体设备有限公司年产15万片晶圆项目生态环境影响评价文件受理情况的公示,,宿迁市生态环境局,市本级,年产15万片晶圆项目,江苏省宿迁市宿城区经济开发区南区织锦路东侧微电子产业园2号厂房,宿城,宿迁镭明半导体设备有限公司,,否,无
宿迁市,https://sthj.suqian.gov.cn/shbj/jsxm/xxgk_list.shtml,https://sthj.suqian.gov.cn/shbj/jsxm/202609/e70c064a4553443fa45d74a9c0bdd246.shtml,宿迁市生态环境局关于宿迁市万和泰化工有限公司年产8120吨光伏EVA胶膜交联剂建设项目（二期）生态环境影响评价文件受理情况的公示,,宿迁市生态环境局,市本级,年产8120吨光伏EVA胶膜交联剂建设项目（二期）,宿迁生态化工科技产业园经四路,本级园区,宿迁市万和泰化工有限公司,,否,无
宿迁市,https://sthj.suqian.gov.cn/shbj/jsxm/xxgk_list.shtml,https://sthj.suqian.gov.cn/shbj/jsxm/202609/1691f13725064a5691dbd8d03182b502.shtml,宿迁市生态环境局关于宿迁裕来包装有限公司年产110万只包装盒项目、宿迁市强林包装制品有限公司年增产400吨食品托盘项目生态环境影响评价文件受理情况的公示,,宿迁市生态环境局,市本级,年产110万只包装盒项目,江苏省宿迁市洋河新区洋河镇创意包装产业园,洋河新区,宿迁裕来包装有限公司,,否,无
宿迁市,https://sthj.suqian.gov.cn/shbj/jsxm/xxgk_list.shtml,https://sthj.suqian.gov.cn/shbj/jsxm/202609/1691f13725064a5691dbd8d03182b502.shtml,宿迁市生态环境局关于宿迁裕来包装有限公司年产110万只包装盒项目、宿迁市强林包装制品有限公司年增产400吨食品托盘项目生态环境影响评价文件受理情况的公示,,宿迁市生态环境局,市本级,年增产400吨食品托盘项目,宿迁市洋河新区工业园区内标准化厂房,洋河新区,宿迁市强林包装制品有限公司,,否,无
宿迁市,https://sthj.suqian.gov.cn/shbj/jsxm/xxgk_list.shtml,https://sthj.suqian.gov.cn/shbj/jsxm/202609/1b20ddf40408415b8ab9fdac3c299bc4.shtml,宿迁市生态环境局关于江苏正和鑫瑞船舶制造有限公司新能源船舶制造基地项目（一期）生态环境影响评价文件受理情况的公示,,宿迁市生态环境局,市本级,新能源船舶制造基地项目（一期）,江苏省宿迁市宿城区运河宿迁港，东至规划洋兴路，南至规划规划文明路北侧空地，西至张圩干渠，北至空地,宿城,江苏正和鑫瑞船舶制造有限公司,,否,无
宿迁市,https://sthj.suqian.gov.cn/shbj/jsxm/xxgk_list.shtml,https://sthj.suqian.gov.cn/shbj/jsxm/202609/e4155f71ab5b4af9a52fc1ad11602b03.shtml,宿迁市生态环境局关于江苏双星彩塑新材料股份有限公司功能性复合基材扩建项目生态环境影响评价文件受理情况的公示,,宿迁市生态环境局,市本级,功能性复合基材扩建项目,江苏省宿迁骆马湖旅游度假区湖滨新区彩塑工业园区,骆马湖旅游度假区,江苏双星彩塑新材料股份有限公司,,否,无
宿迁市,https://sthj.suqian.gov.cn/shbj/jsxm/xxgk_list.shtml,https://sthj.suqian.gov.cn/shbj/jsxm/202609/08c0d05866f24b289e2828f4833c94fd.shtml,宿迁市生态环境局关于宿迁市旭保再生资源有限公司年回收废旧铅酸蓄电池20000吨项目、江苏豪嘉利再生资源有限公司年回收与暂存2万吨废铅酸电池项目生态环境影响评价文件受理情况的公示,,宿迁市生态环境局,市本级,年回收废旧铅酸蓄电池20000吨项目,江苏省宿迁市宿城区耿车镇兴业路南侧（江苏大富包装有限公司院内厂房）,宿城,宿迁市旭保再生资源有限公司,,否,无
宿迁市,https://sthj.suqian.gov.cn/shbj/jsxm/xxgk_list.shtml,https://sthj.suqian.gov.cn/shbj/jsxm/202609/08c0d05866f24b289e2828f4833c94fd.shtml,宿迁市生态环境局关于宿迁市旭保再生资源有限公司年回收废旧铅酸蓄电池20000吨项目、江苏豪嘉利再生资源有限公司年回收与暂存2万吨废铅酸电池项目生态环境影响评价文件受理情况的公示,,宿迁市生态环境局,市本级,年回收与暂存2万吨废铅酸电池项目,江苏省宿迁市宿豫区大兴镇致新路18号1号厂房,宿豫,江苏豪嘉利再生资源有限公司,,否,无
宿迁市,https://sthj.suqian.gov.cn/shbj/jsxm/xxgk_list.shtml,https://sthj.suqian.gov.cn/shbj/jsxm/202609/7c2948361c02454197ebe682a0ccb5c3.shtml,宿迁市生态环境局关于宿迁翎志体育科技有限公司年产7000斤羽毛片项目生态环境影响评价文件受理情况的公示,,宿迁市生态环境局,市本级,年产7000斤羽毛片,江苏省宿迁市湖滨新区黄墩镇空地西侧、水系北侧、现状小路东侧、项目用地南侧,湖滨新区,宿迁翎志体育科技有限公司,,否,无
宿迁市,https://sthj.suqian.gov.cn/shbj/jsxm/xxgk_list.shtml,https://sthj.suqian.gov.cn/shbj/jsxm/202609/7edd0ad046fb4f1a9e0f4f97749de732.shtml,宿迁市生态环境局关于江苏洋河酒厂股份有限公司洋河股份调味酒技改工程、宿迁佑盾智能装备厂年产200万顶电动车骑行头盔项目生态环境影响评价文件受理情况的公示,,宿迁市生态环境局,市本级,洋河股份调味酒技改工程,江苏省宿迁市洋河新区洋河酒厂酿造三区内部,洋河新区,江苏洋河酒厂股份有限公司,,否,无
宿迁市,https://sthj.suqian.gov.cn/shbj/jsxm/xxgk_list.shtml,https://sthj.suqian.gov.cn/shbj/jsxm/202609/7edd0ad046fb4f1a9e0f4f97749de732.shtml,宿迁市生态环境局关于江苏洋河酒厂股份有限公司洋河股份调味酒技改工程、宿迁佑盾智能装备厂年产200万顶电动车骑行头盔项目生态环境影响评价文件受理情况的公示,,宿迁市生态环境局,市本级,年产200万顶电动车骑行头盔项目,宿迁市宿豫区大兴镇富民产业园1号、2号,宿豫,宿迁佑盾智能装备厂,,否,无
宿迁市,https://sthj.suqian.gov.cn/shbj/jsxm/xxgk_list.shtml,https://sthj.suqian.gov.cn/shbj/jsxm/202608/597ddd6005d6469aa91068dc1f5078d4.shtml,宿迁市生态环境局关于江苏华恒保温科技有限公司年产1500吨功能性聚乙烯编织布及 5000万平方米复合保温材料项目、宿迁市飞华资源循环有限公司固废处置及资源化综合利用项目生态环境影响评价文件受理情况的公示,,宿迁市生态环境局,市本级,年产1500吨功能性聚乙烯编织布及 5000万平方米复合保温材料项目,江苏省宿迁市宿豫区新庄镇工业园区杉荷大道西侧C区C7厂房,宿豫,江苏华恒保温科技有限公司,,否,无
宿迁市,https://sthj.suqian.gov.cn/shbj/jsxm/xxgk_list.shtml,https://sthj.suqian.gov.cn/shbj/jsxm/202608/597ddd6005d6469aa91068dc1f5078d4.shtml,宿迁市生态环境局关于江苏华恒保温科技有限公司年产1500吨功能性聚乙烯编织布及 5000万平方米复合保温材料项目、宿迁市飞华资源循环有限公司固废处置及资源化综合利用项目生态环境影响评价文件受理情况的公示,,宿迁市生态环境局,市本级,固废处置及资源化综合利用项目,宿城区耿车镇循环经济产业园内（科创路东、新华路南）,宿城,宿迁市飞华资源循环有限公司,,否,无
宿迁市,https://sthj.suqian.gov.cn/shbj/jsxm/xxgk_list.shtml,https://sthj.suqian.gov.cn/shbj/jsxm/202608/bd61a537bf3d4bf1a5d8cd5c3b52e5c2.shtml,宿迁市生态环境局关于宿迁旺运塑料科技有限公司年产2万箱调色杯生产项目、宿迁市鑫荣包装材料有限公司年产130t酒盒面纸项目生态环境影响评价文件受理情况的公示,,宿迁市生态环境局,市本级,年产2万箱调色杯生产项目,江苏省宿迁市洋河新区仓集工业园平安路8号,洋河新区,宿迁旺运塑料科技有限公司,,否,无
宿迁市,https://sthj.suqian.gov.cn/shbj/jsxm/xxgk_list.shtml,https://sthj.suqian.gov.cn/shbj/jsxm/202608/bd61a537bf3d4bf1a5d8cd5c3b52e5c2.shtml,宿迁市生态环境局关于宿迁旺运塑料科技有限公司年产2万箱调色杯生产项目、宿迁市鑫荣包装材料有限公司年产130t酒盒面纸项目生态环境影响评价文件受理情况的公示,,宿迁市生态环境局,市本级,年产130t酒盒面纸项目,宿迁市河新区洋河镇中大街北侧、振洋路西侧厂区内5#厂房,河新区,宿迁市鑫荣包装材料有限公司,,否,无
宿迁市,https://sthj.suqian.gov.cn/shbj/jsxm/xxgk_list.shtml,https://sthj.suqian.gov.cn/shbj/jsxm/202608/2f4b7a65b1fe429087a8850576bf30a2.shtml,宿迁市生态环境局关于宿迁启航瑞展科技有限公司塑料瓶盖及透明桶生产项目（重新报批）生态环境影响评价文件受理情况的公示,,宿迁市生态环境局,市本级,塑料瓶盖及透明桶生产项目（重新报批）,江苏省宿迁市洋河新区洋河镇创意包装园区兴洋东路与铜樽路交叉口,洋河新区,宿迁启航瑞展科技有限公司,,否,无
宿迁市,https://sthj.suqian.gov.cn/shbj/jsxm/xxgk_list.shtml,https://sthj.suqian.gov.cn/shbj/jsxm/202608/35164d6dca9345259c7fdfcdafd5b3b8.shtml,宿迁市生态环境局关于宿迁市湖滨新区井头街道办事处湖滨新区宿沭路“建管养”一体化工程（二标段）生态环境影响评价文件受理情况的公示,,宿迁市生态环境局,市本级,湖滨新区宿沭路“建管养”一体化工程（二标段）,江苏省宿迁市湖滨新区井头街道,湖滨新区,宿迁市湖滨新区井头街道办事处,,否,无
宿迁市,https://sthj.suqian.gov.cn/shbj/jsxm/xxgk_list.shtml,https://sthj.suqian.gov.cn/shbj/jsxm/202608/b6cfeab826974d4d95bae073577d9db3.shtml,宿迁市生态环境局关于江苏锦熙新材料有限公司年产160万米紫外光固化修复内衬软管项目生态环境影响评价文件受理情况的公示,,宿迁市生态环境局,市本级,年产160万米紫外光固化修复内衬软管项目,江苏省宿迁市宿豫区新庄镇王府路北侧,宿豫,江苏锦熙新材料有限公司,,否,无
宿迁市,https://sthj.suqian.gov.cn/shbj/jsxm/xxgk_list.shtml,https://sthj.suqian.gov.cn/shbj/jsxm/202608/975df90920ad47ad87d96145b1374150.shtml,宿迁市生态环境局关于江苏天井啤酒有限公司精酿啤酒生产项目生态环境影响评价文件受理情况的公示,,宿迁市生态环境局,市本级,精酿啤酒生产项目,泗洪县大楼街道食品加工产业园金沙江路与小康路交叉口东南侧,泗洪,江苏天井啤酒有限公司,,否,无
宿迁市,https://sthj.suqian.gov.cn/shbj/jsxm/xxgk_list.shtml,https://sthj.suqian.gov.cn/shbj/jsxm/202608/6db865fdf77949199074496e376218b7.shtml,宿迁市生态环境局关于宿迁市正天家居有限公司年产20万个木托盘项目生态环境影响评价文件受理情况的公示,,宿迁市生态环境局,市本级,年产20万个木托盘项目,江苏省宿迁市洋河新区洋河镇洋屠路188号,洋河新区,宿迁市正天家居有限公司,,否,无
宿迁市,https://sthj.suqian.gov.cn/shbj/jsxm/xxgk_list.shtml,https://sthj.suqian.gov.cn/shbj/jsxm/202608/d1150de490b64198a17093096dc32122.shtml,宿迁市生态环境局关于江苏西畅通科技有限公司年产10万个模压托盘项目环境影响评价文件受理情况的公示,,宿迁市生态环境局,市本级,年产10万个模压托盘项目,江苏省宿迁市洋河新区洋河镇红庙村酒都大道388号,洋河新区,江苏西畅通科技有限公司,,否,无
宿迁市,https://sthj.suqian.gov.cn/shbj/jsxm/xxgk_list.shtml,https://sthj.suqian.gov.cn/shbj/jsxm/202608/09ac9d65fdc8438d8d12ffb9e27a8d24.shtml,宿迁市生态环境局关于江苏迈格纳新材料有限公司氟碳铝单板、蜂窝复合板等金属新材料生产项目环境影响评价文件受理情况的公示,,宿迁市生态环境局,市本级,氟碳铝单板、蜂窝复合板等金属新材料生产项目,江苏省宿迁市泗洪县泗洪经济开发区五里江路南侧,泗洪,江苏迈格纳新材料有限公司,,否,无
宿迁市,https://sthj.suqian.gov.cn/shbj/jsxm/xxgk_list.shtml,https://sthj.suqian.gov.cn/shbj/jsxm/202608/19869eaffe8943c2a9ca132fe7c66f45.shtml,宿迁市生态环境局关于宿迁祥兴工贸有限公司年产15000立方米胶合板项目环境影响评价文件受理情况的公示,,宿迁市生态环境局,市本级,年产15000立方米胶合板项目,江苏省宿迁市洋河新区洋河镇桥北村新堤五组,洋河新区,宿迁祥兴工贸有限公司,,否,无
宿迁市,https://sthj.suqian.gov.cn/shbj/jsxm/xxgk_list.shtml,https://sthj.suqian.gov.cn/shbj/jsxm/202608/d572b47ccbdb41a8b4bc53b4c8e522a1.shtml,宿迁市生态环境局关于嘉泰激光智能装备(宿迁)有限公司年产1000台套激光切割数控机床床身改扩建项目环境影响评价文件受理情况的公示,,宿迁市生态环境局,市本级,年产1000台套激光切割数控机床床身改扩建项目,宿迁市宿城区科创路宿城经济开发区光电综合体南,宿城,嘉泰激光智能装备(宿迁)有限公司,,否,无
宿迁市,https://sthj.suqian.gov.cn/shbj/jsxm/xxgk_list.shtml,https://sthj.suqian.gov.cn/shbj/jsxm/202608/7a5afc62b6f247baaeb574268c202e7c.shtml,宿迁市生态环境局关于宿迁绿水污水处理有限公司宿豫区大兴镇工业污水处理厂工程环境影响评价文件受理情况的公示,,宿迁市生态环境局,市本级,宿豫区大兴镇工业污水处理厂工程,江苏省宿迁市宿豫区大兴镇姚河以北，晓仰线以东，六塘河以西,宿豫,宿迁绿水污水处理有限公司,,否,无
宿迁市,https://sthj.suqian.gov.cn/shbj/jsxm/xxgk_list.shtml,https://sthj.suqian.gov.cn/shbj/jsxm/202608/a4a9922a2ad54222840797cf3bea659f.shtml,宿迁市生态环境局关于江苏领睿电子科技有限公司年产400万件制冷片项目环境影响评价文件受理情况的公示,,宿迁市生态环境局,市本级,年产400万件制冷片项目,泗阳高新技术产业开发区金杨路北侧、恒山路西侧,泗阳,江苏领睿电子科技有限公司,,否,无
宿迁市,https://sthj.suqian.gov.cn/shbj/jsxm/xxgk_list.shtml,https://sthj.suqian.gov.cn/shbj/jsxm/202607/6ce7305793b246eeb531356f3d7ad4ce.shtml,宿迁市生态环境局关于宿迁市骏马化纤有限公司年产 2 万吨帘子布技术改造项目环境影响评价文件受理情况的公示,,宿迁市生态环境局,市本级,年产 2 万吨帘子布技术改造项目,宿迁市宿豫区张家港宿豫工业园区张家港大道1号,宿豫,宿迁市骏马化纤有限公司,,否,无
宿迁市,https://sthj.suqian.gov.cn/shbj/jsxm/xxgk_list.shtml,https://sthj.suqian.gov.cn/shbj/jsxm/202607/8910b85a446a4942ba576e2881c93282.shtml,宿迁市生态环境局关于安徽宣城金宏化工有限公司宿迁分公司年产5万吨固体硫氢化钠资源化利用项目环境影响评价文件受理情况的公示,,宿迁市生态环境局,市本级,年产5万吨固体硫氢化钠资源化利用项目,宿迁市生态化工科技产业园南化路188号,本级园区,安徽宣城金宏化工有限公司宿迁分公司,,否,无
宿迁市,https://sthj.suqian.gov.cn/shbj/jsxm/xxgk_list.shtml,https://sthj.suqian.gov.cn/shbj/jsxm/202607/02ce7fac7a014027ae43e4666a04e852.shtml,宿迁市生态环境局关于宿迁市富运能源有限公司宿城区食品产业园供汽能源站环境影响评价文件受理情况的公示,,宿迁市生态环境局,市本级,宿城区食品产业园供汽能源站,江苏省宿迁市宿城食品产业园,宿城,宿迁市富运能源有限公司,,否,无
宿迁市,https://sthj.suqian.gov.cn/shbj/jsxm/xxgk_list.shtml,https://sthj.suqian.gov.cn/shbj/jsxm/202607/76b14928b86948fea39d87fee9aaa38e.shtml,宿迁市生态环境局关于宿迁巨源新能源有限公司宿迁巨源70MW现代渔业融合示范项目环境影响评价文件受理情况的公示,,宿迁市生态环境局,市本级,宿迁巨源70MW现代渔业融合示范项目,江苏省宿迁市宿城区王官集镇西沙河两侧,宿城,宿迁巨源新能源有限公司,,否,无
宿迁市,https://sthj.suqian.gov.cn/shbj/jsxm/xxgk_list.shtml,https://sthj.suqian.gov.cn/shbj/jsxm/202607/a673f3c5086944ada9645ad56e091a0f.shtml,宿迁市生态环境局关于宿迁大成新能源科技有限公司铅酸蓄电池的修复再利用环境影响评价文件受理情况的公示,,宿迁市生态环境局,市本级,铅酸蓄电池的修复再利用,江苏省宿迁市宿城区科兴路联东U谷宿城经开科技企业港11栋,宿城,宿迁大成新能源科技有限公司,,否,无
宿迁市,https://sthj.suqian.gov.cn/shbj/jsxm/xxgk_list.shtml,https://sthj.suqian.gov.cn/shbj/jsxm/202607/0d390b56166c410087cfd01a945e3d68.shtml,宿迁市生态环境局关于江苏斯迪克新材料科技股份有限公司折叠 OLED显示专用背板支撑膜和关键材料的研发及产业化项目（重新报批）环境影响评价文件受理情况的公示,,宿迁市生态环境局,市本级,折叠 OLED显示专用背板支撑膜和关键材料的研发及产业化项目（重新报批）,江苏省宿迁市泗洪经济开发区双洋西路北侧，斯迪克新材料（江苏）有限公司北厂区现有8#厂房内,泗洪,江苏斯迪克新材料科技股份有限公司,,否,无
宿迁市,https://sthj.suqian.gov.cn/shbj/jsxm/xxgk_list.shtml,https://sthj.suqian.gov.cn/shbj/jsxm/202607/275b74addfae4f28a1a5d4b09d8314fd.shtml,宿迁市生态环境局关于宿迁绿水污水处理有限公司宿豫区新庄镇工业污水处理厂工程环境影响评价文件受理情况的公示,,宿迁市生态环境局,市本级,宿豫区新庄镇工业污水处理厂工程,江苏省宿迁市宿豫区新庄镇晓王府路以南、杉荷大道以西,宿豫,宿迁绿水污水处理有限公司,,否,无
宿迁市,https://sthj.suqian.gov.cn/shbj/jsxm/xxgk_list.shtml,https://sthj.suqian.gov.cn/shbj/jsxm/202607/2e21d2a30a9c434687abd2bab893739e.shtml,"宿迁市生态环境局关于江苏阿尔法集团盛基药业（宿迁）有限公司年产284吨原料药、200吨2,4-二氨基苯氧乙醇盐酸盐、200吨2-甲基-1,4-苯二胺硫酸盐、130吨醋酸钠扩建项目、江苏阿尔法药业股份有限公司年产1390吨原料药生产线及联产540吨乙苯、380吨碳酸锂技术改造项目环境影响评价文件受理情况的公示",,宿迁市生态环境局,市本级,"年产284吨原料药、200吨2,4-二氨基苯氧乙醇盐酸盐、200吨2-甲基-1,4-苯二胺硫酸盐、130吨醋酸钠扩建项目",江苏省宿迁生态化工科技产业园扬子路58号盛基药业现有厂区内,本级园区,江苏阿尔法集团盛基药业（宿迁）有限公司,,否,无
宿迁市,https://sthj.suqian.gov.cn/shbj/jsxm/xxgk_list.shtml,https://sthj.suqian.gov.cn/shbj/jsxm/202607/2e21d2a30a9c434687abd2bab893739e.shtml,"宿迁市生态环境局关于江苏阿尔法集团盛基药业（宿迁）有限公司年产284吨原料药、200吨2,4-二氨基苯氧乙醇盐酸盐、200吨2-甲基-1,4-苯二胺硫酸盐、130吨醋酸钠扩建项目、江苏阿尔法药业股份有限公司年产1390吨原料药生产线及联产540吨乙苯、380吨碳酸锂技术改造项目环境影响评价文件受理情况的公示",,宿迁市生态环境局,市本级,年产1390吨原料药生产线及联产540吨乙苯、380吨碳酸锂技术改造项目,江苏宿迁生态化工科技产业园燕山路5号,本级园区,江苏阿尔法药业股份有限公司,,否,无
宿迁市,https://sthj.suqian.gov.cn/shbj/jsxm/xxgk_list.shtml,https://sthj.suqian.gov.cn/shbj/jsxm/202607/0257956fd0994dce92d440e70cce6c03.shtml,宿迁市生态环境局关于江苏启源众拓储能科技有限公司年产 10GWh 新能源电池新建项目环境影响评价文件受理情况的公示,,宿迁市生态环境局,市本级,年产 10GWh 新能源电池新建项目,宿迁市宿城区运河港产业园，东至运河宿迁港铁路专用线用地、南至信智制造谷用地、西至港荣路绿化带、北至几米物联科技用地,宿城,江苏启源众拓储能科技有限公司,,否,无
宿迁市,https://sthj.suqian.gov.cn/shbj/jsxm/xxgk_list.shtml,https://sthj.suqian.gov.cn/shbj/jsxm/202607/080c56ee6cea4d32a03ab41f5752e8cb.shtml,宿迁市生态环境局关于江苏佳玺塑业有限公司年产40万套智能防味止逆阀项目（重新报批）环境影响评价文件受理情况的公示,,宿迁市生态环境局,市本级,年产40万套智能防味止逆阀项目（重新报批）,江苏省宿迁市湖滨新区晓店镇三台山大道东侧65号潜水艇卫浴工业园（7号厂房）,湖滨新区,江苏佳玺塑业有限公司,,否,无
宿迁市,https://sthj.suqian.gov.cn/shbj/jsxm/xxgk_list.shtml,https://sthj.suqian.gov.cn/shbj/jsxm/202607/1f9fc05cfcc046679dcc08454e4f30f1.shtml,宿迁市生态环境局关于江苏中天交通工程有限公司年产200万只电子管玻璃外壳项目、宿迁新丝缘新材料有限公司年产10000吨加弹纤维产品项目环境影响评价文件受理情况的公示,,宿迁市生态环境局,市本级,年产200万只电子管玻璃外壳项目,江苏省宿迁市宿城区埠子镇街北居委会汪南组,宿城,江苏中天交通工程有限公司,,否,无
宿迁市,https://sthj.suqian.gov.cn/shbj/jsxm/xxgk_list.shtml,https://sthj.suqian.gov.cn/shbj/jsxm/202607/1f9fc05cfcc046679dcc08454e4f30f1.shtml,宿迁市生态环境局关于江苏中天交通工程有限公司年产200万只电子管玻璃外壳项目、宿迁新丝缘新材料有限公司年产10000吨加弹纤维产品项目环境影响评价文件受理情况的公示,,宿迁市生态环境局,市本级,年产10000吨加弹纤维产品项目,江苏省宿迁市宿城区龙河镇龙珠毛纺厂区内4号厂房,宿城,宿迁新丝缘新材料有限公司,,否,无
宿迁市,https://sthj.suqian.gov.cn/shbj/jsxm/xxgk_list.shtml,https://sthj.suqian.gov.cn/shbj/jsxm/202606/47b621471f464e27b2aae45100282177.shtml,宿迁市生态环境局关于江苏长利纺织股份有限公司染色印花布、高端纺织面料生产项目环境影响评价文件受理情况的公示,,宿迁市生态环境局,市本级,染色印花布、高端纺织面料生产项目,江苏泗洪经济开发区太湖路北侧,泗洪,江苏长利纺织股份有限公司,,否,无
宿迁市,https://sthj.suqian.gov.cn/shbj/jsxm/xxgk_list.shtml,https://sthj.suqian.gov.cn/shbj/jsxm/202606/d4ca4783954645ccae461c7c23c1ac03.shtml,宿迁市生态环境局关于宿迁木淼生物科技有限公司年产2万吨生物质颗粒项目、江苏索菲玛新材料有限公司年产25000吨（40亿粒）滚动体钢球项目、宿迁市名峰包装材料有限公司年产650万只酒瓶项目环境影响评价文件受理情况的公示,,宿迁市生态环境局,市本级,年产2万吨生物质颗粒项目,江苏省宿迁市宿豫区来龙镇保安工业集中区富民路2号,宿豫,宿迁木淼生物科技有限公司,,否,无
宿迁市,https://sthj.suqian.gov.cn/shbj/jsxm/xxgk_list.shtml,https://sthj.suqian.gov.cn/shbj/jsxm/202606/d4ca4783954645ccae461c7c23c1ac03.shtml,宿迁市生态环境局关于宿迁木淼生物科技有限公司年产2万吨生物质颗粒项目、江苏索菲玛新材料有限公司年产25000吨（40亿粒）滚动体钢球项目、宿迁市名峰包装材料有限公司年产650万只酒瓶项目环境影响评价文件受理情况的公示,,宿迁市生态环境局,市本级,年产25000吨（40亿粒）滚动体钢球项目,江苏省宿迁市湖滨新区膜材料产业园学成路南、拦山河路东侧,湖滨新区,江苏索菲玛新材料有限公司,,否,无
宿迁市,https://sthj.suqian.gov.cn/shbj/jsxm/xxgk_list.shtml,https://sthj.suqian.gov.cn/shbj/jsxm/202606/d4ca4783954645ccae461c7c23c1ac03.shtml,宿迁市生态环境局关于宿迁木淼生物科技有限公司年产2万吨生物质颗粒项目、江苏索菲玛新材料有限公司年产25000吨（40亿粒）滚动体钢球项目、宿迁市名峰包装材料有限公司年产650万只酒瓶项目环境影响评价文件受理情况的公示,,宿迁市生态环境局,市本级,年产650万只酒瓶项目,江苏省宿迁市洋河新区洋河镇红庙村沈庄二组94号,洋河新区,宿迁市名峰包装材料有限公司,,否,无
宿迁市,https://sthj.suqian.gov.cn/shbj/jsxm/xxgk_list.shtml,https://sthj.suqian.gov.cn/shbj/jsxm/202606/82c538d8e12c4f2ebb7394c4553f38aa.shtml,宿迁市生态环境局关于宿迁拾光智能科技有限公司年产30万套智能家具项目环境影响评价文件受理情况的公示,,宿迁市生态环境局,市本级,年产30万套智能家具项目,宿城经济开发区西片区古城路南侧,宿城,宿迁拾光智能科技有限公司,,否,无
宿迁市,https://sthj.suqian.gov.cn/shbj/jsxm/xxgk_list.shtml,https://sthj.suqian.gov.cn/shbj/jsxm/202606/89bef1f673524634adb7cf53a6117948.shtml,宿迁市生态环境局关于科莱博（江苏）科技股份有限公司年产3500吨聚醚醚酮、1064吨氟化钠试剂建设项目环境影响评价文件受理情况的公示,,宿迁市生态环境局,市本级,年产3500吨聚醚醚酮、1064吨氟化钠试剂建设项目,宿迁生态化工科技产业园中兴路北端（科莱博科技现有厂区内）,本级园区,科莱博（江苏）科技股份有限公司,,否,无
宿迁市,https://sthj.suqian.gov.cn/shbj/jsxm/xxgk_list.shtml,https://sthj.suqian.gov.cn/shbj/jsxm/202606/ea563228594147b5b3a4c85884359769.shtml,宿迁市生态环境局关于江苏新瑞邦纤维科技有限公司年产20万吨高性能再生聚酯纤维项目（重新报批）环境影响评价文件受理情况的公示,,宿迁市生态环境局,市本级,年产20万吨高性能再生聚酯纤维项目（重新报批）,江苏省宿迁市宿城区运河宿迁港产业园（创业路2号）,宿城,江苏新瑞邦纤维科技有限公司,,否,无
宿迁市,https://sthj.suqian.gov.cn/shbj/jsxm/xxgk_list.shtml,https://sthj.suqian.gov.cn/shbj/jsxm/202606/326d0cec93bb4a309e0c7816eabfabeb.shtml,宿迁市生态环境局关于江苏萌鲜宠物食品有限公司年产10000吨宠物食品项目、宿迁市金北科技科技有限公司年产200万只铝合金轮毂项目环境影响评价文件受理情况的公示,,宿迁市生态环境局,市本级,年产10000吨宠物食品项目,江苏省宿迁市宿城区埠子镇食品产业园标准化厂房西区2号厂房,宿城,江苏萌鲜宠物食品有限公司,,否,无
宿迁市,https://sthj.suqian.gov.cn/shbj/jsxm/xxgk_list.shtml,https://sthj.suqian.gov.cn/shbj/jsxm/202606/326d0cec93bb4a309e0c7816eabfabeb.shtml,宿迁市生态环境局关于江苏萌鲜宠物食品有限公司年产10000吨宠物食品项目、宿迁市金北科技科技有限公司年产200万只铝合金轮毂项目环境影响评价文件受理情况的公示,,宿迁市生态环境局,市本级,年产200万只铝合金轮毂项目,宿城区经济开发区西区复旦路69号厂房,宿城,宿迁市金北科技科技有限公司,,否,无
宿迁市,https://sthj.suqian.gov.cn/shbj/jsxm/xxgk_list.shtml,https://sthj.suqian.gov.cn/shbj/jsxm/202606/b20d9e447a2249a6b62a54b22deea0aa.shtml,宿迁市生态环境局关于宿迁佳诺家居有限公司年产30万套智能家具项目环境影响评价文件受理情况的公示,,宿迁市生态环境局,市本级,年产30万套智能家具项目,宿城经济开发区西片区古城路南侧,宿城,宿迁佳诺家居有限公司,,否,无
宿迁市,https://sthj.suqian.gov.cn/shbj/jsxm/xxgk_list.shtml,https://sthj.suqian.gov.cn/shbj/jsxm/202606/cc03cab91f904bcfaf94e1c89e78e0b6.shtml,宿迁市生态环境局关于江苏默恩实业有限公司第一类医疗器械研发智造项目（重新报批）环境影响评价文件受理情况的公示,,宿迁市生态环境局,市本级,第一类医疗器械研发智造项目（重新报批）,江苏省宿迁市宿城区龙河镇，东至凝优医疗公司2#厂房，南至机电装备智造产业园，西至广州路，北至空地,宿城,江苏默恩实业有限公司,,否,无
宿迁市,https://sthj.suqian.gov.cn/shbj/jsxm/xxgk_list.shtml,https://sthj.suqian.gov.cn/shbj/jsxm/202605/67680e2893134086b941c752334c0365.shtml,宿迁市生态环境局关于宿迁市合塑塑胶有限公司年产4000吨车用注塑件项目环境影响评价文件受理情况的公示,,宿迁市生态环境局,市本级,年产4000吨车用注塑件项目,江苏省宿迁市耿车循环经济产业园长兴路10#厂房（东至建材路，西至富康路，南至长兴路，北至聚源路）,耿车循环经济园区,宿迁市合塑塑胶有限公司,,否,无
宿迁市,https://sthj.suqian.gov.cn/shbj/jsxm/xxgk_list.shtml,https://sthj.suqian.gov.cn/shbj/jsxm/202605/0dedaf2bc5914687ad1ae50ab1711f34.shtml,宿迁市生态环境局关于国卓唯创高分子科技（江苏）有限公司年产2000吨纳米改性高分子复合膜项目环境影响评价文件受理情况的公示,,宿迁市生态环境局,市本级,年产2000吨纳米改性高分子复合膜,宿迁市宿城区宿城经济开发区西区复旦路24号原索富达二期2号厂房,宿城,国卓唯创高分子科技（江苏）有限公司,,否,无
宿迁市,https://sthj.suqian.gov.cn/shbj/jsxm/xxgk_list.shtml,https://sthj.suqian.gov.cn/shbj/jsxm/202605/5500c1ed7ea3470cbe92ecf51ab62bbb.shtml,宿迁市生态环境局关于宿迁市烨启光电科技有限公司年产500万片高性能光学显示玻璃项目环境影响评价文件受理情况的公示,,宿迁市生态环境局,市本级,年产500万片高性能光学显示玻璃项目,江苏省宿迁市宿城区经济开发区南区南一路南纺织路西5号厂房,宿城,宿迁市烨启光电科技有限公司,,否,无
宿迁市,https://sthj.suqian.gov.cn/shbj/jsxm/xxgk_list.shtml,https://sthj.suqian.gov.cn/shbj/jsxm/202605/386e3b193e104b84a703a12d3ca7c1b0.shtml,宿迁市生态环境局关于宿迁医美生物科技有限公司年产1000吨液体饮料及800吨固体饮料项目环境影响评价文件受理情况的公示,,宿迁市生态环境局,市本级,年产1000吨液体饮料及800吨固体饮料项目,江苏省（自治区）宿迁市 洋河新区生物科技产业园1号,洋河新区,宿迁医美生物科技有限公司,,否,无
宿迁市,https://sthj.suqian.gov.cn/shbj/jsxm/xxgk_list.shtml,https://sthj.suqian.gov.cn/shbj/jsxm/202605/786bfa394c3d4fc2aa8afcff4caa8d98.shtml,宿迁市生态环境局关于江苏英特睿智能家居有限公司窗帘轨道、伸缩杆二期扩建项目、宿迁博润农业有限公司年出栏240万羽肉鸡项目环境影响评价文件受理情况的公示,,宿迁市生态环境局,市本级,窗帘轨道、伸缩杆二期扩建项目,泗洪县常熟泗洪工业园区玉环路东侧阳澄湖路北侧,泗洪,江苏英特睿智能家居有限公司,,否,无
宿迁市,https://sthj.suqian.gov.cn/shbj/jsxm/xxgk_list.shtml,https://sthj.suqian.gov.cn/shbj/jsxm/202605/786bfa394c3d4fc2aa8afcff4caa8d98.shtml,宿迁市生态环境局关于江苏英特睿智能家居有限公司窗帘轨道、伸缩杆二期扩建项目、宿迁博润农业有限公司年出栏240万羽肉鸡项目环境影响评价文件受理情况的公示,,宿迁市生态环境局,市本级,年出栏240万羽肉鸡项目,宿迁市湖滨新区皂河镇闫集村六组,湖滨新区,宿迁博润农业有限公司,,否,无
宿迁市,https://sthj.suqian.gov.cn/shbj/jsxm/xxgk_list.shtml,https://sthj.suqian.gov.cn/shbj/jsxm/202605/3c9872dd69d84bb0a2055c8fa09faaf7.shtml,宿迁市生态环境局关于宿迁市铝美科技有限公司6万吨/年铝灰渣资源化利用项目环境影响评价文件受理情况的公示,,宿迁市生态环境局,市本级,6 万吨/年铝灰渣资源化利用项目,宿城区经济开发区西区复旦路 69 号,宿城,宿迁市铝美科技有限公司,,否,无
宿迁市,https://sthj.suqian.gov.cn/shbj/jsxm/xxgk_list.shtml,https://sthj.suqian.gov.cn/shbj/jsxm/202605/50cc1b7180b7460aad7b2b27cacd9c44.shtml,宿迁市生态环境局关于宿迁市佳诚包装有限公司年产5000吨PET塑钢打包带项目环境影响评价文件受理情况的公示,,宿迁市生态环境局,市本级,年产5000吨PET塑钢打包带项目,宿迁市宿城区耿车镇循环经济产业园，北至兴业路、南至江苏腾顺包装有限公司、东至园区内部道路、西至宿迁天月印刷有限公司,宿城,宿迁市佳诚包装有限公司,,否,无
宿迁市,https://sthj.suqian.gov.cn/shbj/jsxm/xxgk_list.shtml,https://sthj.suqian.gov.cn/shbj/jsxm/202605/112523ba91fe4c558115ddd50960c02b.shtml,宿迁市生态环境局关于江苏艾尔佳净化科技有限公司年产汽车空调过滤格200万支、工业滤网40万支扩建项目环境影响评价文件受理情况的公示,,宿迁市生态环境局,市本级,年产汽车空调过滤格200万支、工业滤网40万支扩建项目,宿迁市宿城区吴中宿城工业园9号厂房和11号厂房,宿城,江苏艾尔佳净化科技有限公司,,否,无
宿迁市,https://sthj.suqian.gov.cn/shbj/jsxm/xxgk_list.shtml,https://sthj.suqian.gov.cn/shbj/jsxm/202605/1935b01a65e846b0a5c0c6b5c3f4192e.shtml,宿迁市生态环境局关于宿迁永宏气体有限公司年分装3500吨工业气体项目环境影响评价文件受理情况的公示,,宿迁市生态环境局,市本级,年分装3500吨工业气体项目,宿迁市宿城区耿车镇，北至规划南京路绿化带（20米）、东至规划经三路（12米）、南至空地、西至空地,宿城,宿迁永宏气体有限公司,,否,无
宿迁市,https://sthj.suqian.gov.cn/shbj/jsxm/xxgk_list.shtml,https://sthj.suqian.gov.cn/shbj/jsxm/202605/d33c8d5cf83f4603886665d90d87cd51.shtml,宿迁市生态环境局关于江苏洁润管业有限公司年产7万吨保温管项目环境影响评价文件受理情况的公示,,宿迁市生态环境局,市本级,年产7万吨保温管项目,江苏省宿迁市宿城经济开发区科创路58号,宿城,江苏洁润管业有限公司,,否,无
宿迁市,https://sthj.suqian.gov.cn/shbj/jsxm/xxgk_list.shtml,https://sthj.suqian.gov.cn/shbj/jsxm/202601/8e555aa4fc614aaea312f8079d12a5d1.shtml,宿迁市生态环境局关于江苏亿果香生物科技有限公司年产果酒2000吨，果蔬汁及饮料10000吨项目环境影响评价文件受理情况的公示,,宿迁市生态环境局,市本级,年产果酒2000吨，果蔬汁及饮料10000吨项目,江苏省宿迁市洋河新区现代农业产业园斯味特园区,洋河新区,江苏亿果香生物科技有限公司,,否,无
宿迁市,https://sthj.suqian.gov.cn/shbj/jsxm/xxgk_list.shtml,https://sthj.suqian.gov.cn/shbj/jsxm/202604/d6aa0a81102143adb523e978c6d73b0c.shtml,宿迁市生态环境局关于乐凯光电材料有限公司乐凯光电TAC功能膜涂布生产线项目环境影响评价文件受理情况的公示,,宿迁市生态环境局,市本级,乐凯光电TAC功能膜涂布生产线项目,江苏省宿迁市宿城经济开发区乐凯光电产业园西片区,宿城,乐凯光电材料有限公司,,否,无
宿迁市,https://sthj.suqian.gov.cn/shbj/jsxm/xxgk_list.shtml,https://sthj.suqian.gov.cn/shbj/jsxm/202604/91bff7c192a04548a844d17666c020fd.shtml,宿迁市生态环境局关于江苏帆航新材料科技有限公司年产1200万平方米新型涂层布项目环境影响评价文件受理情况的公示,,宿迁市生态环境局,市本级,年产1200万平方米新型涂层布项目,江苏省宿迁市宿豫区大兴富民产业园二期5号厂房,宿豫,江苏帆航新材料科技有限公司,,否,无
宿迁市,https://sthj.suqian.gov.cn/shbj/jsxm/xxgk_list.shtml,https://sthj.suqian.gov.cn/shbj/jsxm/202604/e0d7758edd084b2fac2c4b792662f43f.shtml,宿迁市生态环境局关于宿迁春之眠乳胶制品有限公司年产1000吨乳胶海绵项目环境影响评价文件受理情况的公示,,宿迁市生态环境局,市本级,年产1000吨乳胶海绵项目,江苏省宿迁市宿城区宿迁市耿车循环经济产业园C10#厂房,宿城,宿迁春之眠乳胶制品有限公司,,否,无
宿迁市,https://sthj.suqian.gov.cn/shbj/jsxm/xxgk_list.shtml,https://sthj.suqian.gov.cn/shbj/jsxm/202604/b3df563a4ecd4b1a8d51a1536088d574.shtml,宿迁市生态环境局关于江苏润民环境集团有限公司运河宿迁港产业园工业污水收集处理能力提升改造项目环境影响评价文件受理情况的公示,,宿迁市生态环境局,市本级,运河宿迁港产业园工业污水收集处理能力提升改造项目,运河宿迁港产业园七里大道西北侧洋北污水处理厂,运河港园区,江苏润民环境集团有限公司,,否,无
宿迁市,https://sthj.suqian.gov.cn/shbj/jsxm/xxgk_list.shtml,https://sthj.suqian.gov.cn/shbj/jsxm/202604/083c3187bf844fc88e259667287db46d.shtml,宿迁市生态环境局关于宿迁市新创新型材料有限公司年产30 万平方米高分子集成装饰新材料项目环境影响评价文件受理情况的公示,,宿迁市生态环境局,市本级,年产30 万平方米高分子集成装饰新材料项目,江苏省宿迁市洋河新区洋河镇王园村王官路南100米,洋河新区,宿迁市新创新型材料有限公司,,否,无
宿迁市,https://sthj.suqian.gov.cn/shbj/jsxm/xxgk_list.shtml,https://sthj.suqian.gov.cn/shbj/jsxm/202604/2a5634704f574a77a170bf4b500286cc.shtml,宿迁市生态环境局关于宿迁义能智科技有限公司年产900万片真空镀膜项目环境影响评价文件受理情况的公示,,宿迁市生态环境局,市本级,年产900万片真空镀膜项目,江苏省宿迁市宿豫区张家港宿豫工业园区双山路1号（宿迁市宿豫区张家港宿豫工业园区双山路北侧、高铁线西侧，海纳新材料有限公司东侧）,宿豫,宿迁义能智科技有限公司,,否,无
宿迁市,https://sthj.suqian.gov.cn/shbj/jsxm/xxgk_list.shtml,https://sthj.suqian.gov.cn/shbj/jsxm/202603/944d2eb3d39644498edca0e0d3424ef6.shtml,宿迁市生态环境局关于宿迁昶拓新材料有限公司年产1.5万吨免拆除塑料建筑模板项目环境影响评价文件受理情况的公示,,宿迁市生态环境局,市本级,年产1.5万吨免拆除塑料建筑模板项目,江苏省宿迁市耿车循环经济产业园3号地块9#厂房,耿车循环经济园区,宿迁昶拓新材料有限公司,,否,无
宿迁市,https://sthj.suqian.gov.cn/shbj/jsxm/xxgk_list.shtml,https://sthj.suqian.gov.cn/shbj/jsxm/202603/becbb7074d4d442287596e279acd7c91.shtml,宿迁市生态环境局关于江苏德康食品科技有限公司肉制品加工及冷链物流项目环境影响评价文件受理情况的公示,,宿迁市生态环境局,市本级,肉制品加工及冷链物流项目,江苏省宿迁市泗洪县江苏泗洪经济开发区金沙江路北侧、小康路西侧、太湖路南侧,泗洪,江苏德康食品科技有限公司,,否,无
宿迁市,https://sthj.suqian.gov.cn/shbj/jsxm/xxgk_list.shtml,https://sthj.suqian.gov.cn/shbj/jsxm/202603/6be5a50f4d5045d7a16690a2a4dd1bac.shtml,宿迁市生态环境局关于江苏旭通新材料科技有限公司年产4000吨ABS材料项目环境影响评价文件受理情况的公示,,宿迁市生态环境局,市本级,年产4000吨ABS材料项目,江苏省宿迁市宿豫区仰化镇经四路东侧（厂房E）,宿豫,江苏旭通新材料科技有限公司,,否,无
宿迁市,https://sthj.suqian.gov.cn/shbj/jsxm/xxgk_list.shtml,https://sthj.suqian.gov.cn/shbj/jsxm/202603/f5066fbe386643a18bdb4646c7181d1d.shtml,宿迁市生态环境局关于华纳（宿迁）新材料有限公司年产4800吨风电拉挤板加工成型项目、江苏大富包装有限公司年产 1000 吨塑料件项目、江苏弘亚钨钼新材料科技有限公司年产300吨钨钼材料项目环境影响评价文件受理情况的公示,,宿迁市生态环境局,市本级,年产4800吨风电拉挤板加工成型项目,江苏省宿迁市宿城区经济开发区西区科创路22号光电综合体四期C栋,宿城,华纳（宿迁）新材料有限公司,,否,无
宿迁市,https://sthj.suqian.gov.cn/shbj/jsxm/xxgk_list.shtml,https://sthj.suqian.gov.cn/shbj/jsxm/202603/f5066fbe386643a18bdb4646c7181d1d.shtml,宿迁市生态环境局关于华纳（宿迁）新材料有限公司年产4800吨风电拉挤板加工成型项目、江苏大富包装有限公司年产 1000 吨塑料件项目、江苏弘亚钨钼新材料科技有限公司年产300吨钨钼材料项目环境影响评价文件受理情况的公示,,宿迁市生态环境局,市本级,年产 1000 吨塑料件项目,宿迁市耿车镇循环经济产业园兴业路 66 号,耿车镇循环经济园区,江苏大富包装有限公司,,否,无
宿迁市,https://sthj.suqian.gov.cn/shbj/jsxm/xxgk_list.shtml,https://sthj.suqian.gov.cn/shbj/jsxm/202603/f5066fbe386643a18bdb4646c7181d1d.shtml,宿迁市生态环境局关于华纳（宿迁）新材料有限公司年产4800吨风电拉挤板加工成型项目、江苏大富包装有限公司年产 1000 吨塑料件项目、江苏弘亚钨钼新材料科技有限公司年产300吨钨钼材料项目环境影响评价文件受理情况的公示,,宿迁市生态环境局,市本级,年产300吨钨钼材料项目,江苏省宿迁市宿城经济开发区隆锦路北侧和经三路交叉口,宿城,江苏弘亚钨钼新材料科技有限公司,,否,无
宿迁市,https://sthj.suqian.gov.cn/shbj/jsxm/xxgk_list.shtml,https://sthj.suqian.gov.cn/shbj/jsxm/202603/901fe55f509e44a18de807c07f434e9c.shtml,宿迁市生态环境局关于江苏亚驰达新材料科技有限公司高端植绒面料、针织面料生产项目环境影响评价文件受理情况的公示,,宿迁市生态环境局,市本级,江苏亚驰达新材料科技有限公司高端植绒面料、针织面料生产项目,江苏省泗洪经济开发区太湖西路北侧,泗洪,江苏亚驰达新材料科技有限公司,,否,无
宿迁市,https://sthj.suqian.gov.cn/shbj/jsxm/xxgk_list.shtml,https://sthj.suqian.gov.cn/shbj/jsxm/202603/bcd378c90f8f49738463f63d71e97cca.shtml,宿迁市生态环境局关于江苏联阳纺织科技有限公司年产5000万米涂层布扩建项目、沃凯(宿迁)汽车零部件有限公司柱塞泵、刹车泵、离合器泵等汽车液压系统零部件技改扩建项目环境影响评价文件受理情况的公示,,宿迁市生态环境局,市本级,江苏联阳纺织科技有限公司年产5000万米涂层布扩建项目,江苏泗阳经济开发区吴江路南侧、顶品家居东侧,泗阳,江苏联阳纺织科技有限公司,,否,无
宿迁市,https://sthj.suqian.gov.cn/shbj/jsxm/xxgk_list.shtml,https://sthj.suqian.gov.cn/shbj/jsxm/202603/bcd378c90f8f49738463f63d71e97cca.shtml,宿迁市生态环境局关于江苏联阳纺织科技有限公司年产5000万米涂层布扩建项目、沃凯(宿迁)汽车零部件有限公司柱塞泵、刹车泵、离合器泵等汽车液压系统零部件技改扩建项目环境影响评价文件受理情况的公示,,宿迁市生态环境局,市本级,沃凯(宿迁)汽车零部件有限公司柱塞泵、刹车泵、离合器泵等汽车液压系统零部件技改扩建项目,江苏省泗洪经济开发区杭州西路29号,泗洪,沃凯(宿迁)汽车零部件有限公司,,否,无
宿迁市,https://sthj.suqian.gov.cn/shbj/jsxm/xxgk_list.shtml,https://sthj.suqian.gov.cn/shbj/jsxm/202602/d3367f077d2b4331a23413f8ee5444a7.shtml,宿迁市生态环境局关于江苏万鸿纺织科技有限公司高端家纺用品、白坯布、印染布生产项目、宿迁牧康肉食品有限公司年屠宰50万头生猪、1.5万头牛及加工项目环境影响评价文件受理情况的公示,,宿迁市生态环境局,市本级,高端家纺用品、白坯布、印染布生产项目,江苏泗洪经济开发区斯迪克大道东侧、太湖路南侧,泗洪,江苏万鸿纺织科技有限公司,,否,无
宿迁市,https://sthj.suqian.gov.cn/shbj/jsxm/xxgk_list.shtml,https://sthj.suqian.gov.cn/shbj/jsxm/202602/d3367f077d2b4331a23413f8ee5444a7.shtml,宿迁市生态环境局关于江苏万鸿纺织科技有限公司高端家纺用品、白坯布、印染布生产项目、宿迁牧康肉食品有限公司年屠宰50万头生猪、1.5万头牛及加工项目环境影响评价文件受理情况的公示,,宿迁市生态环境局,市本级,年屠宰50万头生猪、1.5万头牛及加工项目,江苏省宿迁市泗洪县瑶沟工业园区创业路南侧,泗洪,宿迁牧康肉食品有限公司,,否,无
宿迁市,https://sthj.suqian.gov.cn/shbj/jsxm/xxgk_list.shtml,https://sthj.suqian.gov.cn/shbj/jsxm/202602/e0a7487b838649aaaeccd30945ec92f3.shtml,宿迁市生态环境局关于宿迁市来明木业有限公司 年产35000立方米胶合板项目（重新报批）环境影响评价文件受理情况的公示,,宿迁市生态环境局,市本级,年产35000立方米胶合板项目（重新报批）,江苏省宿迁市宿城区陈集镇罗洋路南侧厂房,宿城,宿迁市来明木业有限公司,,否,无
宿迁市,https://sthj.suqian.gov.cn/shbj/jsxm/xxgk_list.shtml,https://sthj.suqian.gov.cn/shbj/jsxm/202602/4d65d2f1896f459da35d51df02407fc4.shtml,宿迁市生态环境局关于沭阳牧原农牧有限公司沭阳一场生猪养殖扩建项目、江苏金拓纺织科技有限公司白坯布、印染布、家纺用品生产项目、宿迁盛瑞新材料有限公司年产100吨紫外线吸收剂UV-1577、年产50吨离子交换树脂和250吨三氟甲磺酸钠项目环境影响评价文件受理情况的公示,,宿迁市生态环境局,市本级,沭阳一场生猪养殖扩建项目,江苏省宿迁市沭阳县潼阳镇潼北村,沭阳,沭阳牧原农牧有限公司,,否,无
宿迁市,https://sthj.suqian.gov.cn/shbj/jsxm/xxgk_list.shtml,https://sthj.suqian.gov.cn/shbj/jsxm/202602/4d65d2f1896f459da35d51df02407fc4.shtml,宿迁市生态环境局关于沭阳牧原农牧有限公司沭阳一场生猪养殖扩建项目、江苏金拓纺织科技有限公司白坯布、印染布、家纺用品生产项目、宿迁盛瑞新材料有限公司年产100吨紫外线吸收剂UV-1577、年产50吨离子交换树脂和250吨三氟甲磺酸钠项目环境影响评价文件受理情况的公示,,宿迁市生态环境局,市本级,白坯布、印染布、家纺用品生产项目,江苏泗洪经济开发区太湖路南侧、开发大道西侧 600 米,泗洪,江苏金拓纺织科技有限公司,,否,无
宿迁市,https://sthj.suqian.gov.cn/shbj/jsxm/xxgk_list.shtml,https://sthj.suqian.gov.cn/shbj/jsxm/202602/4d65d2f1896f459da35d51df02407fc4.shtml,宿迁市生态环境局关于沭阳牧原农牧有限公司沭阳一场生猪养殖扩建项目、江苏金拓纺织科技有限公司白坯布、印染布、家纺用品生产项目、宿迁盛瑞新材料有限公司年产100吨紫外线吸收剂UV-1577、年产50吨离子交换树脂和250吨三氟甲磺酸钠项目环境影响评价文件受理情况的公示,,宿迁市生态环境局,市本级,年产100吨紫外线吸收剂UV-1577、年产50吨离子交换树脂和250吨三氟甲磺酸钠项目,宿迁生态化工科技产业园扬子路89号（现有厂区内）,本级园区,宿迁盛瑞新材料有限公司,,否,无
宿迁市,https://sthj.suqian.gov.cn/shbj/jsxm/xxgk_list.shtml,https://sthj.suqian.gov.cn/shbj/jsxm/202602/d8ad271b76d845258a95587fd324731a.shtml,宿迁市生态环境局关于宿迁和邦包装材料有限公司年产500万支玻璃瓶项目、宿迁汇聚木业有限公司供热技术改造项目环境影响评价文件受理情况的公示,,宿迁市生态环境局,市本级,年产500万支玻璃瓶项目,江苏省宿迁市洋河新区洋河镇工业园区兴洋路118号（江苏苏典酒业有限公司院内）,洋河新区,宿迁和邦包装材料有限公司,,否,无
宿迁市,https://sthj.suqian.gov.cn/shbj/jsxm/xxgk_list.shtml,https://sthj.suqian.gov.cn/shbj/jsxm/202602/d8ad271b76d845258a95587fd324731a.shtml,宿迁市生态环境局关于宿迁和邦包装材料有限公司年产500万支玻璃瓶项目、宿迁汇聚木业有限公司供热技术改造项目环境影响评价文件受理情况的公示,,宿迁市生态环境局,市本级,供热技术改造项目,宿迁市宿城区罗圩乡工业集中区罗陈路南侧标准厂房,宿城,宿迁汇聚木业有限公司,,否,无
宿迁市,https://sthj.suqian.gov.cn/shbj/jsxm/xxgk_list.shtml,https://sthj.suqian.gov.cn/shbj/jsxm/202602/47f5dca34d35408da61551669cc19504.shtml,宿迁市生态环境局关于江苏盛牌新材料有限公司重组装饰材、重组装饰单板技术改造项目、 国家能源集团宿迁发电有限公司国能宿迁公司涧南风电项目环境影响评价文件受理情况的公示,,宿迁市生态环境局,市本级,重组装饰材、重组装饰单板技术改造项目,江苏省宿迁市宿城区运河宿迁港产业园中顺路1号,宿城,江苏盛牌新材料有限公司,,否,无
宿迁市,https://sthj.suqian.gov.cn/shbj/jsxm/xxgk_list.shtml,https://sthj.suqian.gov.cn/shbj/jsxm/202602/47f5dca34d35408da61551669cc19504.shtml,宿迁市生态环境局关于江苏盛牌新材料有限公司重组装饰材、重组装饰单板技术改造项目、 国家能源集团宿迁发电有限公司国能宿迁公司涧南风电项目环境影响评价文件受理情况的公示,,宿迁市生态环境局,市本级,国能宿迁公司涧南风电项目,江苏省（自治区）宿迁市宿城区（区）洋北（街道）,宿城,国家能源集团宿迁发电有限公司,,否,无
宿迁市,https://sthj.suqian.gov.cn/shbj/jsxm/xxgk_list.shtml,https://sthj.suqian.gov.cn/shbj/jsxm/202601/76a7c1079f00472a80dd172876d3f9d5.shtml,宿迁市生态环境局关于宿迁市新旺金属制品有限公司年产200万套搪瓷系列产品建设项目、江苏果鲜萃生物科技有限公司年产7000吨秋梨膏、梨碗、梨罐头项目、年产20万吨水稳料、江苏康巨再生资源科技有限公司30万吨新型路基料项目、宿迁沅航环保科技有限公司年加工5000套金属制品项目、胜美达电子宿迁有限公司年产1800个低频变压器环境影响评价文件受理情况的公示,,宿迁市生态环境局,市本级,年产200万套搪瓷系列产品建设项目,江苏省宿豫区来龙功能高分子材料产业园C3栋,宿豫,宿迁市新旺金属制品有限公司,,否,无
宿迁市,https://sthj.suqian.gov.cn/shbj/jsxm/xxgk_list.shtml,https://sthj.suqian.gov.cn/shbj/jsxm/202601/76a7c1079f00472a80dd172876d3f9d5.shtml,宿迁市生态环境局关于宿迁市新旺金属制品有限公司年产200万套搪瓷系列产品建设项目、江苏果鲜萃生物科技有限公司年产7000吨秋梨膏、梨碗、梨罐头项目、年产20万吨水稳料、江苏康巨再生资源科技有限公司30万吨新型路基料项目、宿迁沅航环保科技有限公司年加工5000套金属制品项目、胜美达电子宿迁有限公司年产1800个低频变压器环境影响评价文件受理情况的公示,,宿迁市生态环境局,市本级,年产7000吨秋梨膏、梨碗、梨罐头项目,江苏省宿迁市宿豫区张家港宿豫工业园区豫顺科技园3号厂房,宿豫,江苏果鲜萃生物科技有限公司,,否,无
宿迁市,https://sthj.suqian.gov.cn/shbj/jsxm/xxgk_list.shtml,https://sthj.suqian.gov.cn/shbj/jsxm/202601/76a7c1079f00472a80dd172876d3f9d5.shtml,宿迁市生态环境局关于宿迁市新旺金属制品有限公司年产200万套搪瓷系列产品建设项目、江苏果鲜萃生物科技有限公司年产7000吨秋梨膏、梨碗、梨罐头项目、年产20万吨水稳料、江苏康巨再生资源科技有限公司30万吨新型路基料项目、宿迁沅航环保科技有限公司年加工5000套金属制品项目、胜美达电子宿迁有限公司年产1800个低频变压器环境影响评价文件受理情况的公示,,宿迁市生态环境局,市本级,年产20万吨水稳料、30万吨新型路基料项目,宿迁市宿豫区来龙镇工业集中区卧龙路南侧,宿豫,江苏康巨再生资源科技有限公司,,否,无
宿迁市,https://sthj.suqian.gov.cn/shbj/jsxm/xxgk_list.shtml,https://sthj.suqian.gov.cn/shbj/jsxm/202601/76a7c1079f00472a80dd172876d3f9d5.shtml,宿迁市生态环境局关于宿迁市新旺金属制品有限公司年产200万套搪瓷系列产品建设项目、江苏果鲜萃生物科技有限公司年产7000吨秋梨膏、梨碗、梨罐头项目、年产20万吨水稳料、江苏康巨再生资源科技有限公司30万吨新型路基料项目、宿迁沅航环保科技有限公司年加工5000套金属制品项目、胜美达电子宿迁有限公司年产1800个低频变压器环境影响评价文件受理情况的公示,,宿迁市生态环境局,市本级,年加工5000套金属制品项目,江苏省宿迁市宿城区埠子镇民营工业园区兴园路17号,宿城,宿迁沅航环保科技有限公司,,否,无
宿迁市,https://sthj.suqian.gov.cn/shbj/jsxm/xxgk_list.shtml,https://sthj.suqian.gov.cn/shbj/jsxm/202601/76a7c1079f00472a80dd172876d3f9d5.shtml,宿迁市生态环境局关于宿迁市新旺金属制品有限公司年产200万套搪瓷系列产品建设项目、江苏果鲜萃生物科技有限公司年产7000吨秋梨膏、梨碗、梨罐头项目、年产20万吨水稳料、江苏康巨再生资源科技有限公司30万吨新型路基料项目、宿迁沅航环保科技有限公司年加工5000套金属制品项目、胜美达电子宿迁有限公司年产1800个低频变压器环境影响评价文件受理情况的公示,,宿迁市生态环境局,市本级,年产1800个低频变压器,江苏省宿迁市宿城区埠子镇工业园区A2栋厂房,宿城,胜美达电子宿迁有限公司,,否,无
宿迁市,https://sthj.suqian.gov.cn/shbj/jsxm/xxgk_list.shtml,https://sthj.suqian.gov.cn/shbj/jsxm/202601/5d22f543c0f747caba81604cf573b20b.shtml,宿迁市生态环境局关于江苏晴塬智能制造有限公司年产1万套充电桩设备项目环境影响评价文件受理情况的公示,,宿迁市生态环境局,市本级,年产1万套充电桩设备项目,宿迁市宿城经济开发区纬二路6号3号厂房,宿城,江苏晴塬智能制造有限公司,,否,无
宿迁市,https://sthj.suqian.gov.cn/shbj/jsxm/xxgk_list.shtml,https://sthj.suqian.gov.cn/shbj/jsxm/202601/7445e0a9a8304a67b22c04d1d03b2818.shtml,宿迁市生态环境局关于安瑞森（宿迁）电子材料有限公司年产3.62万吨超高纯湿电子化学品、60万标方电子气体、0.53万吨电子特气及联产1.5万吨工业级产品项目环境影响评价文件受理情况的公示,,宿迁市生态环境局,市本级,年产3.62万吨超高纯湿电子化学品、60万标方电子气体、0.53万吨电子特气及联产1.5万吨工业级产品项目,宿迁市宿豫区宿迁生态化工科技产业园规划路8号,宿豫,安瑞森（宿迁）电子材料有限公司,,否,无
宿迁市,https://sthj.suqian.gov.cn/shbj/jsxm/xxgk_list.shtml,https://sthj.suqian.gov.cn/shbj/jsxm/202601/7940b6a12bba46bfb73ee59a25e77d2f.shtml,宿迁市生态环境局关于宿迁市飞虎毛毯有限公司年产100万条毛毯、15万条地毯和60万套床上套件生产线技术改造项目环境影响评价文件受理情况的公示,,宿迁市生态环境局,市本级,年产100万条毛毯、15万条地毯和60万套床上套件生产线技术改造,宿城经济技术开发区西片区古城路6号,宿城,宿迁市飞虎毛毯有限公司,,否,无
宿迁市,https://sthj.suqian.gov.cn/shbj/jsxm/xxgk_list.shtml,https://sthj.suqian.gov.cn/shbj/jsxm/202601/3e2449d9d53c45d8801180b2ac63e5e4.shtml,宿迁市生态环境局关于宿迁市沭阳港口发展有限公司宿迁港沭阳港区贤官码头工程环境影响评价文件受理情况的公示,,宿迁市生态环境局,市本级,宿迁港沭阳港区贤官码头工程,于宿迁市沭阳县贤官镇宿连航道右岸，贤官大桥上游 200 米～600 米，规划港口岸线 400 米,沭阳,宿迁市沭阳港口发展有限公司,,否,无
宿迁市,https://sthj.suqian.gov.cn/shbj/jsxm/xxgk_list.shtml,https://sthj.suqian.gov.cn/shbj/jsxm/202601/8844e4aa64e34b1881997f33f36f3772.shtml,宿迁市生态环境局关于江苏中谊新材有限公司年产300万套空调连接管制造项目环境影响评价文件受理情况的公示,,宿迁市生态环境局,市本级,年产300万套空调连接管制造项目,江苏省宿迁市宿豫区来龙镇新材料产业园,宿豫,江苏中谊新材有限公司,,否,无
